file,backend,algorithm,dtype,size,tag,real_time_ns,cpu_time_ns,gbps,repetitions
exa03_gnu.json,GNU-OMP,find,double,8,,28.574370915234415,70.6936106494903,7559200326.830162,11
exa03_gnu.json,GNU-OMP,find,double,16,,31.07510085747665,75.73616139922062,13121384097.374779,11
exa03_gnu.json,GNU-OMP,find,double,32,,36.268774731720264,88.43494960363373,21818686545.032524,11
exa03_gnu.json,GNU-OMP,find,double,64,,45.968602746087385,113.93905425638816,33933784379.113148,11
exa03_gnu.json,GNU-OMP,find,double,128,,66.16357612947351,159.65184539902543,46790427176.58632,11
exa03_gnu.json,GNU-OMP,find,double,256,,107.36857409847411,249.7127543348169,57436781734.03703,11
exa03_gnu.json,GNU-OMP,find,double,512,,15083.685714285713,15646.914285533901,801100555.8550688,11
exa03_gnu.json,GNU-OMP,find,double,1024,,21233.898111856786,22118.698463832887,1156826224.4208772,11
exa03_gnu.json,GNU-OMP,find,double,2048,,25142.077421678197,26802.314944184294,1953978428.898623,11
exa03_gnu.json,GNU-OMP,find,double,4096,,26983.76566483846,30116.6486904116,3635596240.7193346,11
exa03_gnu.json,GNU-OMP,find,double,8192,,28163.06104844599,34286.018859044,6980098042.577171,11
exa03_gnu.json,GNU-OMP,find,double,16384,,28581.513666879775,40634.93334398979,13718529347.833296,11
exa03_gnu.json,GNU-OMP,find,double,32768,,29459.76712664046,53319.58056294045,26678908063.379852,11
exa03_gnu.json,GNU-OMP,find,double,65536,,30008.58616277068,77576.00870158651,52327162132.663246,11
exa03_gnu.json,GNU-OMP,find,double,131072,,29983.073914343124,124955.5962252873,104524529443.895,11
exa03_gnu.json,GNU-OMP,find,double,262144,,31748.649919253636,221560.95446797056,198114765200.13077,11
exa03_gnu.json,GNU-OMP,find,double,524288,,34721.40488794331,413803.42116459605,361728878666.41846,11
exa03_gnu.json,GNU-OMP,find,double,1048576,,42584.34544334975,800583.4808497533,585135323228.2018,11
exa03_gnu.json,GNU-OMP,find,double,2097152,,54397.98390202569,1574414.5048910116,925059362649.3798,11
exa03_gnu.json,GNU-OMP,find,double,4194304,,92499.75544698263,3212118.827650867,1087853785770.6124,11
exa03_gnu.json,GNU-OMP,find,double,8388608,,291840.74893616966,6636493.082382975,689745145158.6523,11
exa03_gnu.json,GNU-OMP,find,double,16777216,,1229558.4458804526,14037166.81421658,306341007968.17377,11
exa03_gnu.json,GNU-OMP,find,double,33554432,,6687954.859999999,30281387.499999255,114896331373.99243,11
exa03_gnu.json,GNU-OMP,find,double,67108864,,11230038.669999992,58323592.510000706,133196042999.72554,11
exa03_gnu.json,GNU-OMP,find,double,134217728,,17608766.36363636,111493072.97727194,173312935210.269,11
exa03_gnu.json,GNU-OMP,find,double,268435456,,31462579.941176463,230363291.64706197,196885424346.18842,11
exa03_gnu.json,GNU-OMP,for_each,double,8,,26.301367374200055,49.87856853280885,8212091033.052498,11
exa03_gnu.json,GNU-OMP,for_each,double,16,,33.85740905928252,57.42345701043758,12049596017.349506,11
exa03_gnu.json,GNU-OMP,for_each,double,32,,49.06589137724424,72.62847881573384,16141064744.687809,11
exa03_gnu.json,GNU-OMP,for_each,double,64,,79.37560754555741,102.94621683025609,19651200459.96236,11
exa03_gnu.json,GNU-OMP,for_each,double,128,,144.0301036182336,167.40528126817384,21481640405.984505,11
exa03_gnu.json,GNU-OMP,for_each,double,256,,265.34858435196986,288.6790312108788,23221693082.355766,11
exa03_gnu.json,GNU-OMP,for_each,double,512,,509.4063239606875,532.922438092598,24169084215.204216,11
exa03_gnu.json,GNU-OMP,for_each,double,1024,,117773.52779487151,117918.45025639376,206343945.6304173,11
exa03_gnu.json,GNU-OMP,for_each,double,2048,,117389.88693761511,117536.51296205065,418887455.5180438,11
exa03_gnu.json,GNU-OMP,for_each,double,4096,,116835.77595591938,116982.08008014566,841573426.9460886,11
exa03_gnu.json,GNU-OMP,for_each,double,8192,,117503.50503693754,117651.09654131446,1667815171.2235446,11
exa03_gnu.json,GNU-OMP,for_each,double,16384,,117940.51490149862,118088.17309310527,3332168142.1773863,11
exa03_gnu.json,GNU-OMP,for_each,double,32768,,120268.55893287432,120418.12013769321,6537448801.606677,11
exa03_gnu.json,GNU-OMP,for_each,double,65536,,124639.69937888198,124799.47879324583,12563710937.395706,11
exa03_gnu.json,GNU-OMP,for_each,double,131072,,134253.58817885234,134384.86912302565,23425668888.38904,11
exa03_gnu.json,GNU-OMP,for_each,double,262144,,146042.9330413016,146174.4276178642,43074556198.99469,11
exa03_gnu.json,GNU-OMP,for_each,double,524288,,170099.5656488549,170233.52748093035,73964484133.0388,11
exa03_gnu.json,GNU-OMP,for_each,double,1048576,,220414.0052992524,220544.20916459462,114015801250.09102,11
exa03_gnu.json,GNU-OMP,for_each,double,2097152,,323828.88275862084,323959.1039080593,155264127834.42493,11
exa03_gnu.json,GNU-OMP,for_each,double,4194304,,535560.1969696971,535714.6212121093,187952017138.68857,11
exa03_gnu.json,GNU-OMP,for_each,double,8388608,,1072692.4802867393,1072838.863799347,185818936786.2561,11
exa03_gnu.json,GNU-OMP,for_each,double,16777216,,4297168.685185185,4297326.345679576,93604508447.56625,11
exa03_gnu.json,GNU-OMP,for_each,double,33554432,,10491884.149253728,10491089.552238686,76591599212.7179,11
exa03_gnu.json,GNU-OMP,for_each,double,67108864,,22625914.967741933,22626264.161288183,71182453702.80911,11
exa03_gnu.json,GNU-OMP,for_each,double,134217728,,46522437.4,46522938.20000371,69236911954.99702,11
exa03_gnu.json,GNU-OMP,for_each,double,268435456,,93409265.625,93394624.37499435,68969891310.051,11
exa03_gnu.json,GNU-OMP,reduce,double,8,,28.40473176952807,54.20443380309687,7602766389.039624,11
exa03_gnu.json,GNU-OMP,reduce,double,16,,39.00440828481984,64.79722021673076,10459659612.649572,11
exa03_gnu.json,GNU-OMP,reduce,double,32,,61.734240006083226,87.61127766369519,12828097135.468927,11
exa03_gnu.json,GNU-OMP,reduce,double,64,,107.42825985983283,133.3671863306758,14479160118.59326,11
exa03_gnu.json,GNU-OMP,reduce,double,128,,198.75106047823797,224.70785332796675,15574960389.61991,11
exa03_gnu.json,GNU-OMP,reduce,double,256,,379.90596580833176,405.8048181295722,16223770401.178898,11
exa03_gnu.json,GNU-OMP,reduce,double,512,,743.764994074009,769.6287808345189,16546865249.997456,11
exa03_gnu.json,GNU-OMP,reduce,double,1024,,31675.21280544391,31830.504897413564,775902391.4314178,11
exa03_gnu.json,GNU-OMP,reduce,double,2048,,31611.384566758403,31763.613536825782,1555153244.459009,11
exa03_gnu.json,GNU-OMP,reduce,double,4096,,31538.60199900932,31691.97118544846,3114046788.44291,11
exa03_gnu.json,GNU-OMP,reduce,double,8192,,31604.971943128017,31760.922654030473,6220574660.163383,11
exa03_gnu.json,GNU-OMP,reduce,double,16384,,31721.252516093973,31873.175537217063,12394875537.691607,11
exa03_gnu.json,GNU-OMP,reduce,double,32768,,32001.220327508938,32156.999414508893,24562234917.95162,11
exa03_gnu.json,GNU-OMP,reduce,double,65536,,32562.959940445937,32715.38184525258,48295781610.376434,11
exa03_gnu.json,GNU-OMP,reduce,double,131072,,33970.31786182453,34115.59222217147,92569603623.21056,11
exa03_gnu.json,GNU-OMP,reduce,double,262144,,36743.330340264736,36886.66110061015,171197880225.3474,11
exa03_gnu.json,GNU-OMP,reduce,double,524288,,42938.168106882404,43083.409940552476,291931099074.99963,11
exa03_gnu.json,GNU-OMP,reduce,double,1048576,,54847.38073178392,54998.60332914947,458634380191.9848,11
exa03_gnu.json,GNU-OMP,reduce,double,2097152,,78978.93838079293,79094.04377442635,636945239331.9375,11
exa03_gnu.json,GNU-OMP,reduce,double,4194304,,129998.24994571114,130076.7425262403,773845920480.528,11
exa03_gnu.json,GNU-OMP,reduce,double,8388608,,280901.64485538215,281159.0199146384,685533871347.5946,11
exa03_gnu.json,GNU-OMP,reduce,double,16777216,,1173593.759515571,1173986.4394464416,339943837622.19165,11
exa03_gnu.json,GNU-OMP,reduce,double,33554432,,2938017.8808510634,2938454.9531917577,273886443686.21585,11
exa03_gnu.json,GNU-OMP,reduce,double,67108864,,6480202.892156861,6480674.882352871,248504644062.52042,11
exa03_gnu.json,GNU-OMP,reduce,double,134217728,,13442992.719999999,13443585.019999772,239547922123.9886,11
exa03_gnu.json,GNU-OMP,reduce,double,268435456,,27261974.792000003,27261766.008000452,236189998507.02588,11
exa03_gnu.json,GNU-OMP,sort,double,8,,86.08420938055794,218.23659380462163,2509103735.5316367,11
exa03_gnu.json,GNU-OMP,sort,double,16,,195.23945173107197,431.7978982455364,2089379534.1609156,11
exa03_gnu.json,GNU-OMP,sort,double,32,,584.7554110085646,1040.1045768866902,1354335310.0162644,11
exa03_gnu.json,GNU-OMP,sort,double,64,,1396.093010688328,2266.290984685453,1117403731.0902479,11
exa03_gnu.json,GNU-OMP,sort,double,128,,3243.9198110101333,4940.877283665441,954387235.8289299,11
exa03_gnu.json,GNU-OMP,sort,double,256,,7392.418004099971,10742.303516707178,834274040.3227204,11
exa03_gnu.json,GNU-OMP,sort,double,512,,16548.008130465587,23185.683006379302,743953213.0681757,11
exa03_gnu.json,GNU-OMP,sort,double,1024,,124433.5401459856,147074.36496348892,195095464.7764149,11
exa03_gnu.json,GNU-OMP,sort,double,2048,,143882.46443089444,187310.31686990158,341596451.52855927,11
exa03_gnu.json,GNU-OMP,sort,double,4096,,171494.4015884474,258209.4200722149,572836769.2228569,11
exa03_gnu.json,GNU-OMP,sort,double,8192,,203049.30960648207,377423.018518549,967864034.7449249,11
exa03_gnu.json,GNU-OMP,sort,double,16384,,243064.5149914238,595304.0281303095,1617374171.1394522,11
exa03_gnu.json,GNU-OMP,sort,double,32768,,310592.2446808504,1035562.4929078778,2527389762.325811,11
exa03_gnu.json,GNU-OMP,sort,double,65536,,424297.7546353525,2451345.802842916,3692135701.5179086,11
exa03_gnu.json,GNU-OMP,sort,double,131072,,635074.7186932851,4780576.7840289995,4949933731.27254,11
exa03_gnu.json,GNU-OMP,sort,double,262144,,1000790.5965763191,10026003.617689025,6279557690.890877,11
exa03_gnu.json,GNU-OMP,sort,double,524288,,1967290.9584905654,20626123.92830213,6315945590.137119,11
exa03_gnu.json,GNU-OMP,sort,double,1048576,,3683396.4666666677,36652262.24242443,5072565272.476308,11
exa03_gnu.json,GNU-OMP,sort,double,2097152,,19329069.4,88316832.3999988,2566903630.3624244,11
exa03_gnu.json,GNU-OMP,sort,double,4194304,,35944150.85714285,179073640.1714271,2790746198.846016,11
exa03_gnu.json,GNU-OMP,sort,double,8388608,,71012246.71428572,415442887.9142806,2815971704.641141,11
exa03_gnu.json,GNU-OMP,sort,double,16777216,,112647129.0,946722645.2500198,3544265673.2463756,11
exa03_gnu.json,GNU-OMP,sort,double,33554432,,196081933.66666666,2068335568.599984,4103937766.5939465,11
exa03_gnu.json,GNU-OMP,sort,double,67108864,,357313758.0,3873605676.999887,4501948361.624665,11
exa03_gnu.json,GNU-OMP,sort,double,134217728,,826243164.0000001,9518647821.00006,3809014029.1739407,11
exa03_gnu.json,GNU-OMP,sort,double,268435456,,1380804219.4,19875679063.20005,4659367990.025144,11
exa03_gnu.json,GNU-OMP,inclusive_scan,double,8,,20274.10568041457,20414.102916405987,10625404.213059418,16
exa03_gnu.json,GNU-OMP,inclusive_scan,double,16,,30146.56280882891,30291.63064283136,13512194.926370762,16
exa03_gnu.json,GNU-OMP,inclusive_scan,double,32,,36471.961253792004,36605.30643241969,21671670.7733227,16
exa03_gnu.json,GNU-OMP,inclusive_scan,double,64,,39843.96524760487,39970.06272839749,39134178.99174434,16
exa03_gnu.json,GNU-OMP,inclusive_scan,double,128,,45530.20641825393,45649.94606040706,67969862.55860884,16
exa03_gnu.json,GNU-OMP,inclusive_scan,double,256,,55950.00764578649,56069.71053748803,110104752.71356747,16
exa03_gnu.json,GNU-OMP,inclusive_scan,double,512,,56392.71320618923,56512.074267322285,217884709.83278316,16
exa03_gnu.json,GNU-OMP,inclusive_scan,double,1024,,56106.90734051524,56223.0894657802,438013445.1244421,16
exa03_gnu.json,GNU-OMP,inclusive_scan,double,2048,,56056.202259909696,56168.83430062793,876805638.5496074,16
exa03_gnu.json,GNU-OMP,inclusive_scan,double,4096,,56142.36956739641,56263.07594018149,1749243743.9277406,16
exa03_gnu.json,GNU-OMP,inclusive_scan,double,8192,,61642.1247652422,61800.01177157703,3152294342.4732623,16
exa03_gnu.json,GNU-OMP,inclusive_scan,double,16384,,61541.34737725682,61670.7346603302,6384515072.340727,16
exa03_gnu.json,GNU-OMP,inclusive_scan,double,32768,,64245.03865932212,64375.6326278748,12228205096.963089,16
exa03_gnu.json,GNU-OMP,inclusive_scan,double,65536,,68250.57008246396,68378.58609022562,23041252373.40846,16
exa03_gnu.json,GNU-OMP,inclusive_scan,double,131072,,74712.23590480807,74843.35649257296,42045272003.083374,16
exa03_gnu.json,GNU-OMP,inclusive_scan,double,262144,,88392.88816741145,88523.90126407161,71139019670.99185,16
exa03_gnu.json,GNU-OMP,inclusive_scan,double,524288,,124652.1783007927,124783.9830614246,100892122257.10204,16
exa03_gnu.json,GNU-OMP,inclusive_scan,double,1048576,,201807.92761581737,201940.91672680154,124667312275.95941,16
exa03_gnu.json,GNU-OMP,inclusive_scan,double,2097152,,360121.0460392053,360266.16748120193,139735524048.99222,16
exa03_gnu.json,GNU-OMP,inclusive_scan,double,4194304,,1769943.9094663272,1770025.7050825953,56828688378.47215,16
exa03_gnu.json,GNU-OMP,inclusive_scan,double,8388608,,5108025.755128207,5107456.738278395,39379892166.50455,16
exa03_gnu.json,GNU-OMP,inclusive_scan,double,16777216,,13566654.007575754,13565523.853535155,29414019945.713333,16
exa03_gnu.json,GNU-OMP,inclusive_scan,double,33554432,,28320187.973999996,28314442.53500058,28427809899.73628,16
exa03_gnu.json,GNU-OMP,inclusive_scan,double,67108864,,65214016.30681819,65165326.147727855,24664961172.454803,16
exa03_gnu.json,GNU-OMP,inclusive_scan,double,134217728,,119142326.10416669,119025405.45833299,27029110665.816856,16
exa03_gnu.json,GNU-OMP,inclusive_scan,double,268435456,,217296177.0,217220030.75000203,29636694287.534225,16
exa03_gnu_gcc12.json,GNU-OMP,inclusive_scan,double,8,,20448.058688486366,20609.29336826491,10538500.5565508,16
exa03_gnu_gcc12.json,GNU-OMP,inclusive_scan,double,16,,30550.45695104742,30710.54399978291,13346207.728382211,16
exa03_gnu_gcc12.json,GNU-OMP,inclusive_scan,double,32,,36110.30307270444,36263.3640488455,21923482.85714324,16
exa03_gnu_gcc12.json,GNU-OMP,inclusive_scan,double,64,,39116.18160493473,39244.60013987582,39846863.378896624,16
exa03_gnu_gcc12.json,GNU-OMP,inclusive_scan,double,128,,45119.27649741901,45245.1294630394,68547075.88744134,16
exa03_gnu_gcc12.json,GNU-OMP,inclusive_scan,double,256,,55146.093764292964,55278.68043135379,111626950.67621534,16
exa03_gnu_gcc12.json,GNU-OMP,inclusive_scan,double,512,,55814.07024441468,55939.43083504999,220485731.0021295,16
exa03_gnu_gcc12.json,GNU-OMP,inclusive_scan,double,1024,,55651.36994035756,55778.38226640153,441274460.7315247,16
exa03_gnu_gcc12.json,GNU-OMP,inclusive_scan,double,2048,,55811.21936429055,55941.90001818612,880542123.7412441,16
exa03_gnu_gcc12.json,GNU-OMP,inclusive_scan,double,4096,,56196.29264448714,56322.19014113114,1745282364.244433,16
exa03_gnu_gcc12.json,GNU-OMP,inclusive_scan,double,8192,,61739.79131674691,61919.703866708056,3138849804.6188374,16
exa03_gnu_gcc12.json,GNU-OMP,inclusive_scan,double,16384,,61067.26319396274,61209.899002429025,6432788781.6229925,16
exa03_gnu_gcc12.json,GNU-OMP,inclusive_scan,double,32768,,63576.386513455116,63724.08808921883,12368726997.064785,16
exa03_gnu_gcc12.json,GNU-OMP,inclusive_scan,double,65536,,67844.91155994251,67990.05655031296,23175061902.90712,16
exa03_gnu_gcc12.json,GNU-OMP,inclusive_scan,double,131072,,74805.35377383459,74957.65948093237,42018601809.96873,16
exa03_gnu_gcc12.json,GNU-OMP,inclusive_scan,double,262144,,87833.52246167345,87985.88431452692,71401737280.37274,16
exa03_gnu_gcc12.json,GNU-OMP,inclusive_scan,double,524288,,124174.206528479,124321.42342102922,101259467713.1897,16
exa03_gnu_gcc12.json,GNU-OMP,inclusive_scan,double,1048576,,201859.01225666882,202003.6856885394,124570036897.22629,16
exa03_gnu_gcc12.json,GNU-OMP,inclusive_scan,double,2097152,,359712.9954262759,359875.16052086325,139789783789.55414,16
exa03_gnu_gcc12.json,GNU-OMP,inclusive_scan,double,4194304,,1930792.2784626037,1930787.059418303,52115384447.15265,16
exa03_gnu_gcc12.json,GNU-OMP,inclusive_scan,double,8388608,,5633002.213306453,5632637.748991985,35665650812.91847,16
exa03_gnu_gcc12.json,GNU-OMP,inclusive_scan,double,16777216,,12986503.452358492,12984835.682075467,30938036095.88697,16
exa03_gnu_gcc12.json,GNU-OMP,inclusive_scan,double,33554432,,27363815.643269233,27358749.100961328,29418999673.036545,16
exa03_gnu_gcc12.json,GNU-OMP,inclusive_scan,double,67108864,,54457912.23076925,54451522.250000894,29546922529.334854,16
exa03_gnu_gcc12.json,GNU-OMP,inclusive_scan,double,134217728,,107793375.60714285,107761091.42857137,29863361509.3382,16
exa03_gnu_gcc12.json,GNU-OMP,inclusive_scan,double,268435456,,140341931.25000003,140066385.07499784,45649783286.737656,16
exa03_tbb.json,GNU-TBB,find,double,8,,10797.830575421438,10957.31250157944,19987344.722228907,11
exa03_tbb.json,GNU-TBB,find,double,16,,14487.658681549572,14670.18595053237,28126620.208363447,11
exa03_tbb.json,GNU-TBB,find,double,32,,15564.16318207922,15756.290840807662,50851794.06681537,11
exa03_tbb.json,GNU-TBB,find,double,64,,15126.062664505615,15360.08098973528,103026275.27669555,11
exa03_tbb.json,GNU-TBB,find,double,128,,17057.89161447468,17332.3659409484,180687856.71438468,11
exa03_tbb.json,GNU-TBB,find,double,256,,20728.473123530006,21085.15105249054,296870422.3614495,11
exa03_tbb.json,GNU-TBB,find,double,512,,24390.361779924136,24935.431873059722,504566280.4293883,11
exa03_tbb.json,GNU-TBB,find,double,1024,,26753.440481340196,27674.83912068899,912948990.6654189,11
exa03_tbb.json,GNU-TBB,find,double,2048,,30178.18570446736,31870.1034278351,1629288543.6832297,11
exa03_tbb.json,GNU-TBB,find,double,4096,,33688.70496447086,36928.286489341575,2912564211.9536805,11
exa03_tbb.json,GNU-TBB,find,double,8192,,34373.65511972972,40695.480750208226,5717568912.516467,11
exa03_tbb.json,GNU-TBB,find,double,16384,,35051.11010221311,47532.532896695164,11211447359.668768,11
exa03_tbb.json,GNU-TBB,find,double,32768,,35021.66989463127,59824.23584545908,22455330468.72322,11
exa03_tbb.json,GNU-TBB,find,double,65536,,36567.3350555059,86139.33213026782,42851274764.01078,11
exa03_tbb.json,GNU-TBB,find,double,131072,,53464.21111790797,157097.334317174,58621243260.71802,11
exa03_tbb.json,GNU-TBB,find,double,262144,,76582.81196140035,287820.48173249577,80857181737.37943,11
exa03_tbb.json,GNU-TBB,find,double,524288,,99667.08278500382,482932.81300688453,125859290891.71211,11
exa03_tbb.json,GNU-TBB,find,double,1048576,,139875.35107313207,887269.5030206684,179060270939.80988,11
exa03_tbb.json,GNU-TBB,find,double,2097152,,190187.84619955433,1611134.454766031,261395707005.3152,11
exa03_tbb.json,GNU-TBB,find,double,4194304,,323054.02460117533,3026595.029051218,306944942439.093,11
exa03_tbb.json,GNU-TBB,find,double,8388608,,727709.7884416906,6114230.850361221,276422574418.7709,11
exa03_tbb.json,GNU-TBB,find,double,16777216,,1466544.5813953492,11636382.665116282,274014335118.0397,11
exa03_tbb.json,GNU-TBB,find,double,33554432,,3074893.1972477064,22759350.322018363,261181100665.7028,11
exa03_tbb.json,GNU-TBB,find,double,67108864,,6542146.31607143,47689189.446428664,245866655395.70486,11
exa03_tbb.json,GNU-TBB,find,double,134217728,,13722771.82962963,99024662.51851808,233733975588.4858,11
exa03_tbb.json,GNU-TBB,find,double,268435456,,26969569.814285714,205079652.3714285,235591656738.31418,11
exa03_tbb.json,GNU-TBB,for_each,double,8,,10326.272645701636,10392.861604853118,20847846.50861142,11
exa03_tbb.json,GNU-TBB,for_each,double,16,,13742.014797569316,13808.853247573232,29659191.687620513,11
exa03_tbb.json,GNU-TBB,for_each,double,32,,14442.643741346166,14503.812912025674,54835028.08459103,11
exa03_tbb.json,GNU-TBB,for_each,double,64,,13985.220238688133,14042.707636827965,111142986.4946817,11
exa03_tbb.json,GNU-TBB,for_each,double,128,,16169.58262766528,16227.178611808176,190629273.70829454,11
exa03_tbb.json,GNU-TBB,for_each,double,256,,19531.00508163951,19587.43055092844,314942146.9634611,11
exa03_tbb.json,GNU-TBB,for_each,double,512,,22906.28745487077,22959.421772646216,536951832.0883936,11
exa03_tbb.json,GNU-TBB,for_each,double,1024,,26118.410236924417,26167.815735359756,941080197.0990723,11
exa03_tbb.json,GNU-TBB,for_each,double,2048,,28963.37946278209,29024.822078140678,1692409751.7184477,11
exa03_tbb.json,GNU-TBB,for_each,double,4096,,32358.839946106717,32412.937650993943,3031647533.273847,11
exa03_tbb.json,GNU-TBB,for_each,double,8192,,33821.30358177257,33874.24377293036,5813201920.059761,11
exa03_tbb.json,GNU-TBB,for_each,double,16384,,35161.0533000001,35216.29560000008,11168599972.462666,11
exa03_tbb.json,GNU-TBB,for_each,double,32768,,37343.98640334623,37401.353301211406,21039688737.818398,11
exa03_tbb.json,GNU-TBB,for_each,double,65536,,41010.50439285528,41068.38081107735,38273230055.887825,11
exa03_tbb.json,GNU-TBB,for_each,double,131072,,48248.34437086079,48306.227786973046,65155632073.39153,11
exa03_tbb.json,GNU-TBB,for_each,double,262144,,60023.258138351855,60088.713716513055,104814556812.70358,11
exa03_tbb.json,GNU-TBB,for_each,double,524288,,82711.25017709585,82787.94757969644,152121188424.07953,11
exa03_tbb.json,GNU-TBB,for_each,double,1048576,,122710.5078059072,122787.12900844058,204982088019.8135,11
exa03_tbb.json,GNU-TBB,for_each,double,2097152,,200527.30954003413,200614.05139125107,250946282466.98685,11
exa03_tbb.json,GNU-TBB,for_each,double,4194304,,360556.81530612253,360655.73520408623,279171981390.35175,11
exa03_tbb.json,GNU-TBB,for_each,double,8388608,,1071030.807055215,1071110.6966257545,187884464357.96393,11
exa03_tbb.json,GNU-TBB,for_each,double,16777216,,4649647.370860927,4649830.768212103,86522436908.23431,11
exa03_tbb.json,GNU-TBB,for_each,double,33554432,,11320686.951612903,11317242.032257654,70709533630.73158,11
exa03_tbb.json,GNU-TBB,for_each,double,67108864,,24415431.034482762,24415768.482758094,65831242698.12309,11
exa03_tbb.json,GNU-TBB,for_each,double,134217728,,50383479.49999999,50372041.39999858,63913374848.19279,11
exa03_tbb.json,GNU-TBB,for_each,double,268435456,,100537265.34285715,100206618.14285502,63916501418.03872,11
exa03_tbb.json,GNU-TBB,inclusive_scan,double,8,,20434.047917679436,20577.2272619239,10555914.922948709,11
exa03_tbb.json,GNU-TBB,inclusive_scan,double,16,,30272.613135937718,30441.51579307664,13441220.467026917,11
exa03_tbb.json,GNU-TBB,inclusive_scan,double,32,,35124.451251811704,35258.513067811,22539435.22481584,11
exa03_tbb.json,GNU-TBB,inclusive_scan,double,64,,38184.4336767895,38313.77353579116,40725046.96133708,11
exa03_tbb.json,GNU-TBB,inclusive_scan,double,128,,44375.490711082195,44492.0518257504,69670309.51529884,11
exa03_tbb.json,GNU-TBB,inclusive_scan,double,256,,55290.003823178085,55410.30346475453,111410709.3674646,11
exa03_tbb.json,GNU-TBB,inclusive_scan,double,512,,55880.76010928961,56006.02134270058,220016123.64471364,11
exa03_tbb.json,GNU-TBB,inclusive_scan,double,1024,,55395.98479948245,55519.69906209712,443576358.34875834,11
exa03_tbb.json,GNU-TBB,inclusive_scan,double,2048,,55426.892784332435,55549.96026968544,886269979.9410001,11
exa03_tbb.json,GNU-TBB,inclusive_scan,double,4096,,56068.538114818744,56197.0774948598,1751019914.2239923,11
exa03_tbb.json,GNU-TBB,inclusive_scan,double,8192,,62655.701456267234,62827.60382381551,3136862186.246064,11
exa03_tbb.json,GNU-TBB,inclusive_scan,double,16384,,61161.59936491128,61294.12304842412,6428610610.418883,11
exa03_tbb.json,GNU-TBB,inclusive_scan,double,32768,,63907.53991972263,64037.940029193545,12298414178.693459,11
exa03_tbb.json,GNU-TBB,inclusive_scan,double,65536,,68236.75163271248,68363.23111413917,23048290548.40334,11
exa03_tbb.json,GNU-TBB,inclusive_scan,double,131072,,75144.28799138412,75276.85891223332,41849558272.39206,11
exa03_tbb.json,GNU-TBB,inclusive_scan,double,262144,,88942.90258829536,89071.38314420487,70717638993.66245,11
exa03_tbb.json,GNU-TBB,inclusive_scan,double,524288,,126894.08834244082,127021.92604734768,99133738630.5026,11
exa03_tbb.json,GNU-TBB,inclusive_scan,double,1048576,,202955.59324009327,203085.7001748187,123969538476.75633,11
exa03_tbb.json,GNU-TBB,inclusive_scan,double,2097152,,365274.12454020034,365403.8712558899,137441098289.54373,11
exa03_tbb.json,GNU-TBB,inclusive_scan,double,4194304,,1882008.2881720439,1881920.7360214938,53482973942.28394,11
exa03_tbb.json,GNU-TBB,inclusive_scan,double,8388608,,5023652.173333334,5023346.91259269,40024502704.80566,11
exa03_tbb.json,GNU-TBB,inclusive_scan,double,16777216,,13163571.311111111,13163393.355555993,30538160001.972923,11
exa03_tbb.json,GNU-TBB,inclusive_scan,double,33554432,,28598872.0,28598016.583334632,28107369643.011562,11
exa03_tbb.json,GNU-TBB,inclusive_scan,double,67108864,,64404978.127272725,63914645.74545684,24963050789.952854,11
exa03_tbb.json,GNU-TBB,inclusive_scan,double,134217728,,121793697.00000001,121745941.16667473,26287455453.105915,11
exa03_tbb.json,GNU-TBB,inclusive_scan,double,268435456,,215419089.33333328,215374750.0000236,28499516794.16524,11
exa03_tbb.json,GNU-TBB,reduce,double,8,,6197.337400381983,6269.444512571819,34825619.0838526,11
exa03_tbb.json,GNU-TBB,reduce,double,16,,10685.898200505946,10766.9939392056,38149451.49428664,11
exa03_tbb.json,GNU-TBB,reduce,double,32,,14099.996107231686,14185.504274017683,56054096.75458409,11
exa03_tbb.json,GNU-TBB,reduce,double,64,,14903.266659513716,14991.09649578317,104566549.1520723,11
exa03_tbb.json,GNU-TBB,reduce,double,128,,14493.16486306512,14585.893698493239,213340375.21103236,11
exa03_tbb.json,GNU-TBB,reduce,double,256,,16606.617083174384,16705.20113983187,371146474.5136329,11
exa03_tbb.json,GNU-TBB,reduce,double,512,,20404.518244979023,20499.77492993821,602470789.6458958,11
exa03_tbb.json,GNU-TBB,reduce,double,1024,,23759.47155125782,23852.150027049516,1035354302.9639189,11
exa03_tbb.json,GNU-TBB,reduce,double,2048,,26411.01489786506,26505.1419904796,1861865375.3427894,11
exa03_tbb.json,GNU-TBB,reduce,double,4096,,29472.075858008182,29562.831872476854,3334266006.917632,11
exa03_tbb.json,GNU-TBB,reduce,double,8192,,32423.16842055809,32510.157098561594,6056126051.62164,11
exa03_tbb.json,GNU-TBB,reduce,double,16384,,33164.33271832705,33250.25972182891,11853990130.177593,11
exa03_tbb.json,GNU-TBB,reduce,double,32768,,33259.2952312138,33344.14456647535,23565235500.759575,11
exa03_tbb.json,GNU-TBB,reduce,double,65536,,34489.109487619535,34574.1555283178,45587691647.98508,11
exa03_tbb.json,GNU-TBB,reduce,double,131072,,37744.291884956794,37834.72575644331,83325152002.27885,11
exa03_tbb.json,GNU-TBB,reduce,double,262144,,44145.455602074435,44244.47191151901,142189554829.72598,11
exa03_tbb.json,GNU-TBB,reduce,double,524288,,52492.02374591867,52595.692935585226,239346642641.8828,11
exa03_tbb.json,GNU-TBB,reduce,double,1048576,,68898.14028067533,69008.15076806601,365189826711.6913,11
exa03_tbb.json,GNU-TBB,reduce,double,2097152,,98327.94724677117,98436.2822569808,511824203455.403,11
exa03_tbb.json,GNU-TBB,reduce,double,4194304,,195463.20452750736,195598.898657559,514940810002.6409,11
exa03_tbb.json,GNU-TBB,reduce,double,8388608,,634291.3307240708,634422.2045009717,317018331878.9777,11
exa03_tbb.json,GNU-TBB,reduce,double,16777216,,1714775.6317204288,1714962.6720431473,233950858493.65207,11
exa03_tbb.json,GNU-TBB,reduce,double,33554432,,4225698.535802469,4225876.604938307,190519794279.17136,11
exa03_tbb.json,GNU-TBB,reduce,double,67108864,,9257988.708333332,9258255.819444925,173849991925.769,11
exa03_tbb.json,GNU-TBB,reduce,double,134217728,,19209207.694444444,19209417.32777806,167647690601.19574,11
exa03_tbb.json,GNU-TBB,reduce,double,268435456,,37949827.72222222,37950406.83333026,169562125789.90115,11
exa03_tbb.json,GNU-TBB,sort,double,8,,79.39223851424984,211.40510941985548,2719337448.7152925,11
exa03_tbb.json,GNU-TBB,sort,double,16,,185.68035397896202,420.75042843683116,2196365006.2967963,11
exa03_tbb.json,GNU-TBB,sort,double,32,,597.9485722774887,1049.6929144937399,1324506463.0572078,11
exa03_tbb.json,GNU-TBB,sort,double,64,,1461.44139806599,2326.1823112838592,1067334134.0292909,11
exa03_tbb.json,GNU-TBB,sort,double,128,,3432.630345382592,5119.078737228525,901821801.1754286,11
exa03_tbb.json,GNU-TBB,sort,double,256,,7867.848333501793,11199.085952437292,783917566.8668364,11
exa03_tbb.json,GNU-TBB,sort,double,512,,29648.263104076992,39811.06522029291,412049788.46304923,11
exa03_tbb.json,GNU-TBB,sort,double,1024,,49942.63850415528,69886.85907201942,490608819.6635813,11
exa03_tbb.json,GNU-TBB,sort,double,2048,,77568.24499296238,119111.60387572585,630950406.4949536,11
exa03_tbb.json,GNU-TBB,sort,double,4096,,123441.45330220132,206461.78068712246,793273640.3175049,11
exa03_tbb.json,GNU-TBB,sort,double,8192,,204553.18333865312,393733.75422916934,952386770.7922859,11
exa03_tbb.json,GNU-TBB,sort,double,16384,,434411.1762270842,734991.500887044,905225329.1808442,11
exa03_tbb.json,GNU-TBB,sort,double,32768,,906433.7261146496,1542119.8191082512,866347602.7533789,11
exa03_tbb.json,GNU-TBB,sort,double,65536,,1565935.0958333346,3101770.493749948,998304542.5452434,11
exa03_tbb.json,GNU-TBB,sort,double,131072,,2601582.7717391322,5699463.831884069,1199405794.931284,11
exa03_tbb.json,GNU-TBB,sort,double,262144,,4452491.614379081,10926803.137254758,1398699064.1152916,11
exa03_tbb.json,GNU-TBB,sort,double,524288,,7888079.246575341,21021498.923287503,1591224368.3274739,11
exa03_tbb.json,GNU-TBB,sort,double,1048576,,28776523.68,55925299.20000288,874527037.3811879,11
exa03_tbb.json,GNU-TBB,sort,double,2097152,,49650271.15384616,102729661.46153696,1004037021.8868135,11
exa03_tbb.json,GNU-TBB,sort,double,4194304,,80657542.3,214010067.3000006,1226832706.4647882,11
exa03_tbb.json,GNU-TBB,sort,double,8388608,,142444421.32,502203169.15999776,1404109095.825429,11
exa03_tbb.json,GNU-TBB,sort,double,16777216,,286504213.0,1165252711.4999883,1397929155.717349,11
exa03_tbb.json,GNU-TBB,sort,double,33554432,,572851428.0,2516667883.9999576,1404462874.8962572,11
exa03_tbb.json,GNU-TBB,sort,double,67108864,,964087078.6,5174796968.199963,1635168092.323771,11
exa03_tbb.json,GNU-TBB,sort,double,134217728,,1859990194.0,10834611347.999952,1674470053.7735465,11
exa03_tbb.json,GNU-TBB,sort,double,268435456,,3472038044.0,22056828312.99987,1831298769.1907303,11
exa03_tbb_gcc12.json,GNU-TBB,inclusive_scan,double,8,,20100.196021293996,20253.637130986343,10728651.315986108,16
exa03_tbb_gcc12.json,GNU-TBB,inclusive_scan,double,16,,29607.49539812526,29779.230679515313,13774113.311381232,16
exa03_tbb_gcc12.json,GNU-TBB,inclusive_scan,double,32,,35090.591869530064,35221.288468212515,22563369.031431507,16
exa03_tbb_gcc12.json,GNU-TBB,inclusive_scan,double,64,,37903.02298092267,38044.51929737753,41060727.3482741,16
exa03_tbb_gcc12.json,GNU-TBB,inclusive_scan,double,128,,44111.1055154589,44238.116310000376,70112029.56738356,16
exa03_tbb_gcc12.json,GNU-TBB,inclusive_scan,double,256,,54416.83531930551,54546.86012942724,113255886.95707373,16
exa03_tbb_gcc12.json,GNU-TBB,inclusive_scan,double,512,,54866.09977359518,54994.62443595708,224176059.2083205,16
exa03_tbb_gcc12.json,GNU-TBB,inclusive_scan,double,1024,,54939.761078103606,55066.23785559679,447006680.2105503,16
exa03_tbb_gcc12.json,GNU-TBB,inclusive_scan,double,2048,,54895.96282374261,55018.3184582383,892835726.852516,16
exa03_tbb_gcc12.json,GNU-TBB,inclusive_scan,double,4096,,55237.590141622815,55363.93686930448,1772545782.6794112,16
exa03_tbb_gcc12.json,GNU-TBB,inclusive_scan,double,8192,,61354.71710904673,61539.847810218904,3184273411.019562,16
exa03_tbb_gcc12.json,GNU-TBB,inclusive_scan,double,16384,,60235.944647295706,60367.392911631134,6524440010.7135,16
exa03_tbb_gcc12.json,GNU-TBB,inclusive_scan,double,32768,,63007.03851311833,63139.75697088362,12469267256.609812,16
exa03_tbb_gcc12.json,GNU-TBB,inclusive_scan,double,65536,,67520.79883647911,67659.2351856321,23274435195.675392,16
exa03_tbb_gcc12.json,GNU-TBB,inclusive_scan,double,131072,,74404.46012678453,74540.29109844429,42256149440.56557,16
exa03_tbb_gcc12.json,GNU-TBB,inclusive_scan,double,262144,,88375.7613435291,88517.08796764357,71154130793.14423,16
exa03_tbb_gcc12.json,GNU-TBB,inclusive_scan,double,524288,,125986.1797717186,126130.47998007142,99817383114.93997,16
exa03_tbb_gcc12.json,GNU-TBB,inclusive_scan,double,1048576,,202875.11884352722,203019.49690541957,123976672366.52911,16
exa03_tbb_gcc12.json,GNU-TBB,inclusive_scan,double,2097152,,361272.476792161,361412.24935533706,139129696905.66934,16
exa03_tbb_gcc12.json,GNU-TBB,inclusive_scan,double,4194304,,1892076.9501375523,1892048.848349385,53170046723.550354,16
exa03_tbb_gcc12.json,GNU-TBB,inclusive_scan,double,8388608,,5331238.818339769,5331296.945173742,37755058808.98302,16
exa03_tbb_gcc12.json,GNU-TBB,inclusive_scan,double,16777216,,12984220.46728972,12981146.941588525,31004900106.972404,16
exa03_tbb_gcc12.json,GNU-TBB,inclusive_scan,double,33554432,,27645302.94607843,27642283.765686333,29119640719.906593,16
exa03_tbb_gcc12.json,GNU-TBB,inclusive_scan,double,67108864,,54672724.71153845,54624139.644229345,29439090419.2482,16
exa03_tbb_gcc12.json,GNU-TBB,inclusive_scan,double,134217728,,107790571.67857143,107035657.6249998,29858872151.40027,16
exa03_tbb_gcc12.json,GNU-TBB,inclusive_scan,double,268435456,,212351911.14285713,211150486.2857154,30303022998.290417,16
exa03_tbb_new.json,GNU-TBB,find,double,8,,10394.358792500094,10655.709949999999,20722874.16745455,16
exa03_tbb_new.json,GNU-TBB,find,double,16,,13775.193206557442,14082.18431374527,29609068.59419992,16
exa03_tbb_new.json,GNU-TBB,find,double,32,,14819.310898338721,15127.596414692776,53386089.27592971,16
exa03_tbb_new.json,GNU-TBB,find,double,64,,14558.046284414313,14861.766134071466,107047803.09270948,16
exa03_tbb_new.json,GNU-TBB,find,double,128,,16447.152492482648,16782.587196368135,188066849.7073497,16
exa03_tbb_new.json,GNU-TBB,find,double,256,,20020.08339416327,20440.360975663098,307387937.188105,16
exa03_tbb_new.json,GNU-TBB,find,double,512,,23219.26420104547,23836.942514067945,529949288.7780688,16
exa03_tbb_new.json,GNU-TBB,find,double,1024,,25972.567234971153,26980.581302354018,945899663.8588264,16
exa03_tbb_new.json,GNU-TBB,find,double,2048,,29193.827714403757,30981.213272370413,1681383210.186591,16
exa03_tbb_new.json,GNU-TBB,find,double,4096,,32723.42432017924,36104.25887314578,2999473053.9169464,16
exa03_tbb_new.json,GNU-TBB,find,double,8192,,33372.56727485492,39851.801280061176,5883979013.222469,16
exa03_tbb_new.json,GNU-TBB,find,double,16384,,33900.21910521547,46566.4744782215,11574104282.766533,16
exa03_tbb_new.json,GNU-TBB,find,double,32768,,34301.414404789,59357.76759995971,22883721310.565132,16
exa03_tbb_new.json,GNU-TBB,find,double,65536,,35905.685384000426,85858.70492830616,43755731758.30216,16
exa03_tbb_new.json,GNU-TBB,find,double,131072,,54121.06898201294,157926.48921928782,57770137620.29988,16
exa03_tbb_new.json,GNU-TBB,find,double,262144,,76372.58454667625,285853.0704765639,82088841975.4721,16
exa03_tbb_new.json,GNU-TBB,find,double,524288,,98382.84476624867,476280.06391105964,123314923247.58441,16
exa03_tbb_new.json,GNU-TBB,find,double,1048576,,142967.3344851085,919167.1412789566,175956669233.81677,16
exa03_tbb_new.json,GNU-TBB,find,double,2097152,,193375.50681577757,1562843.4952395284,259429541447.94366,16
exa03_tbb_new.json,GNU-TBB,find,double,4194304,,324341.0141028855,3027459.4303011307,310037978381.15356,16
exa03_tbb_new.json,GNU-TBB,find,double,8388608,,719852.4912099288,6008680.664684596,279385005140.87195,16
exa03_tbb_new.json,GNU-TBB,find,double,16777216,,1416809.5435233153,11514348.097150289,284044981328.74426,16
exa03_tbb_new.json,GNU-TBB,find,double,33554432,,2979516.8613490355,23036701.93468963,269202925170.0672,16
exa03_tbb_new.json,GNU-TBB,find,double,67108864,,5990427.806081081,46286918.08558561,266949402671.44012,16
exa03_tbb_new.json,GNU-TBB,find,double,134217728,,12702109.661764704,96248122.0063019,251275963320.58392,16
exa03_tbb_new.json,GNU-TBB,find,double,268435456,,26498762.3362069,191559981.7586205,240471838166.478,16
exa03_tbb_new.json,GNU-TBB,for_each,double,8,,10973.417196804417,11085.652856921775,19658263.374495897,16
exa03_tbb_new.json,GNU-TBB,for_each,double,16,,14572.42021188207,14683.338541232904,27990848.30200922,16
exa03_tbb_new.json,GNU-TBB,for_each,double,32,,14565.897427208416,14624.793772704423,54320165.06605928,16
exa03_tbb_new.json,GNU-TBB,for_each,double,64,,14342.292819189777,14397.267220150821,108673266.26501274,16
exa03_tbb_new.json,GNU-TBB,for_each,double,128,,16187.424546676906,16239.879877686513,190891578.57687974,16
exa03_tbb_new.json,GNU-TBB,for_each,double,256,,19702.032003736553,19754.47142034351,311976436.283303,16
exa03_tbb_new.json,GNU-TBB,for_each,double,512,,22801.43195746073,22852.224545675246,539217732.1479535,16
exa03_tbb_new.json,GNU-TBB,for_each,double,1024,,26023.227096057766,26071.259901906556,943407676.0079994,16
exa03_tbb_new.json,GNU-TBB,for_each,double,2048,,28842.078298172393,28898.847312405058,1704142128.4591885,16
exa03_tbb_new.json,GNU-TBB,for_each,double,4096,,32389.144680530997,32447.441502035977,3028858322.577477,16
exa03_tbb_new.json,GNU-TBB,for_each,double,8192,,34140.37594551836,34224.70192752011,5755478728.4110565,16
exa03_tbb_new.json,GNU-TBB,for_each,double,16384,,35355.0518939011,35430.566126512,11090813005.446888,16
exa03_tbb_new.json,GNU-TBB,for_each,double,32768,,37051.07332568013,37131.67987685099,21215917718.459087,16
exa03_tbb_new.json,GNU-TBB,for_each,double,65536,,40952.904452004805,41038.05774375589,38368422916.08835,16
exa03_tbb_new.json,GNU-TBB,for_each,double,131072,,47879.44087721708,47970.737654679804,65680998234.84807,16
exa03_tbb_new.json,GNU-TBB,for_each,double,262144,,59793.89893403833,59890.73349251455,105176609574.75046,16
exa03_tbb_new.json,GNU-TBB,for_each,double,524288,,81730.1177499272,81828.05963276696,153920618343.63712,16
exa03_tbb_new.json,GNU-TBB,for_each,double,1048576,,121557.25778404129,121654.79265828145,207007833624.54172,16
exa03_tbb_new.json,GNU-TBB,for_each,double,2097152,,199391.32281757155,199474.46565473147,252374155500.10278,16
exa03_tbb_new.json,GNU-TBB,for_each,double,4194304,,361672.79114621674,361753.7694709575,278267716774.14386,16
exa03_tbb_new.json,GNU-TBB,for_each,double,8388608,,1123035.2043407043,1123095.040540685,179257585898.89185,16
exa03_tbb_new.json,GNU-TBB,for_each,double,16777216,,4495360.857717045,4495213.012861734,89562455515.42288,16
exa03_tbb_new.json,GNU-TBB,for_each,double,33554432,,10788455.917938929,10787504.509541582,74634508332.82669,16
exa03_tbb_new.json,GNU-TBB,for_each,double,67108864,,22789150.87903225,22786817.705647968,70673012042.56134,16
exa03_tbb_new.json,GNU-TBB,for_each,double,134217728,,46445440.2,46436300.316664375,69349700384.17773,16
exa03_tbb_new.json,GNU-TBB,for_each,double,268435456,,93381762.70000002,93373879.56667271,68988021071.18312,16
exa03_tbb_new.json,GNU-TBB,inclusive_scan,double,8,,20245.610102689658,20383.105040038237,10652971.709503453,16
exa03_tbb_new.json,GNU-TBB,inclusive_scan,double,16,,29623.31465499193,29794.301944991857,13757887.510658842,16
exa03_tbb_new.json,GNU-TBB,inclusive_scan,double,32,,35485.13797171028,35597.903721620896,22316713.032573514,16
exa03_tbb_new.json,GNU-TBB,inclusive_scan,double,64,,38702.69425688623,38830.056973876584,40277770.955096304,16
exa03_tbb_new.json,GNU-TBB,inclusive_scan,double,128,,44707.17311771281,44821.60765852092,69220192.8025061,16
exa03_tbb_new.json,GNU-TBB,inclusive_scan,double,256,,54619.11888352165,54740.690808587926,112789169.25670871,16
exa03_tbb_new.json,GNU-TBB,inclusive_scan,double,512,,55240.58211421878,55387.82560140764,222768122.276017,16
exa03_tbb_new.json,GNU-TBB,inclusive_scan,double,1024,,55203.74800921236,55356.318506518204,445473677.1982748,16
exa03_tbb_new.json,GNU-TBB,inclusive_scan,double,2048,,55229.94372502468,55379.65708407225,889570900.2527592,16
exa03_tbb_new.json,GNU-TBB,inclusive_scan,double,4096,,55274.838472877,55419.82809551747,1776564853.2015047,16
exa03_tbb_new.json,GNU-TBB,inclusive_scan,double,8192,,60580.924240992856,60765.72540687896,3243471190.48542,16
exa03_tbb_new.json,GNU-TBB,inclusive_scan,double,16384,,61095.58700839021,61252.81202150302,6433655421.753563,16
exa03_tbb_new.json,GNU-TBB,inclusive_scan,double,32768,,63465.90929113142,63623.14117206435,12387494493.557058,16
exa03_tbb_new.json,GNU-TBB,inclusive_scan,double,65536,,67710.0870937317,67861.50740471679,23227742022.93116,16
exa03_tbb_new.json,GNU-TBB,inclusive_scan,double,131072,,74660.23744643247,74823.47319476564,42130845780.70293,16
exa03_tbb_new.json,GNU-TBB,inclusive_scan,double,262144,,88630.1607766002,88792.65767082697,70978825437.86194,16
exa03_tbb_new.json,GNU-TBB,inclusive_scan,double,524288,,117952.14574314555,118116.5127323627,106673801950.1737,16
exa03_tbb_new.json,GNU-TBB,inclusive_scan,double,1048576,,185281.28474166073,185450.36255724757,135817942874.66492,16
exa03_tbb_new.json,GNU-TBB,inclusive_scan,double,2097152,,354292.34528398886,354449.64205858833,141997014705.24185,16
exa03_tbb_new.json,GNU-TBB,inclusive_scan,double,4194304,,1663649.1068427367,1663786.2265903621,60494663655.53406,16
exa03_tbb_new.json,GNU-TBB,inclusive_scan,double,8388608,,4896515.029049296,4896755.256161967,41113052348.01853,16
exa03_tbb_new.json,GNU-TBB,inclusive_scan,double,16777216,,11976699.670940172,11976504.145298576,33617851599.13012,16
exa03_tbb_new.json,GNU-TBB,inclusive_scan,double,33554432,,25866719.28773585,25866319.245287657,31124248004.681564,16
exa03_tbb_new.json,GNU-TBB,inclusive_scan,double,67108864,,53103143.30555557,53086463.70370433,30321439020.62327,16
exa03_tbb_new.json,GNU-TBB,inclusive_scan,double,134217728,,110489107.63214287,110476714.94285071,28826722515.511288,16
exa03_tbb_new.json,GNU-TBB,inclusive_scan,double,268435456,,213908234.9428572,213864131.82854086,30108326469.941265,16
exa03_tbb_new.json,GNU-TBB,reduce,double,8,,5631.259649961114,5702.286657954293,38268178.4521579,16
exa03_tbb_new.json,GNU-TBB,reduce,double,16,,9987.643337754309,10061.168643305082,40823102.73334029,16
exa03_tbb_new.json,GNU-TBB,reduce,double,32,,13336.613954865916,13413.736796427198,59329285.06635438,16
exa03_tbb_new.json,GNU-TBB,reduce,double,64,,15215.985462123088,15290.700550007214,102503016.24837102,16
exa03_tbb_new.json,GNU-TBB,reduce,double,128,,15568.395496041638,15653.931425964061,198701546.07737458,16
exa03_tbb_new.json,GNU-TBB,reduce,double,256,,16729.90536631026,16821.149716131775,366455324.47419894,16
exa03_tbb_new.json,GNU-TBB,reduce,double,512,,20073.162918158498,20160.299105551094,613122687.5933355,16
exa03_tbb_new.json,GNU-TBB,reduce,double,1024,,23160.61092005759,23249.819204832544,1061406084.9097651,16
exa03_tbb_new.json,GNU-TBB,reduce,double,2048,,26192.58315826649,26281.839985875507,1873943412.9936259,16
exa03_tbb_new.json,GNU-TBB,reduce,double,4096,,29388.887982396125,29473.88785783917,3342578229.925344,16
exa03_tbb_new.json,GNU-TBB,reduce,double,8192,,32627.408887378137,32710.08269059953,6020896575.496706,16
exa03_tbb_new.json,GNU-TBB,reduce,double,16384,,33520.84539968034,33602.53626464291,11725424821.002495,16
exa03_tbb_new.json,GNU-TBB,reduce,double,32768,,33919.96492922285,34008.97319879093,23105283725.917755,16
exa03_tbb_new.json,GNU-TBB,reduce,double,65536,,35574.70444867492,35679.467323779754,44087768008.61195,16
exa03_tbb_new.json,GNU-TBB,reduce,double,131072,,38317.93907615286,38437.39902942344,81856432468.58029,16
exa03_tbb_new.json,GNU-TBB,reduce,double,262144,,44104.731819043314,44262.526299993624,142384595083.83014,16
exa03_tbb_new.json,GNU-TBB,reduce,double,524288,,53333.58218566925,53489.50205608967,235099062089.74448,16
exa03_tbb_new.json,GNU-TBB,reduce,double,1048576,,69575.73183849869,69683.47676457252,361290336425.06934,16
exa03_tbb_new.json,GNU-TBB,reduce,double,2097152,,99995.95299999992,100090.04842501099,503109156340.0382,16
exa03_tbb_new.json,GNU-TBB,reduce,double,4194304,,196489.26015146606,196605.61384143244,512053739222.65674,16
exa03_tbb_new.json,GNU-TBB,reduce,double,8388608,,632370.1922306325,632418.1951246026,316766429745.4072,16
exa03_tbb_new.json,GNU-TBB,reduce,double,16777216,,1612841.9875621903,1613176.7257462996,249608467982.32642,16
exa03_tbb_new.json,GNU-TBB,reduce,double,33554432,,3701575.523937676,3701767.483994896,217488226273.1115,16
exa03_tbb_new.json,GNU-TBB,reduce,double,67108864,,8315932.40060241,8316151.1596397,193602345738.20538,16
exa03_tbb_new.json,GNU-TBB,reduce,double,134217728,,17619978.637820512,17618733.028846174,182479250636.33124,16
exa03_tbb_new.json,GNU-TBB,reduce,double,268435456,,35993960.32692309,35991510.397433296,178751574684.04367,16
exa03_tbb_new.json,GNU-TBB,sort,double,8,,79.34025970116544,211.12447079374851,2721901591.1530066,16
exa03_tbb_new.json,GNU-TBB,sort,double,16,,185.01742262860202,419.9627454713272,2205063598.6944222,16
exa03_tbb_new.json,GNU-TBB,sort,double,32,,597.407152053564,1048.6399585150439,1325630488.1423435,16
exa03_tbb_new.json,GNU-TBB,sort,double,64,,1460.42785358029,2324.569106925856,1068158338.9741343,16
exa03_tbb_new.json,GNU-TBB,sort,double,128,,3430.2552298896358,5115.423376633054,902540212.7296729,16
exa03_tbb_new.json,GNU-TBB,sort,double,256,,7862.044704954189,11192.265560864089,784517335.8759708,16
exa03_tbb_new.json,GNU-TBB,sort,double,512,,31377.873121508455,42427.347269793776,391710986.7866624,16
exa03_tbb_new.json,GNU-TBB,sort,double,1024,,52620.076688844216,75072.93586440202,465306233.3875065,16
exa03_tbb_new.json,GNU-TBB,sort,double,2048,,80880.50733573575,124782.89008871943,606067034.5689309,16
exa03_tbb_new.json,GNU-TBB,sort,double,4096,,130105.21251787055,221397.40601295675,752672733.5485437,16
exa03_tbb_new.json,GNU-TBB,sort,double,8192,,182984.78553278628,339833.17577868083,1048333292.1010633,16
exa03_tbb_new.json,GNU-TBB,sort,double,16384,,446176.6240518041,777311.8882207973,878814174.5720739,16
exa03_tbb_new.json,GNU-TBB,sort,double,32768,,918968.1064724922,1558613.4962783642,855630714.6122845,16
exa03_tbb_new.json,GNU-TBB,sort,double,65536,,1549214.3429073866,3126500.9008207144,1014020692.2435726,16
exa03_tbb_new.json,GNU-TBB,sort,double,131072,,2598610.7103481647,5692194.098646125,1204949123.0713038,16
exa03_tbb_new.json,GNU-TBB,sort,double,262144,,4537993.298701298,10902334.04870161,1384678022.979228,16
exa03_tbb_new.json,GNU-TBB,sort,double,524288,,7978730.988757396,20983601.638756722,1565639202.951062,16
exa03_tbb_new.json,GNU-TBB,sort,double,1048576,,27732650.06382979,55014951.547868714,906221245.7721418,16
exa03_tbb_new.json,GNU-TBB,sort,double,2097152,,49334391.80576922,104126642.54999894,1014030748.6090338,16
exa03_tbb_new.json,GNU-TBB,sort,double,4194304,,82436895.17647058,215860109.42645073,1215356482.5597024,16
exa03_tbb_new.json,GNU-TBB,sort,double,8388608,,146194594.34444448,510559512.8611109,1362608541.8130858,16
exa03_tbb_new.json,GNU-TBB,sort,double,16777216,,292815762.94000006,1167477119.529999,1372282213.294777,16
exa03_tbb_new.json,GNU-TBB,sort,double,33554432,,527792581.08333325,2471898635.4833155,1484116336.3567214,16
exa03_tbb_new.json,GNU-TBB,sort,double,67108864,,1006935557.1500001,5377346897.749931,1587650601.525475,16
exa03_tbb_new.json,GNU-TBB,sort,double,134217728,,1945016262.2500002,9949527699.500095,1640090356.999753,16
exa03_tbb_new.json,GNU-TBB,sort,double,268435456,,3576442195.5,20923353967.250137,1763915141.7360072,16
find_cpu.json,Clang-SYCL_CPU,find,double,8,,332971.75,160843.24999982025,635838.3533523001,16
find_cpu.json,Clang-SYCL_CPU,find,double,16,,90118.71769215446,51573.10931899639,4491310.734467097,16
find_cpu.json,Clang-SYCL_CPU,find,double,32,,89920.22079098935,51457.39463719328,8772211.967314525,16
find_cpu.json,Clang-SYCL_CPU,find,double,64,,89270.2621182592,50641.55643274849,17465117.99454479,16
find_cpu.json,Clang-SYCL_CPU,find,double,128,,89703.36550107438,50938.434264504845,34338215.73592328,16
find_cpu.json,Clang-SYCL_CPU,find,double,256,,90126.14395034086,51288.032120336065,68024147.43428561,16
find_cpu.json,Clang-SYCL_CPU,find,double,512,,89792.86220114303,51234.85021439683,136725148.80430758,16
find_cpu.json,Clang-SYCL_CPU,find,double,1024,,89717.07581461745,51275.85291444883,273428571.0977638,16
find_cpu.json,Clang-SYCL_CPU,find,double,2048,,90104.09882220061,51682.02945143619,545497229.1970153,16
find_cpu.json,Clang-SYCL_CPU,find,double,4096,,93817.13638655466,54765.749563025005,1043290300.4031894,16
find_cpu.json,Clang-SYCL_CPU,find,double,8192,,100009.176309966,61097.64416761816,1956108609.9413304,16
find_cpu.json,Clang-SYCL_CPU,find,double,16384,,110688.08598123491,68898.98064338099,3524841733.9671116,16
find_cpu.json,Clang-SYCL_CPU,find,double,32768,,127559.96707743248,88305.63801269009,6138586023.132587,16
find_cpu.json,Clang-SYCL_CPU,find,double,65536,,163995.69183842727,118891.00371949747,9581261183.300991,16
find_cpu.json,Clang-SYCL_CPU,find,double,131072,,240361.29409740158,176137.63228359987,13083507627.033833,16
find_cpu.json,Clang-SYCL_CPU,find,double,262144,,330385.23277082865,237996.76050271234,19005459729.729897,16
find_cpu.json,Clang-SYCL_CPU,find,double,524288,,508804.7501818858,312897.2639687184,24726687154.432896,16
find_cpu.json,Clang-SYCL_CPU,find,double,1048576,,874953.0686090239,474018.2622180433,28756645139.518105,16
find_cpu.json,Clang-SYCL_CPU,find,double,2097152,,1597244.5104119,806402.9482265624,31509480119.293854,16
find_cpu.json,Clang-SYCL_CPU,find,double,4194304,,3142243.4994266042,1570392.9086008961,32007977707.23288,16
find_cpu.json,Clang-SYCL_CPU,find,double,8388608,,6612537.812499998,3078973.9483695,30431160458.71826,16
find_cpu.json,Clang-SYCL_CPU,find,double,16777216,,13750244.340625001,6665011.503125129,29174392763.86367,16
find_cpu.json,Clang-SYCL_CPU,find,double,33554432,,42042466.89705883,33325863.330882348,19131735715.584915,16
find_cpu.json,Clang-SYCL_CPU,find,double,67108864,,81349066.8382353,57803113.69117604,19790324197.33487,16
find_cpu.json,Clang-SYCL_CPU,find,double,134217728,,148072556.1111111,85475242.50000057,21751148624.589115,16
find_cpu.json,Clang-SYCL_CPU,find,double,268435456,,282203296.20000005,159539171.09999907,22826383812.32071,16
find_cpu_fixed.json,Clang-SYCL_CPU,find,double,8,,219009.99999999997,130764.5000000468,974269.1799545082,16
find_cpu_fixed.json,Clang-SYCL_CPU,find,double,16,,69928.19900303589,45019.66644785431,5703426.811614836,16
find_cpu_fixed.json,Clang-SYCL_CPU,find,double,32,,76359.26057227692,46512.87676162673,10306944.01556822,16
find_cpu_fixed.json,Clang-SYCL_CPU,find,double,64,,77350.98802338177,47579.269394497765,20132031.53960763,16
find_cpu_fixed.json,Clang-SYCL_CPU,find,double,128,,77623.6688322599,48920.00977317287,39807201.824962646,16
find_cpu_fixed.json,Clang-SYCL_CPU,find,double,256,,82165.97692191275,49365.061758474854,73591022.04495648,16
find_cpu_fixed.json,Clang-SYCL_CPU,find,double,512,,213766.2741186112,66855.45080623042,55641731.708706945,16
find_cpu_fixed.json,Clang-SYCL_CPU,find,double,1024,,202908.23337421688,57392.77831152889,121116593.65113568,16
find_cpu_fixed.json,Clang-SYCL_CPU,find,double,2048,,167991.33100746784,57633.16956787854,290487737.4319607,16
find_cpu_fixed.json,Clang-SYCL_CPU,find,double,4096,,131955.0959905967,47941.66011492811,723916103.4566774,16
find_cpu_fixed.json,Clang-SYCL_CPU,find,double,8192,,145321.79104841244,49322.043303992206,1333811926.8979516,16
find_cpu_fixed.json,Clang-SYCL_CPU,find,double,16384,,175343.10803797442,61418.31430379792,2037848978.5752802,16
find_cpu_fixed.json,Clang-SYCL_CPU,find,double,32768,,236811.1951864839,76274.09284348067,3109359886.206425,16
find_cpu_fixed.json,Clang-SYCL_CPU,find,double,65536,,250517.52781450725,97551.3454382318,6222520804.988466,16
find_cpu_fixed.json,Clang-SYCL_CPU,find,double,131072,,365111.70231958706,124778.74942010382,8537651925.84172,16
find_cpu_fixed.json,Clang-SYCL_CPU,find,double,262144,,573353.6605090303,194089.93513957108,10869486022.820847,16
find_cpu_fixed.json,Clang-SYCL_CPU,find,double,524288,,1018904.5588932812,324442.44976284273,12311504381.758625,16
find_cpu_fixed.json,Clang-SYCL_CPU,find,double,1048576,,1851731.7114890902,576463.1874197605,13546393458.623337,16
find_cpu_fixed.json,Clang-SYCL_CPU,find,double,2097152,,3525509.609296483,1079158.0760050337,14215382089.07518,16
find_cpu_fixed.json,Clang-SYCL_CPU,find,double,4194304,,7545963.90037594,2156243.1045112973,13245975590.111658,16
find_cpu_fixed.json,Clang-SYCL_CPU,find,double,8388608,,16238770.826923078,4581085.554945014,12265844403.805,16
find_cpu_fixed.json,Clang-SYCL_CPU,find,double,16777216,,33329293.30681818,10451733.897727486,12024443627.847832,16
find_cpu_fixed.json,Clang-SYCL_CPU,find,double,33554432,,63467971.78571429,20205315.369047467,12640461796.475967,16
find_cpu_fixed.json,Clang-SYCL_CPU,find,double,67108864,,126841644.81818181,38394767.95454579,12469214293.267231,16
find_cpu_fixed.json,Clang-SYCL_CPU,find,double,134217728,,254877625.8,74098172.68999973,12472350540.633984,16
find_cpu_fixed.json,Clang-SYCL_CPU,find,double,268435456,,367848954.5,593887.2500124149,17450180469.802666,16
find_gnu.json,GNU-OMP,find,double,8,,30.31892259247649,71.14696628785438,7123462697.251127,16
find_gnu.json,GNU-OMP,find,double,16,,33.80988277471694,76.50915105385627,12064625091.589134,16
find_gnu.json,GNU-OMP,find,double,32,,37.47938752333754,86.6869234885358,21128005439.430702,16
find_gnu.json,GNU-OMP,find,double,64,,45.25029786233162,107.02155247209222,34466248053.79584,16
find_gnu.json,GNU-OMP,find,double,128,,59.087546094805646,134.42336780298626,52388335894.446075,16
find_gnu.json,GNU-OMP,find,double,256,,87.68378383974394,195.09569286640306,70326069035.14789,16
find_gnu.json,GNU-OMP,find,double,512,,14068.068754236378,14357.518184988396,873579675.7160813,16
find_gnu.json,GNU-OMP,find,double,1024,,21668.084219652388,22172.961768303176,1135013039.2830544,16
find_gnu.json,GNU-OMP,find,double,2048,,25361.541753017686,26289.81495418868,1938442861.9410236,16
find_gnu.json,GNU-OMP,find,double,4096,,27362.622548636045,29150.12027568679,3592017321.9718695,16
find_gnu.json,GNU-OMP,find,double,8192,,28858.984292304478,32356.886329002402,6812481612.9180565,16
find_gnu.json,GNU-OMP,find,double,16384,,29562.222049164644,36487.00612447398,13297240169.155827,16
find_gnu.json,GNU-OMP,find,double,32768,,30586.996255703874,44350.93292469908,25696317275.303642,16
find_gnu.json,GNU-OMP,find,double,65536,,32454.078916637816,59913.424045554464,48432257193.02731,16
find_gnu.json,GNU-OMP,find,double,131072,,33720.35054149048,88765.12131057409,93187102680.7192,16
find_gnu.json,GNU-OMP,find,double,262144,,36129.26183849356,146547.67526870666,173310712048.35754,16
find_gnu.json,GNU-OMP,find,double,524288,,45087.78320253108,265199.6801803854,273138070817.09497,16
find_gnu.json,GNU-OMP,find,double,1048576,,40105.506114504096,479615.3944108366,627201420312.5691,16
find_gnu.json,GNU-OMP,find,double,2097152,,51059.49431185528,929235.8936418992,984009030682.8252,16
find_gnu.json,GNU-OMP,find,double,4194304,,120010.288191412,2006124.1810680511,838461381221.2616,16
find_gnu.json,GNU-OMP,find,double,8388608,,492180.5285025019,4696931.813706266,407851164959.71643,16
find_gnu.json,GNU-OMP,find,double,16777216,,1222733.5872483219,9902567.07067955,328128328440.577,16
find_gnu.json,GNU-OMP,find,double,33554432,,3493009.738676845,20296463.88346029,226489055220.06113,16
find_gnu.json,GNU-OMP,find,double,67108864,,7822626.942307696,42802810.71025641,202350184482.2091,16
find_gnu.json,GNU-OMP,find,double,134217728,,13585619.886160713,84403601.86607113,231902216289.5996,16
find_gnu.json,GNU-OMP,find,double,268435456,,30616700.962962966,199653478.82407305,189664181753.01367,16
find_tbb.json,GNU-TBB,find,double,8,,10769.56577699992,10924.473092999999,20033926.25615605,16
find_tbb.json,GNU-TBB,find,double,16,,14434.052236743823,14633.413819607213,28222082.04866766,16
find_tbb.json,GNU-TBB,find,double,32,,15490.25535112359,15710.22623595505,51060586.1579217,16
find_tbb.json,GNU-TBB,find,double,64,,15103.395608438086,15334.883884584515,103186947.27206245,16
find_tbb.json,GNU-TBB,find,double,128,,17152.175361160505,17399.289346529822,180314526.38156274,16
find_tbb.json,GNU-TBB,find,double,256,,20587.12422399631,20844.38637143699,299298423.3789331,16
find_tbb.json,GNU-TBB,find,double,512,,23957.899410059694,24294.661341770938,513013857.4300569,16
find_tbb.json,GNU-TBB,find,double,1024,,26859.193735229,27367.30815832453,913440963.1437606,16
find_tbb.json,GNU-TBB,find,double,2048,,29971.70379300786,30839.87533001205,1636537037.3183234,16
find_tbb.json,GNU-TBB,find,double,4096,,33390.56102717921,34978.19551467437,2943238004.4132223,16
find_tbb.json,GNU-TBB,find,double,8192,,34159.99299562619,37202.232822636404,5740618915.680863,16
find_tbb.json,GNU-TBB,find,double,16384,,34542.21349513084,40486.39059205869,11374974813.52053,16
find_tbb.json,GNU-TBB,find,double,32768,,34722.997916772954,46451.34038147899,22477224370.56305,16
find_tbb.json,GNU-TBB,find,double,65536,,35450.57924027799,58785.46714133405,44274062995.66527,16
find_tbb.json,GNU-TBB,find,double,131072,,37295.54255149942,84124.19315862021,84200158712.37317,16
find_tbb.json,GNU-TBB,find,double,262144,,49691.93485772723,148613.73200874537,126405302191.33932,16
find_tbb.json,GNU-TBB,find,double,524288,,79932.24146918076,287994.72579715075,157096936140.52136,16
find_tbb.json,GNU-TBB,find,double,1048576,,107720.24754212887,494386.88230990514,233227393116.92825,16
find_tbb.json,GNU-TBB,find,double,2097152,,171299.10493224257,898875.3667134653,289991706241.7218,16
find_tbb.json,GNU-TBB,find,double,4194304,,269346.5851664992,1731920.9967709426,372531520144.7028,16
find_tbb.json,GNU-TBB,find,double,8388608,,632094.5990880784,4004274.218082748,317132685033.7212,16
find_tbb.json,GNU-TBB,find,double,16777216,,1406122.2265784116,8388305.0990326125,285296540573.70483,16
find_tbb.json,GNU-TBB,find,double,33554432,,2933247.904008908,17256598.707126945,274380938515.95236,16
find_tbb.json,GNU-TBB,find,double,67108864,,6035497.156415928,35658816.72123907,266400136337.01224,16
find_tbb.json,GNU-TBB,find,double,134217728,,12269551.19656488,76609056.66030532,261408200788.9253,16
find_tbb.json,GNU-TBB,find,double,268435456,,25416482.972222213,165515916.0166641,251994832359.6081,16
find_wg1024.json,Clang-SYCL,find,double,8,,328817.25,149094.75000007835,654273.7004452124,16
find_wg1024.json,Clang-SYCL,find,double,16,,99767.00283385086,49618.49037267079,4081934.8268642323,16
find_wg1024.json,Clang-SYCL,find,double,32,,99377.32833393567,49742.14472352728,7966682.653921835,16
find_wg1024.json,Clang-SYCL,find,double,64,,92168.3212737042,59056.70569866037,16765988.386927996,16
find_wg1024.json,Clang-SYCL,find,double,128,,91966.72894943939,58035.31967342127,33617248.13222788,16
find_wg1024.json,Clang-SYCL,find,double,256,,93313.05147500026,59314.16562499959,65968121.140137814,16
find_wg1024.json,Clang-SYCL,find,double,512,,93959.20322499996,59510.64227499998,129392815.56421556,16
find_wg1024.json,Clang-SYCL,find,double,1024,,94225.59487222586,59201.73359112308,260359528.13646957,16
find_wg1024.json,Clang-SYCL,find,double,2048,,98396.98984999987,59503.111549999594,497608386.0927882,16
find_wg1024.json,Clang-SYCL,find,double,4096,,99919.31336263203,61341.38448350964,981799163.2668303,16
find_wg1024.json,Clang-SYCL,find,double,8192,,108907.67966611951,61949.54304480401,1804915926.2770715,16
find_wg1024.json,Clang-SYCL,find,double,16384,,131868.52891149986,73545.37303225196,2948536611.978163,16
find_wg1024.json,Clang-SYCL,find,double,32768,,159176.0644482362,84691.69217861202,4926783869.764805,16
find_wg1024.json,Clang-SYCL,find,double,65536,,240413.4939481758,121318.10236958774,6536588462.445887,16
find_wg1024.json,Clang-SYCL,find,double,131072,,388620.98593706463,185087.9715956554,8091667264.068306,16
find_wg1024.json,Clang-SYCL,find,double,262144,,584560.997074802,220794.71531550412,10759554933.852158,16
find_wg1024.json,Clang-SYCL,find,double,524288,,976928.9968575437,296913.4139315673,12878684321.818848,16
find_wg1024.json,Clang-SYCL,find,double,1048576,,1769935.1699367112,465024.3775316468,14217561195.390642,16
find_wg1024.json,Clang-SYCL,find,double,2097152,,3347446.5235083555,774074.5214797194,15031891243.131197,16
find_wg1024.json,Clang-SYCL,find,double,4194304,,6801601.990243902,1460043.9646341344,14798589886.508781,16
find_wg1024.json,Clang-SYCL,find,double,8388608,,13847196.101485144,3137421.2658416075,14534421694.778751,16
find_wg1024.json,Clang-SYCL,find,double,16777216,,40858199.68292683,18980835.7804877,9828661656.91802,16
find_wg1024.json,Clang-SYCL,find,double,33554432,,72492285.51842105,32663419.27631575,11098221786.617046,16
find_wg1024.json,Clang-SYCL,find,double,67108864,,140224093.94444448,55921132.416666806,11479873032.791626,16
find_wg1024.json,Clang-SYCL,find,double,134217728,,263082820.97000003,85607683.11000033,12242030659.210197,16
find_wg1024.json,Clang-SYCL,find,double,268435456,,477516961.3333334,119895818.24999836,13479037796.874783,16
find_wg128.json,Clang-SYCL,find,double,8,,318975.0,148390.0000001648,669420.6749981001,16
find_wg128.json,Clang-SYCL,find,double,16,,90431.44520840436,51491.25617099417,4504358.014638249,16
find_wg128.json,Clang-SYCL,find,double,32,,92313.19425230604,52554.76617259559,8570444.94021257,16
find_wg128.json,Clang-SYCL,find,double,64,,93716.97884487365,53650.4548435418,16610355.18775775,16
find_wg128.json,Clang-SYCL,find,double,128,,94378.88718138385,54013.13414486511,32769740.169071365,16
find_wg128.json,Clang-SYCL,find,double,256,,100290.81199228292,60448.55771053363,60601290.51128305,16
find_wg128.json,Clang-SYCL,find,double,512,,92770.6714342474,53004.22273539919,131850166.13083237,16
find_wg128.json,Clang-SYCL,find,double,1024,,93525.76294913677,53591.49006732869,262612412.17641342,16
find_wg128.json,Clang-SYCL,find,double,2048,,94142.40040609127,53804.084517766816,522191399.10580254,16
find_wg128.json,Clang-SYCL,find,double,4096,,96916.017479365,56362.81184018836,1013965742.5774642,16
find_wg128.json,Clang-SYCL,find,double,8192,,101817.6142635197,61141.808259968566,1930086701.883771,16
find_wg128.json,Clang-SYCL,find,double,16384,,110141.6342372341,67607.23065334567,3559898402.828668,16
find_wg128.json,Clang-SYCL,find,double,32768,,130953.76055723857,84094.03079959656,5942188959.846191,16
find_wg128.json,Clang-SYCL,find,double,65536,,167293.6254970481,115330.64378840913,9352562784.43267,16
find_wg128.json,Clang-SYCL,find,double,131072,,240884.36209439483,177160.28500780844,13016897688.106678,16
find_wg128.json,Clang-SYCL,find,double,262144,,335931.07123883103,238112.2013161084,18717000590.86909,16
find_wg128.json,Clang-SYCL,find,double,524288,,511910.62078859576,320592.2027027021,24578325492.689365,16
find_wg128.json,Clang-SYCL,find,double,1048576,,879443.8499373428,485686.5095551407,28612156819.203266,16
find_wg128.json,Clang-SYCL,find,double,2097152,,1603711.1001720182,826496.3938073441,31381423904.13937,16
find_wg128.json,Clang-SYCL,find,double,4194304,,3141904.4413092546,1599904.863995486,32028217720.73711,16
find_wg128.json,Clang-SYCL,find,double,8388608,,6609048.100824177,3104179.629120809,30458830059.98224,16
find_wg128.json,Clang-SYCL,find,double,16777216,,13701638.353124995,7665768.881250212,29019768705.921783,16
find_wg128.json,Clang-SYCL,find,double,33554432,,42214250.81818181,33522063.037878312,19068872622.471252,16
find_wg128.json,Clang-SYCL,find,double,67108864,,81338389.8382353,58320117.01470668,19790264143.055473,16
find_wg128.json,Clang-SYCL,find,double,134217728,,147234992.1666667,86173296.94444543,21870896929.59863,16
find_wg128.json,Clang-SYCL,find,double,268435456,,280216339.25,160291347.95000035,22984930845.318108,16
find_wg256.json,Clang-SYCL,find,double,8,,208078.75,92674.50000000065,1025879.8071141585,16
find_wg256.json,Clang-SYCL,find,double,16,,128992.39782637151,59872.73101348693,3130324.4390220502,16
find_wg256.json,Clang-SYCL,find,double,32,,112791.25038845767,57293.373880873056,7017502.234440299,16
find_wg256.json,Clang-SYCL,find,double,64,,92367.38850053132,56453.24233505024,16869591.042306527,16
find_wg256.json,Clang-SYCL,find,double,128,,91388.3794761131,57016.084309033526,33824644.01153815,16
find_wg256.json,Clang-SYCL,find,double,256,,90216.43665225078,54294.78160015745,67779485.75174479,16
find_wg256.json,Clang-SYCL,find,double,512,,91603.15636898001,57963.86204996311,134199834.75376326,16
find_wg256.json,Clang-SYCL,find,double,1024,,89725.437617639,54436.985621134634,271369334.71353126,16
find_wg256.json,Clang-SYCL,find,double,2048,,91331.91886651042,53202.36131208438,533344912.3604569,16
find_wg256.json,Clang-SYCL,find,double,4096,,100872.95577828569,56586.3937127824,973779680.4112656,16
find_wg256.json,Clang-SYCL,find,double,8192,,106914.70452617783,60551.84526177809,1837910696.1706889,16
find_wg256.json,Clang-SYCL,find,double,16384,,123152.25571215969,67980.61862032753,3174958571.2522936,16
find_wg256.json,Clang-SYCL,find,double,32768,,157710.86501760755,83479.42539475161,4973765962.1315975,16
find_wg256.json,Clang-SYCL,find,double,65536,,227470.5099674537,114862.28218063463,6908767169.764168,16
find_wg256.json,Clang-SYCL,find,double,131072,,371655.8471778489,176943.38285410087,8445421317.059046,16
find_wg256.json,Clang-SYCL,find,double,262144,,568512.9586213913,214253.8710858031,11062032773.09896,16
find_wg256.json,Clang-SYCL,find,double,524288,,963090.5894700622,295316.99793530675,13063187834.765106,16
find_wg256.json,Clang-SYCL,find,double,1048576,,1757169.067924528,469429.19402516686,14320786258.921186,16
find_wg256.json,Clang-SYCL,find,double,2097152,,3340680.3523980835,790889.604916079,15061757776.96261,16
find_wg256.json,Clang-SYCL,find,double,4194304,,6822799.613414635,1512486.4170731166,14753127076.566883,16
find_wg256.json,Clang-SYCL,find,double,8388608,,13910676.408163268,3254761.324489843,14469279681.624744,16
find_wg256.json,Clang-SYCL,find,double,16777216,,39987606.8952381,18614326.142857373,10035021592.247753,16
find_wg256.json,Clang-SYCL,find,double,33554432,,72245092.98157895,32247486.607894648,11129187527.07201,16
find_wg256.json,Clang-SYCL,find,double,67108864,,140308522.1111111,56061698.61111157,11464200037.860542,16
find_wg256.json,Clang-SYCL,find,double,134217728,,262784957.14999998,85348688.17000103,12246054192.338167,16
find_wg256.json,Clang-SYCL,find,double,268435456,,473623350.0,119205387.91666739,13467355116.432264,16
find_wg32.json,Clang-SYCL,find,double,8,,332303.75,173897.2499999436,635808.9576360546,16
find_wg32.json,Clang-SYCL,find,double,16,,92604.98203405734,52731.747890954604,4175394.351350383,16
find_wg32.json,Clang-SYCL,find,double,32,,91083.46391258368,51234.90480063477,8639161.973711208,16
find_wg32.json,Clang-SYCL,find,double,64,,91687.92696263501,51737.78531441199,16952218.380534273,16
find_wg32.json,Clang-SYCL,find,double,128,,91712.27851541911,51610.03945374284,33719430.63976349,16
find_wg32.json,Clang-SYCL,find,double,256,,91629.0280026765,51735.34257276671,67107910.73432948,16
find_wg32.json,Clang-SYCL,find,double,512,,91386.07934484107,51557.59238917219,134650920.16345266,16
find_wg32.json,Clang-SYCL,find,double,1024,,93677.96997500012,52523.19852500004,260066222.42822227,16
find_wg32.json,Clang-SYCL,find,double,2048,,92676.21711195512,52325.16891571187,529720269.3537653,16
find_wg32.json,Clang-SYCL,find,double,4096,,97417.8394295185,56277.11707383084,1009011286.1837277,16
find_wg32.json,Clang-SYCL,find,double,8192,,108393.30463966931,67898.38779228406,1806821570.4740822,16
find_wg32.json,Clang-SYCL,find,double,16384,,111038.65093614353,68185.51300198925,3518742608.1051273,16
find_wg32.json,Clang-SYCL,find,double,32768,,128238.06428637309,83602.72376913161,6123389250.680628,16
find_wg32.json,Clang-SYCL,find,double,65536,,166597.88290307144,116775.34851201109,9434671472.273273,16
find_wg32.json,Clang-SYCL,find,double,131072,,247373.29750132372,182672.522426277,12714045002.22247,16
find_wg32.json,Clang-SYCL,find,double,262144,,348949.2726419803,247043.33431323455,18015210454.469994,16
find_wg32.json,Clang-SYCL,find,double,524288,,538563.3304364623,334642.21089223656,23344789380.968155,16
find_wg32.json,Clang-SYCL,find,double,1048576,,931683.867850099,519815.0184089376,26972180210.065765,16
find_wg32.json,Clang-SYCL,find,double,2097152,,1696339.266727274,894654.9815151388,29638647591.29151,16
find_wg32.json,Clang-SYCL,find,double,4194304,,3343273.7917675525,1739520.4927360583,30005566645.46264,16
find_wg32.json,Clang-SYCL,find,double,8388608,,7086438.851785717,3482437.6339287255,28362283297.560333,16
find_wg32.json,Clang-SYCL,find,double,16777216,,14989760.76623377,7829250.753246974,26426138949.00946,16
find_wg32.json,Clang-SYCL,find,double,33554432,,44387526.851562515,33927561.3750003,18119764387.93782,16
find_wg32.json,Clang-SYCL,find,double,67108864,,85077099.25,58131790.48437389,18925657503.019913,16
find_wg32.json,Clang-SYCL,find,double,134217728,,155172674.77777776,89654457.52777869,20752408734.748665,16
find_wg32.json,Clang-SYCL,find,double,268435456,,295620053.77,167187570.30000404,21789352995.481438,16
find_wg512.json,Clang-SYCL,find,double,8,,326904.5,149906.4999999078,657792.8219452284,16
find_wg512.json,Clang-SYCL,find,double,16,,92537.8977170187,52795.45154304275,4320375.7484912425,16
find_wg512.json,Clang-SYCL,find,double,32,,92423.48780287057,52927.91852120099,8563698.470097562,16
find_wg512.json,Clang-SYCL,find,double,64,,91572.94759675211,52355.01890838829,17022777.321491834,16
find_wg512.json,Clang-SYCL,find,double,128,,93972.75160627934,53954.91140955158,32887903.984984145,16
find_wg512.json,Clang-SYCL,find,double,256,,94844.19005440336,54387.124399864,64712736.71494244,16
find_wg512.json,Clang-SYCL,find,double,512,,95541.55420983997,54079.637222946476,126417722.28658706,16
find_wg512.json,Clang-SYCL,find,double,1024,,92737.55109028038,53365.69684882314,265085976.49795786,16
find_wg512.json,Clang-SYCL,find,double,2048,,95446.10419091895,54735.35131479826,514190579.7778894,16
find_wg512.json,Clang-SYCL,find,double,4096,,98974.46508330357,57567.8332683447,979122127.8647835,16
find_wg512.json,Clang-SYCL,find,double,8192,,102387.04871623614,61512.832713713564,1917541611.3120346,16
find_wg512.json,Clang-SYCL,find,double,16384,,111612.02029026055,68821.0264872864,3496726405.351672,16
find_wg512.json,Clang-SYCL,find,double,32768,,132582.04242070415,86367.8162093792,5836942344.856169,16
find_wg512.json,Clang-SYCL,find,double,65536,,164544.9352788275,114620.63244919585,9539386088.81461,16
find_wg512.json,Clang-SYCL,find,double,131072,,244152.7997583292,178076.26307612713,12875686948.15281,16
find_wg512.json,Clang-SYCL,find,double,262144,,334265.30717193545,239685.80471743562,18811928655.094414,16
find_wg512.json,Clang-SYCL,find,double,524288,,511295.93695175403,315787.9351242634,24606212251.356857,16
find_wg512.json,Clang-SYCL,find,double,1048576,,879166.3573899372,485746.72452830384,28616958258.1287,16
find_wg512.json,Clang-SYCL,find,double,2097152,,1605024.6422413788,821281.4218390922,31356179437.810406,16
find_wg512.json,Clang-SYCL,find,double,4194304,,3168151.031609196,1600327.3241379433,31715038747.803024,16
find_wg512.json,Clang-SYCL,find,double,8388608,,6731718.386871507,3131701.0335195335,29869000801.905582,16
find_wg512.json,Clang-SYCL,find,double,16777216,,14099063.594936712,8463741.142404947,28419432575.993732,16
find_wg512.json,Clang-SYCL,find,double,33554432,,42743532.8030303,33477399.924242213,18715096716.94496,16
find_wg512.json,Clang-SYCL,find,double,67108864,,81850649.41176471,58283003.426470764,19674888999.317932,16
find_wg512.json,Clang-SYCL,find,double,134217728,,147858308.0833333,85706697.22222136,21743206142.037697,16
find_wg512.json,Clang-SYCL,find,double,268435456,,275407130.41999996,158698075.29999918,22792629926.71736,16
find_wg64.json,Clang-SYCL,find,double,8,,338975.75,163244.75000006886,613527.9193969774,16
find_wg64.json,Clang-SYCL,find,double,16,,91039.63945918893,51653.27381071612,4247866.879793423,16
find_wg64.json,Clang-SYCL,find,double,32,,90295.39275234737,50486.604916536235,8727228.8049642,16
find_wg64.json,Clang-SYCL,find,double,64,,90830.80817174552,51068.2328802422,17131392.76591232,16
find_wg64.json,Clang-SYCL,find,double,128,,90835.23877118653,51525.48676662327,33999280.98667224,16
find_wg64.json,Clang-SYCL,find,double,256,,90315.130396273,50738.950482219865,68274417.65355155,16
find_wg64.json,Clang-SYCL,find,double,512,,92888.31935245315,52548.762298244474,132242622.19004712,16
find_wg64.json,Clang-SYCL,find,double,1024,,91499.72628757512,51378.40316056063,268670187.58308434,16
find_wg64.json,Clang-SYCL,find,double,2048,,95043.35385256319,53620.56980603889,517181178.5774559,16
find_wg64.json,Clang-SYCL,find,double,4096,,95511.67674957849,55110.95274732975,1020308726.3862443,16
find_wg64.json,Clang-SYCL,find,double,8192,,107951.05858593088,66250.93637403502,1807862684.89724,16
find_wg64.json,Clang-SYCL,find,double,16384,,117679.80802406801,74176.65248674557,3340830443.979832,16
find_wg64.json,Clang-SYCL,find,double,32768,,136035.21546787018,89909.0613909919,5774944506.05629,16
find_wg64.json,Clang-SYCL,find,double,65536,,172096.95267990066,120720.90202853619,9070441790.907574,16
find_wg64.json,Clang-SYCL,find,double,131072,,261904.24915480407,176659.0830604992,12000866237.509693,16
find_wg64.json,Clang-SYCL,find,double,262144,,355090.55650076177,241081.6908329073,17713470825.30198,16
find_wg64.json,Clang-SYCL,find,double,524288,,537568.1612903211,322715.81768433016,23397310830.344093,16
find_wg64.json,Clang-SYCL,find,double,1048576,,904969.0221682864,494505.2957281597,27795292678.251045,16
find_wg64.json,Clang-SYCL,find,double,2097152,,1643529.8563454754,843003.2194476957,30614319384.346287,16
find_wg64.json,Clang-SYCL,find,double,4194304,,3231997.7668604646,1642582.293023252,31123781657.27386,16
find_wg64.json,Clang-SYCL,find,double,8388608,,6868506.323741008,3266022.365107934,29276254513.23139,16
find_wg64.json,Clang-SYCL,find,double,16777216,,14393744.316455692,9341149.534810264,27903532093.63598,16
find_wg64.json,Clang-SYCL,find,double,33554432,,43555930.640625,33264160.148437805,18464787014.35404,16
find_wg64.json,Clang-SYCL,find,double,67108864,,83694296.97058824,58923932.544118434,19115325704.678688,16
find_wg64.json,Clang-SYCL,find,double,134217728,,151811098.7777778,87299551.11111203,21207088689.991524,16
find_wg64.json,Clang-SYCL,find,double,268435456,,289116995.0,162399494.0000003,22275224354.191994,16
foreach_cpu.json,Clang-SYCL_CPU,for_each,double,8,,276561.0,101536.50000022107,772834.6300619866,16
foreach_cpu.json,Clang-SYCL_CPU,for_each,double,16,,70177.75190167624,39051.09742569378,5807334.465638885,16
foreach_cpu.json,Clang-SYCL_CPU,for_each,double,32,,69883.13506292435,38804.93387934477,11324947.339677215,16
foreach_cpu.json,Clang-SYCL_CPU,for_each,double,64,,70276.21498338526,38943.55616252138,22173583.150295712,16
foreach_cpu.json,Clang-SYCL_CPU,for_each,double,128,,70034.74997462308,38625.25144648028,43829744.36986081,16
foreach_cpu.json,Clang-SYCL_CPU,for_each,double,256,,70507.06276056031,38557.04764177029,87220137.6019868,16
foreach_cpu.json,Clang-SYCL_CPU,for_each,double,512,,71204.04375513586,38478.38604149547,172788297.9892623,16
foreach_cpu.json,Clang-SYCL_CPU,for_each,double,1024,,73027.34177172284,38998.90956449254,336330789.8228606,16
foreach_cpu.json,Clang-SYCL_CPU,for_each,double,2048,,75071.3105414653,38761.731100309495,654189674.9233211,16
foreach_cpu.json,Clang-SYCL_CPU,for_each,double,4096,,83782.30405651219,41184.369982416,1161597338.8572898,16
foreach_cpu.json,Clang-SYCL_CPU,for_each,double,8192,,97986.64865056785,44273.317471590664,2001542288.5833807,16
foreach_cpu.json,Clang-SYCL_CPU,for_each,double,16384,,127677.97202848247,49386.30500273875,3074835858.35282,16
foreach_cpu.json,Clang-SYCL_CPU,for_each,double,32768,,180034.97239717207,60134.26185732697,4362402016.591507,16
foreach_cpu.json,Clang-SYCL_CPU,for_each,double,65536,,292766.03279868374,81311.65833847504,5367054025.248875,16
foreach_cpu.json,Clang-SYCL_CPU,for_each,double,131072,,500202.1861568771,123942.80385028836,6264631294.637486,16
foreach_cpu.json,Clang-SYCL_CPU,for_each,double,262144,,770376.6706611562,122952.7987052323,8160759351.021522,16
foreach_cpu.json,Clang-SYCL_CPU,for_each,double,524288,,1307224.955482664,126135.1520618581,9622546279.2468,16
foreach_cpu.json,Clang-SYCL_CPU,for_each,double,1048576,,2375299.741010274,138671.80522260437,10582863701.062628,16
foreach_cpu.json,Clang-SYCL_CPU,for_each,double,2097152,,4591026.0929292925,201824.00757576746,10927644794.832169,16
foreach_cpu.json,Clang-SYCL_CPU,for_each,double,4194304,,10066903.842173912,361598.4304347634,9995909631.010742,16
foreach_cpu.json,Clang-SYCL_CPU,for_each,double,8388608,,21190295.961864404,417091.3457627267,9491924689.963858,16
foreach_cpu.json,Clang-SYCL_CPU,for_each,double,16777216,,43496483.15833333,520433.18333332415,9255348134.389828,16
foreach_cpu.json,Clang-SYCL_CPU,for_each,double,33554432,,88350478.55357143,729747.5571431075,9106667183.474258,16
foreach_cpu.json,Clang-SYCL_CPU,for_each,double,67108864,,178195736.89285716,1140428.8357147558,8946237616.091406,16
foreach_cpu.json,Clang-SYCL_CPU,for_each,double,134217728,,369308054.16666675,1924153.9999998263,8488271234.992498,16
foreach_cpu.json,Clang-SYCL_CPU,for_each,double,268435456,,740286177.1999999,3546929.1500021424,8577262168.570313,16
foreach_cpu_fixed.json,Clang-SYCL_CPU,for_each,double,8,,159417.5,85806.0000000216,1294407.394340916,16
foreach_cpu_fixed.json,Clang-SYCL_CPU,for_each,double,16,,51255.05464729848,33181.236693289015,7619892.628442289,16
foreach_cpu_fixed.json,Clang-SYCL_CPU,for_each,double,32,,50659.51649484523,32870.34692530293,15314544.845810315,16
foreach_cpu_fixed.json,Clang-SYCL_CPU,for_each,double,64,,54859.938637360276,34249.46183220053,27950070.469668366,16
foreach_cpu_fixed.json,Clang-SYCL_CPU,for_each,double,128,,67569.15397992817,35755.49789319227,45802442.02664879,16
foreach_cpu_fixed.json,Clang-SYCL_CPU,for_each,double,256,,53812.539252336515,34124.41314559743,110680673.32644096,16
foreach_cpu_fixed.json,Clang-SYCL_CPU,for_each,double,512,,114011.02591911756,37553.72936274495,105365879.83248478,16
foreach_cpu_fixed.json,Clang-SYCL_CPU,for_each,double,1024,,107768.59297612283,36166.53330166568,226716530.50641483,16
foreach_cpu_fixed.json,Clang-SYCL_CPU,for_each,double,2048,,118626.40047907455,39256.95021241979,394777491.7302066,16
foreach_cpu_fixed.json,Clang-SYCL_CPU,for_each,double,4096,,98268.25182500003,28919.59727499991,982732107.0026823,16
foreach_cpu_fixed.json,Clang-SYCL_CPU,for_each,double,8192,,122948.27350266774,39603.21898249071,1583138534.4242687,16
foreach_cpu_fixed.json,Clang-SYCL_CPU,for_each,double,16384,,146410.28696026688,43499.879508991035,2678638719.9494514,16
foreach_cpu_fixed.json,Clang-SYCL_CPU,for_each,double,32768,,191837.91932424763,46050.15880865458,4066544096.952301,16
foreach_cpu_fixed.json,Clang-SYCL_CPU,for_each,double,65536,,305891.61541840463,40978.67933230754,5127859962.63818,16
foreach_cpu_fixed.json,Clang-SYCL_CPU,for_each,double,131072,,544701.4770550688,54372.42673583281,5747667084.504137,16
foreach_cpu_fixed.json,Clang-SYCL_CPU,for_each,double,262144,,908216.6542635667,63273.05116279023,6924837392.848051,16
foreach_cpu_fixed.json,Clang-SYCL_CPU,for_each,double,524288,,1680245.695508982,55647.517065863496,7488074752.565259,16
foreach_cpu_fixed.json,Clang-SYCL_CPU,for_each,double,1048576,,3203266.832392776,57939.77200902952,7821290549.349657,16
foreach_cpu_fixed.json,Clang-SYCL_CPU,for_each,double,2097152,,6139890.317982454,67740.31337718536,8185938123.12462,16
foreach_cpu_fixed.json,Clang-SYCL_CPU,for_each,double,4194304,,14583760.81510417,70154.85416672629,6895977854.599417,16
foreach_cpu_fixed.json,Clang-SYCL_CPU,for_each,double,8388608,,31099785.477777775,73003.28777765862,6468043993.87479,16
foreach_cpu_fixed.json,Clang-SYCL_CPU,for_each,double,16777216,,65685525.47619047,84949.87619040255,6127187894.534594,16
foreach_cpu_fixed.json,Clang-SYCL_CPU,for_each,double,33554432,,130834159.68181817,102392.49999925577,6135240126.444426,16
foreach_cpu_fixed.json,Clang-SYCL_CPU,for_each,double,67108864,,267466575.41000003,183207.40000064007,6001664164.371695,16
foreach_cpu_fixed.json,Clang-SYCL_CPU,for_each,double,134217728,,535418907.99999994,250118.2500012078,5870951972.607394,16
foreach_cpu_fixed.json,Clang-SYCL_CPU,for_each,double,268435456,,850266527.5,255953.00001057808,7550736778.219539,16
foreach_cpu_its1.json,Clang-SYCL_CPU,for_each,double,8,,219885.0,119673.25000000751,947936.1689735567,16
foreach_cpu_its1.json,Clang-SYCL_CPU,for_each,double,16,,68922.7439951837,37988.87778059447,5822981.474665866,16
foreach_cpu_its1.json,Clang-SYCL_CPU,for_each,double,32,,68498.55671392842,37804.900260020586,11553952.31536837,16
foreach_cpu_its1.json,Clang-SYCL_CPU,for_each,double,64,,68800.50869436315,37814.240688139194,22565480.44245597,16
foreach_cpu_its1.json,Clang-SYCL_CPU,for_each,double,128,,69535.52854433871,37995.69564599023,44483325.49824695,16
foreach_cpu_its1.json,Clang-SYCL_CPU,for_each,double,256,,70843.10645435873,38237.651557258076,86817603.86426419,16
foreach_cpu_its1.json,Clang-SYCL_CPU,for_each,double,512,,72854.90350786984,39546.77495885204,166073727.30515838,16
foreach_cpu_its1.json,Clang-SYCL_CPU,for_each,double,1024,,73209.6744699878,38525.90319059415,335479847.97306925,16
foreach_cpu_its1.json,Clang-SYCL_CPU,for_each,double,2048,,76991.78502494903,39060.276539452694,638549583.1294886,16
foreach_cpu_its1.json,Clang-SYCL_CPU,for_each,double,4096,,85245.76194892093,41055.45928853739,1149568181.2395396,16
foreach_cpu_its1.json,Clang-SYCL_CPU,for_each,double,8192,,104890.71680390608,45692.77348247486,1868440405.8842533,16
foreach_cpu_its1.json,Clang-SYCL_CPU,for_each,double,16384,,131764.736926411,48892.45350042445,2970310283.7290754,16
foreach_cpu_its1.json,Clang-SYCL_CPU,for_each,double,32768,,190117.38961741189,59695.4504866832,4123148317.5079,16
foreach_cpu_its1.json,Clang-SYCL_CPU,for_each,double,65536,,304944.2983047163,81248.36846337773,5155806842.076408,16
foreach_cpu_its1.json,Clang-SYCL_CPU,for_each,double,131072,,533140.0121396059,124503.1502276188,5889385617.66917,16
foreach_cpu_its1.json,Clang-SYCL_CPU,for_each,double,262144,,793497.9950263295,123403.57679929542,7921350607.158596,16
foreach_cpu_its1.json,Clang-SYCL_CPU,for_each,double,524288,,1324971.1234153258,126065.50993377503,9411893362.886507,16
foreach_cpu_its1.json,Clang-SYCL_CPU,for_each,double,1048576,,2385285.936086957,138956.43695652607,10523105760.346298,16
foreach_cpu_its1.json,Clang-SYCL_CPU,for_each,double,2097152,,4646484.1033898285,212139.2525423583,10763027888.081501,16
foreach_cpu_its1.json,Clang-SYCL_CPU,for_each,double,4194304,,10160289.62612613,319988.29099100793,9900573351.000565,16
foreach_cpu_its1.json,Clang-SYCL_CPU,for_each,double,8388608,,21404587.11842105,413028.0175439245,9404742092.044739,16
foreach_cpu_its1.json,Clang-SYCL_CPU,for_each,double,16777216,,43944790.375,516033.2550002049,9161911416.530792,16
foreach_cpu_its1.json,Clang-SYCL_CPU,for_each,double,33554432,,89372471.26785715,726382.8500002082,9006962581.138577,16
foreach_cpu_its1.json,Clang-SYCL_CPU,for_each,double,67108864,,180104261.0,1133958.6428574324,8941733808.34402,16
foreach_cpu_its1.json,Clang-SYCL_CPU,for_each,double,134217728,,360720694.3125,1921904.6250000815,8929107668.461191,16
foreach_cpu_its1.json,Clang-SYCL_CPU,for_each,double,268435456,,739757935.25,3548074.099997933,8653678638.055893,16
foreach_cpu_its10.json,Clang-SYCL_CPU,for_each,double,8,,144640.5,52053.00000005186,1435406.025079886,16
foreach_cpu_its10.json,Clang-SYCL_CPU,for_each,double,16,,69402.73744216788,38625.58703734302,5741945.575304193,16
foreach_cpu_its10.json,Clang-SYCL_CPU,for_each,double,32,,68894.29305699699,38703.10502249247,11466241.370179476,16
foreach_cpu_its10.json,Clang-SYCL_CPU,for_each,double,64,,70601.38499618231,39310.01915245615,22018770.865675494,16
foreach_cpu_its10.json,Clang-SYCL_CPU,for_each,double,128,,70855.68102044976,39216.720495472524,43668371.20706389,16
foreach_cpu_its10.json,Clang-SYCL_CPU,for_each,double,256,,71629.15613378152,38996.32054613072,85501360.48143739,16
foreach_cpu_its10.json,Clang-SYCL_CPU,for_each,double,512,,71557.5791770576,38612.564733998355,167773918.60618547,16
foreach_cpu_its10.json,Clang-SYCL_CPU,for_each,double,1024,,73145.34308869316,39210.5719009336,332459163.67536277,16
foreach_cpu_its10.json,Clang-SYCL_CPU,for_each,double,2048,,76354.92119304232,39739.06154625995,643651274.5219007,16
foreach_cpu_its10.json,Clang-SYCL_CPU,for_each,double,4096,,83754.63869801606,41567.1974486136,1172633907.9767327,16
foreach_cpu_its10.json,Clang-SYCL_CPU,for_each,double,8192,,98620.10271167272,45169.623402302066,1992164342.4737139,16
foreach_cpu_its10.json,Clang-SYCL_CPU,for_each,double,16384,,126635.38810319906,49455.53820260262,3098315221.936795,16
foreach_cpu_its10.json,Clang-SYCL_CPU,for_each,double,32768,,180706.79679420908,61184.90644389978,4350550484.96031,16
foreach_cpu_its10.json,Clang-SYCL_CPU,for_each,double,65536,,290373.89393625886,83819.0869205308,5415260894.297102,16
foreach_cpu_its10.json,Clang-SYCL_CPU,for_each,double,131072,,506290.4368896929,129099.14276672658,6211207985.472456,16
foreach_cpu_its10.json,Clang-SYCL_CPU,for_each,double,262144,,779714.6886503067,132361.0253764678,8066917804.604334,16
foreach_cpu_its10.json,Clang-SYCL_CPU,for_each,double,524288,,1337783.184471155,143285.5672115379,9368002189.102192,16
foreach_cpu_its10.json,Clang-SYCL_CPU,for_each,double,1048576,,2374154.6100682598,166190.22269624454,10579143665.813007,16
foreach_cpu_its10.json,Clang-SYCL_CPU,for_each,double,2097152,,4702028.007731958,257946.74982816997,10646091227.624508,16
foreach_cpu_its10.json,Clang-SYCL_CPU,for_each,double,4194304,,10099611.607142858,465877.14732141246,9960594236.68565,16
foreach_cpu_its10.json,Clang-SYCL_CPU,for_each,double,8388608,,21255834.887931034,618714.4379309057,9470486692.387375,16
foreach_cpu_its10.json,Clang-SYCL_CPU,for_each,double,16777216,,43628176.81666666,935945.7083333449,9228882547.544731,16
foreach_cpu_its10.json,Clang-SYCL_CPU,for_each,double,33554432,,88573353.36666664,1558302.1833334006,9087538240.145363,16
foreach_cpu_its10.json,Clang-SYCL_CPU,for_each,double,67108864,,178694076.1428572,2798710.321428136,9012221441.2785,16
foreach_cpu_its10.json,Clang-SYCL_CPU,for_each,double,134217728,,359430146.0,5256741.866665494,8959077864.815414,16
foreach_cpu_its10.json,Clang-SYCL_CPU,for_each,double,268435456,,751127493.25,10197445.750002032,8479750881.792053,16
foreach_cpu_its100.json,Clang-SYCL_CPU,for_each,double,8,,159490.75,70762.24999996717,1317718.261186867,16
foreach_cpu_its100.json,Clang-SYCL_CPU,for_each,double,16,,97497.07806038443,61721.37326166514,4039388.0241682725,16
foreach_cpu_its100.json,Clang-SYCL_CPU,for_each,double,32,,87919.95355817012,56879.448159567066,9005955.914664164,16
foreach_cpu_its100.json,Clang-SYCL_CPU,for_each,double,64,,88783.51187146432,57480.21748776299,17543975.75191897,16
foreach_cpu_its100.json,Clang-SYCL_CPU,for_each,double,128,,89258.52940321679,58079.29727765953,34526200.60020387,16
foreach_cpu_its100.json,Clang-SYCL_CPU,for_each,double,256,,90138.3370835768,58833.2079875316,68336579.6054816,16
foreach_cpu_its100.json,Clang-SYCL_CPU,for_each,double,512,,91076.09096567068,58852.66534001543,135033743.27075243,16
foreach_cpu_its100.json,Clang-SYCL_CPU,for_each,double,1024,,93901.93178493077,60108.049042362036,261935838.69004017,16
foreach_cpu_its100.json,Clang-SYCL_CPU,for_each,double,2048,,96466.70527813956,60286.69344605255,508687251.9175879,16
foreach_cpu_its100.json,Clang-SYCL_CPU,for_each,double,4096,,105704.2279682681,62781.9308594629,929093486.1855228,16
foreach_cpu_its100.json,Clang-SYCL_CPU,for_each,double,8192,,120816.84666695405,66460.6973922803,1626359819.5083246,16
foreach_cpu_its100.json,Clang-SYCL_CPU,for_each,double,16384,,149499.76473113708,71011.2649726315,2621372944.056246,16
foreach_cpu_its100.json,Clang-SYCL_CPU,for_each,double,32768,,204818.4731005712,83751.22763138624,3831900630.894141,16
foreach_cpu_its100.json,Clang-SYCL_CPU,for_each,double,65536,,314078.7690168023,108142.43012034599,5004259115.03647,16
foreach_cpu_its100.json,Clang-SYCL_CPU,for_each,double,131072,,551389.6417291745,175770.98543229312,5704275605.0981,16
foreach_cpu_its100.json,Clang-SYCL_CPU,for_each,double,262144,,871105.6561528895,225847.3419826025,7221492149.0711,16
foreach_cpu_its100.json,Clang-SYCL_CPU,for_each,double,524288,,1494005.1849571737,323033.309957177,8418810059.662677,16
foreach_cpu_its100.json,Clang-SYCL_CPU,for_each,double,1048576,,2729375.7710000016,501145.1435000041,9218850585.57537,16
foreach_cpu_its100.json,Clang-SYCL_CPU,for_each,double,2097152,,5770802.340340909,926111.6875000054,8516794152.013006,16
foreach_cpu_its100.json,Clang-SYCL_CPU,for_each,double,4194304,,11150080.223913047,1680746.5239130715,9008231461.652416,16
foreach_cpu_its100.json,Clang-SYCL_CPU,for_each,double,8388608,,23811692.61057692,3186175.379807484,8452119673.293983,16
foreach_cpu_its100.json,Clang-SYCL_CPU,for_each,double,16777216,,48925897.2037037,5949676.499999368,8152763649.460894,16
foreach_cpu_its100.json,Clang-SYCL_CPU,for_each,double,33554432,,113217025.9090909,11661954.954545643,7102044098.459272,16
foreach_cpu_its100.json,Clang-SYCL_CPU,for_each,double,67108864,,229763437.4,23108889.650001176,6930052809.178575,16
foreach_cpu_its100.json,Clang-SYCL_CPU,for_each,double,134217728,,473438266.3333334,45989778.41667088,6495955878.715742,16
foreach_cpu_its100.json,Clang-SYCL_CPU,for_each,double,268435456,,885947369.875,91661312.42499915,7241309837.237099,16
foreach_cpu_its1000.json,Clang-SYCL_CPU,for_each,double,8,,329349.75,242333.0000000945,650278.6886642698,16
foreach_cpu_its1000.json,Clang-SYCL_CPU,for_each,double,16,,243136.15823578573,211172.59045777604,1638403.8032882628,16
foreach_cpu_its1000.json,Clang-SYCL_CPU,for_each,double,32,,244667.8512863142,213714.47488624422,3236559.3155500004,16
foreach_cpu_its1000.json,Clang-SYCL_CPU,for_each,double,64,,250288.54907590122,218963.21595191042,6227550.956244469,16
foreach_cpu_its1000.json,Clang-SYCL_CPU,for_each,double,128,,256985.21319610428,225391.17437051944,12044512.377433881,16
foreach_cpu_its1000.json,Clang-SYCL_CPU,for_each,double,256,,262367.2152620668,230718.48628393636,23498211.971176904,16
foreach_cpu_its1000.json,Clang-SYCL_CPU,for_each,double,512,,268472.5621409425,235695.68542703838,45851637.383249894,16
foreach_cpu_its1000.json,Clang-SYCL_CPU,for_each,double,1024,,281497.5638855423,246780.23163654696,87349888.20214343,16
foreach_cpu_its1000.json,Clang-SYCL_CPU,for_each,double,2048,,284696.5759390865,247588.30883248785,172699734.37211823,16
foreach_cpu_its1000.json,Clang-SYCL_CPU,for_each,double,4096,,291966.50974770676,249209.84225396183,336709474.4829607,16
foreach_cpu_its1000.json,Clang-SYCL_CPU,for_each,double,8192,,308133.99318830995,253114.7801032727,637832404.3720185,16
foreach_cpu_its1000.json,Clang-SYCL_CPU,for_each,double,16384,,340898.57726277335,261427.12602189672,1152586268.403839,16
foreach_cpu_its1000.json,Clang-SYCL_CPU,for_each,double,32768,,404727.7898728695,283078.1920687633,1942809741.7145863,16
foreach_cpu_its1000.json,Clang-SYCL_CPU,for_each,double,65536,,566272.317842741,356732.9897983854,2776945616.869315,16
foreach_cpu_its1000.json,Clang-SYCL_CPU,for_each,double,131072,,1039574.2630970145,654882.078134327,3017782241.3640327,16
foreach_cpu_its1000.json,Clang-SYCL_CPU,for_each,double,262144,,1851635.7923784484,1172949.7316031472,3397599330.9939785,16
foreach_cpu_its1000.json,Clang-SYCL_CPU,for_each,double,524288,,3395185.1426328514,2139689.979710142,3695315008.8861623,16
foreach_cpu_its1000.json,Clang-SYCL_CPU,for_each,double,1048576,,6255924.797991071,3864276.4051339505,4015938531.112238,16
foreach_cpu_its1000.json,Clang-SYCL_CPU,for_each,double,2097152,,11962630.576576576,7386505.871621622,4203624587.9672213,16
foreach_cpu_its1000.json,Clang-SYCL_CPU,for_each,double,4194304,,24321192.65789473,14547703.60350877,4072473095.4950733,16
foreach_cpu_its1000.json,Clang-SYCL_CPU,for_each,double,8388608,,61913199.156521745,28827909.75000011,3249925414.212187,16
foreach_cpu_its1000.json,Clang-SYCL_CPU,for_each,double,16777216,,122542565.19999999,57239619.255000636,3283972973.3250265,16
foreach_cpu_its1000.json,Clang-SYCL_CPU,for_each,double,33554432,,236510566.44999996,114011961.3399989,3390366914.9670143,16
foreach_cpu_its1000.json,Clang-SYCL_CPU,for_each,double,67108864,,458135491.00000006,227679496.96666488,3456919805.0348253,16
foreach_cpu_its1000.json,Clang-SYCL_CPU,for_each,double,134217728,,878109504.875,455116580.1250007,3653488660.498558,16
foreach_cpu_its1000.json,Clang-SYCL_CPU,for_each,double,268435456,,1736218049.0,909767927.7499964,3707941997.723175,16
foreach_cpu_its1000_fixed.json,Clang-SYCL_CPU,for_each,double,8,,173149.25,65186.00000010588,1206283.6712600866,16
foreach_cpu_its1000_fixed.json,Clang-SYCL_CPU,for_each,double,16,,84295.99775988373,38121.803738572395,4829006.14177775,16
foreach_cpu_its1000_fixed.json,Clang-SYCL_CPU,for_each,double,32,,102333.13743099046,39913.138535149075,7727729.0255333,16
foreach_cpu_its1000_fixed.json,Clang-SYCL_CPU,for_each,double,64,,137761.63130225294,40419.206850594914,11321107.241607511,16
foreach_cpu_its1000_fixed.json,Clang-SYCL_CPU,for_each,double,128,,208607.70147673038,40099.05856951076,14838947.305130057,16
foreach_cpu_its1000_fixed.json,Clang-SYCL_CPU,for_each,double,256,,349712.88701298693,39280.44615384625,17635289.935397875,16
foreach_cpu_its1000_fixed.json,Clang-SYCL_CPU,for_each,double,512,,498281.9934156378,44790.749176954894,24581040.355196714,16
foreach_cpu_its1000_fixed.json,Clang-SYCL_CPU,for_each,double,1024,,528146.0036715614,55513.85246996006,44943611.956725225,16
foreach_cpu_its1000_fixed.json,Clang-SYCL_CPU,for_each,double,2048,,474015.00739041774,41000.53549099536,103596364.77264135,16
foreach_cpu_its1000_fixed.json,Clang-SYCL_CPU,for_each,double,4096,,485186.8667927132,42862.080182192934,202480329.74919292,16
foreach_cpu_its1000_fixed.json,Clang-SYCL_CPU,for_each,double,8192,,486826.1903781347,48134.16136278526,401844561.8754717,16
foreach_cpu_its1000_fixed.json,Clang-SYCL_CPU,for_each,double,16384,,522537.6229143492,46665.36794586586,751544732.5892165,16
foreach_cpu_its1000_fixed.json,Clang-SYCL_CPU,for_each,double,32768,,962143.003611898,49891.59815864083,816317230.212328,16
foreach_cpu_its1000_fixed.json,Clang-SYCL_CPU,for_each,double,65536,,1838153.7082671947,52152.35747354479,853651750.0070916,16
foreach_cpu_its1000_fixed.json,Clang-SYCL_CPU,for_each,double,131072,,3606378.1249999977,60135.97102564151,870161893.3032147,16
foreach_cpu_its1000_fixed.json,Clang-SYCL_CPU,for_each,double,262144,,7135398.214467005,71946.39593909748,881174287.0566049,16
foreach_cpu_its1000_fixed.json,Clang-SYCL_CPU,for_each,double,524288,,13924930.93814433,72582.08041238347,902978143.1031446,16
foreach_cpu_its1000_fixed.json,Clang-SYCL_CPU,for_each,double,1048576,,28042494.220000006,77346.37699999071,896729812.2935152,16
foreach_cpu_its1000_fixed.json,Clang-SYCL_CPU,for_each,double,2097152,,56696845.370000005,79007.4400000762,887461267.2011858,16
foreach_cpu_its1000_fixed.json,Clang-SYCL_CPU,for_each,double,4194304,,116662911.55000001,81451.60000001539,861035734.6034317,16
foreach_cpu_its1000_fixed.json,Clang-SYCL_CPU,for_each,double,8388608,,233674555.35000002,97556.10000077297,860606953.4046724,16
foreach_cpu_its1000_fixed.json,Clang-SYCL_CPU,for_each,double,16777216,,463961819.1166667,122982.30000039231,866265741.7618294,16
foreach_cpu_its1000_fixed.json,Clang-SYCL_CPU,for_each,double,33554432,,950416251.75,232692.3500010736,847036691.1391323,16
foreach_cpu_its1000_fixed.json,Clang-SYCL_CPU,for_each,double,67108864,,1986674321.0500002,196251.99999850907,807819416.6678404,16
foreach_cpu_its1000_fixed.json,Clang-SYCL_CPU,for_each,double,134217728,,3905333701.25,250757.00000165572,817302802.3395231,16
foreach_cpu_its1000_fixed.json,Clang-SYCL_CPU,for_each,double,268435456,,7700013085.25,287360.5000033308,825308202.9149503,16
foreach_cpu_its100_fixed.json,Clang-SYCL_CPU,for_each,double,8,,128267.49999999999,56899.000000110165,1648510.362856315,16
foreach_cpu_its100_fixed.json,Clang-SYCL_CPU,for_each,double,16,,58550.826101449915,35156.424329129426,6883804.460107204,16
foreach_cpu_its100_fixed.json,Clang-SYCL_CPU,for_each,double,32,,54981.251192451295,35833.3709456657,14275003.487495389,16
foreach_cpu_its100_fixed.json,Clang-SYCL_CPU,for_each,double,64,,77335.8671362287,43750.71717384948,20134578.362734526,16
foreach_cpu_its100_fixed.json,Clang-SYCL_CPU,for_each,double,128,,88378.65446953295,44320.74537581195,34835496.28158988,16
foreach_cpu_its100_fixed.json,Clang-SYCL_CPU,for_each,double,256,,101378.93688112871,44315.238802519314,60828012.7632741,16
foreach_cpu_its100_fixed.json,Clang-SYCL_CPU,for_each,double,512,,273045.12097735377,47876.38951132361,45067900.63606362,16
foreach_cpu_its100_fixed.json,Clang-SYCL_CPU,for_each,double,1024,,216057.00150748665,51561.630513962125,100772500.9210858,16
foreach_cpu_its100_fixed.json,Clang-SYCL_CPU,for_each,double,2048,,139826.79003691746,42051.9698061837,349346391.7027692,16
foreach_cpu_its100_fixed.json,Clang-SYCL_CPU,for_each,double,4096,,148150.66999842622,44283.49429403441,656574789.4707512,16
foreach_cpu_its100_fixed.json,Clang-SYCL_CPU,for_each,double,8192,,155388.1842015275,44491.50871993659,1258502059.7992034,16
foreach_cpu_its100_fixed.json,Clang-SYCL_CPU,for_each,double,16384,,192175.84631001568,44805.57312295221,2038564803.9056907,16
foreach_cpu_its100_fixed.json,Clang-SYCL_CPU,for_each,double,32768,,268307.14695591276,41998.72212502933,2915194707.879021,16
foreach_cpu_its100_fixed.json,Clang-SYCL_CPU,for_each,double,65536,,544178.8437416109,58206.17013422806,2758007281.0944815,16
foreach_cpu_its100_fixed.json,Clang-SYCL_CPU,for_each,double,131072,,988105.7523148167,62654.18283730105,3086733711.199115,16
foreach_cpu_its100_fixed.json,Clang-SYCL_CPU,for_each,double,262144,,1563432.787820512,70019.7064102526,3996850384.317076,16
foreach_cpu_its100_fixed.json,Clang-SYCL_CPU,for_each,double,524288,,2982697.9299363033,71768.55700636655,4209028687.4875135,16
foreach_cpu_its100_fixed.json,Clang-SYCL_CPU,for_each,double,1048576,,5752431.588775508,70288.47551018608,4371127119.794359,16
foreach_cpu_its100_fixed.json,Clang-SYCL_CPU,for_each,double,2097152,,11325623.780737702,73225.6967212873,4424720199.631756,16
foreach_cpu_its100_fixed.json,Clang-SYCL_CPU,for_each,double,4194304,,24710624.638297867,76362.22340429509,4055462388.9541245,16
foreach_cpu_its100_fixed.json,Clang-SYCL_CPU,for_each,double,8388608,,51342808.73076923,85862.69230766912,3916956282.790922,16
foreach_cpu_its100_fixed.json,Clang-SYCL_CPU,for_each,double,16777216,,104562240.54545456,93739.11818157538,3847197292.6200614,16
foreach_cpu_its100_fixed.json,Clang-SYCL_CPU,for_each,double,33554432,,211108413.625,108345.08333286882,3810902432.9762907,16
foreach_cpu_its100_fixed.json,Clang-SYCL_CPU,for_each,double,67108864,,492168357.6666667,177782.2333340377,3259165456.0422316,16
foreach_cpu_its100_fixed.json,Clang-SYCL_CPU,for_each,double,134217728,,965166059.75,246792.59999658144,3276852606.27888,16
foreach_cpu_its100_fixed.json,Clang-SYCL_CPU,for_each,double,268435456,,1623877370.0,266502.7499944017,3927635868.948608,16
foreach_cpu_its10_fixed.json,Clang-SYCL_CPU,for_each,double,8,,136025.0,63477.75000004053,1499809.7384773577,16
foreach_cpu_its10_fixed.json,Clang-SYCL_CPU,for_each,double,16,,57280.805927904,34018.29580774364,7075355.196925594,16
foreach_cpu_its10_fixed.json,Clang-SYCL_CPU,for_each,double,32,,49595.51928574362,32241.845336300914,15794754.6067437,16
foreach_cpu_its10_fixed.json,Clang-SYCL_CPU,for_each,double,64,,48782.67005309828,31773.117661542492,31871107.03579592,16
foreach_cpu_its10_fixed.json,Clang-SYCL_CPU,for_each,double,128,,50508.69060866795,32417.618560457868,60104749.49364983,16
foreach_cpu_its10_fixed.json,Clang-SYCL_CPU,for_each,double,256,,49893.07865457612,32586.731092735143,122476787.43679272,16
foreach_cpu_its10_fixed.json,Clang-SYCL_CPU,for_each,double,512,,164449.1186621224,45384.05281210097,74139239.56534517,16
foreach_cpu_its10_fixed.json,Clang-SYCL_CPU,for_each,double,1024,,107185.10923059136,35483.953009473495,196385109.89780587,16
foreach_cpu_its10_fixed.json,Clang-SYCL_CPU,for_each,double,2048,,102373.21003368308,32942.70362649688,448351619.0775254,16
foreach_cpu_its10_fixed.json,Clang-SYCL_CPU,for_each,double,4096,,93468.65326032205,36181.29283106752,998372209.6737626,16
foreach_cpu_its10_fixed.json,Clang-SYCL_CPU,for_each,double,8192,,119418.82587135772,35460.80844420862,1628716905.9021728,16
foreach_cpu_its10_fixed.json,Clang-SYCL_CPU,for_each,double,16384,,141795.18867577479,49517.966132423,2744004785.3978176,16
foreach_cpu_its10_fixed.json,Clang-SYCL_CPU,for_each,double,32768,,188478.4186208268,41707.80541202857,4150404022.914647,16
foreach_cpu_its10_fixed.json,Clang-SYCL_CPU,for_each,double,65536,,299315.9308199914,40408.69877758651,5222095343.056892,16
foreach_cpu_its10_fixed.json,Clang-SYCL_CPU,for_each,double,131072,,550194.4728113713,57460.90185018193,5709953257.405926,16
foreach_cpu_its10_fixed.json,Clang-SYCL_CPU,for_each,double,262144,,907640.4813190394,60347.36010396364,6911255972.502266,16
foreach_cpu_its10_fixed.json,Clang-SYCL_CPU,for_each,double,524288,,1697410.117857142,63419.11428571529,7406097302.40806,16
foreach_cpu_its10_fixed.json,Clang-SYCL_CPU,for_each,double,1048576,,3235070.8727482697,68425.90334872427,7778369146.724552,16
foreach_cpu_its10_fixed.json,Clang-SYCL_CPU,for_each,double,2097152,,6409860.400229357,67970.52408254982,7850409226.103763,16
foreach_cpu_its10_fixed.json,Clang-SYCL_CPU,for_each,double,4194304,,15067373.31612903,69084.7387096987,6678060259.85599,16
foreach_cpu_its10_fixed.json,Clang-SYCL_CPU,for_each,double,8388608,,31830952.755681824,78913.67045460966,6322694231.931092,16
foreach_cpu_its10_fixed.json,Clang-SYCL_CPU,for_each,double,16777216,,66041252.73809524,88322.95238089419,6091414952.09807,16
foreach_cpu_its10_fixed.json,Clang-SYCL_CPU,for_each,double,33554432,,130234593.09090906,101562.17272733092,6178694567.188022,16
foreach_cpu_its10_fixed.json,Clang-SYCL_CPU,for_each,double,67108864,,288203104.3,165977.5000014463,5576188160.45993,16
foreach_cpu_its10_fixed.json,Clang-SYCL_CPU,for_each,double,134217728,,561119955.75,258197.24999820435,5730979662.907756,16
foreach_cpu_its10_fixed.json,Clang-SYCL_CPU,for_each,double,268435456,,931907522.25,276004.7500061091,6305703337.271505,16
foreach_cpu_its1_fixed.json,Clang-SYCL_CPU,for_each,double,8,,164756.75,86006.74999981184,1280043.4030459505,16
foreach_cpu_its1_fixed.json,Clang-SYCL_CPU,for_each,double,16,,52333.75770499256,33307.44235471395,7356516.7527859025,16
foreach_cpu_its1_fixed.json,Clang-SYCL_CPU,for_each,double,32,,59397.430083138264,37192.86668415533,13287838.148831412,16
foreach_cpu_its1_fixed.json,Clang-SYCL_CPU,for_each,double,64,,64918.92172901633,38024.507705068085,23976276.76753377,16
foreach_cpu_its1_fixed.json,Clang-SYCL_CPU,for_each,double,128,,65772.11476295743,37363.40973962152,46073115.14509058,16
foreach_cpu_its1_fixed.json,Clang-SYCL_CPU,for_each,double,256,,49234.48390324566,31625.965533367886,123557769.63571626,16
foreach_cpu_its1_fixed.json,Clang-SYCL_CPU,for_each,double,512,,191191.19295287027,54403.35526021979,60634759.01172648,16
foreach_cpu_its1_fixed.json,Clang-SYCL_CPU,for_each,double,1024,,112947.15444678513,38896.52713416398,213939234.2803908,16
foreach_cpu_its1_fixed.json,Clang-SYCL_CPU,for_each,double,2048,,81373.70117405892,32529.961167536196,594506696.3231688,16
foreach_cpu_its1_fixed.json,Clang-SYCL_CPU,for_each,double,4096,,100869.62652048134,38984.07883490046,960130521.3628933,16
foreach_cpu_its1_fixed.json,Clang-SYCL_CPU,for_each,double,8192,,107922.95280277988,40412.87307736068,1799905949.5455585,16
foreach_cpu_its1_fixed.json,Clang-SYCL_CPU,for_each,double,16384,,151376.56283748843,48659.73396607004,2558590160.6510906,16
foreach_cpu_its1_fixed.json,Clang-SYCL_CPU,for_each,double,32768,,200412.8727567639,57266.28509801222,3893073302.2019486,16
foreach_cpu_its1_fixed.json,Clang-SYCL_CPU,for_each,double,65536,,316281.63913455454,44284.30222152074,4954964111.181673,16
foreach_cpu_its1_fixed.json,Clang-SYCL_CPU,for_each,double,131072,,513570.8144189656,48502.03410416067,6102989220.591753,16
foreach_cpu_its1_fixed.json,Clang-SYCL_CPU,for_each,double,262144,,872057.9453674126,60918.74856230324,7172405554.329547,16
foreach_cpu_its1_fixed.json,Clang-SYCL_CPU,for_each,double,524288,,1649455.6901408448,50813.03609154717,7614120390.7386055,16
foreach_cpu_its1_fixed.json,Clang-SYCL_CPU,for_each,double,1048576,,3154203.5905466955,64127.75056947635,7974447737.841629,16
foreach_cpu_its1_fixed.json,Clang-SYCL_CPU,for_each,double,2097152,,6110301.050438597,67879.49999997098,8223462626.211332,16
foreach_cpu_its1_fixed.json,Clang-SYCL_CPU,for_each,double,4194304,,14710366.813414631,75582.78414640747,6821104205.149366,16
foreach_cpu_its1_fixed.json,Clang-SYCL_CPU,for_each,double,8388608,,31291453.877777785,81357.58333330677,6426716459.764915,16
foreach_cpu_its1_fixed.json,Clang-SYCL_CPU,for_each,double,16777216,,66298214.873809524,88788.03571409409,6070139259.197827,16
foreach_cpu_its1_fixed.json,Clang-SYCL_CPU,for_each,double,33554432,,128680190.90909094,101131.31818136686,6256280614.705574,16
foreach_cpu_its1_fixed.json,Clang-SYCL_CPU,for_each,double,67108864,,267662685.4,193268.52000034478,5986290878.009198,16
foreach_cpu_its1_fixed.json,Clang-SYCL_CPU,for_each,double,134217728,,540170564.75,253411.24999656016,5919751024.534535,16
foreach_cpu_its1_fixed.json,Clang-SYCL_CPU,for_each,double,268435456,,976866231.75,263763.75000225496,6443155520.943273,16
foreach_gnu.json,GNU-OMP,for_each,double,8,,27.55299272210616,51.197779962595575,7837728756.8507805,16
foreach_gnu.json,GNU-OMP,for_each,double,16,,34.5433481265808,58.1675973046771,11807325369.514025,16
foreach_gnu.json,GNU-OMP,for_each,double,32,,48.700520305768435,72.3216760794675,16255459519.27219,16
foreach_gnu.json,GNU-OMP,for_each,double,64,,76.99685941064382,100.63418347444633,20247768557.474655,16
foreach_gnu.json,GNU-OMP,for_each,double,128,,138.90662834746894,162.5609019889179,22283730178.58166,16
foreach_gnu.json,GNU-OMP,for_each,double,256,,251.6496307939249,275.3368256078429,24501318625.742744,16
foreach_gnu.json,GNU-OMP,for_each,double,512,,477.3233251220149,501.01301319510605,25791511157.96803,16
foreach_gnu.json,GNU-OMP,for_each,double,1024,,110125.1051054464,110184.09566074976,221363436.54429945,16
foreach_gnu.json,GNU-OMP,for_each,double,2048,,112402.57751688643,112464.24646188444,437163578.11794037,16
foreach_gnu.json,GNU-OMP,for_each,double,4096,,113212.20335866071,113272.98092312778,868349115.3068097,16
foreach_gnu.json,GNU-OMP,for_each,double,8192,,117212.70152035556,117288.00781119193,1677151212.69668,16
foreach_gnu.json,GNU-OMP,for_each,double,16384,,116149.72630314094,116224.71018065696,3382817395.1280766,16
foreach_gnu.json,GNU-OMP,for_each,double,32768,,121080.61527958944,121167.50307418068,6477310362.73387,16
foreach_gnu.json,GNU-OMP,for_each,double,65536,,122924.98094146696,123008.9569508103,12782212222.352228,16
foreach_gnu.json,GNU-OMP,for_each,double,131072,,127993.25977214676,128074.20529365409,24491204508.51602,16
foreach_gnu.json,GNU-OMP,for_each,double,262144,,137898.2768264842,137977.1746575363,45368901036.177,16
foreach_gnu.json,GNU-OMP,for_each,double,524288,,161216.34158101398,161314.68954267318,77955107393.15802,16
foreach_gnu.json,GNU-OMP,for_each,double,1048576,,206099.02402645093,206178.38541513908,121934287215.00479,16
foreach_gnu.json,GNU-OMP,for_each,double,2097152,,298225.3444731408,298366.98990702746,168462781000.8501,16
foreach_gnu.json,GNU-OMP,for_each,double,4194304,,475350.8211286536,475492.78720188915,211699132561.0137,16
foreach_gnu.json,GNU-OMP,for_each,double,8388608,,906471.4158371049,906583.3136716082,220752912741.08237,16
foreach_gnu.json,GNU-OMP,for_each,double,16777216,,4854597.899317411,4852150.210750801,82828438907.47017,16
foreach_gnu.json,GNU-OMP,for_each,double,33554432,,11559762.539130434,11555002.515217513,69306636358.62259,16
foreach_gnu.json,GNU-OMP,for_each,double,67108864,,25027146.835454546,25011193.5490906,64197179015.993385,16
foreach_gnu.json,GNU-OMP,for_each,double,134217728,,48426853.90517241,48392057.586207025,66426372302.570885,16
foreach_gnu.json,GNU-OMP,for_each,double,268435456,,94887994.60416667,94876481.64583245,67855772901.465195,16
foreach_gnu_its1.json,GNU-OMP,for_each,double,8,,27.03449610386736,50.68278384625247,7989044399.190003,16
foreach_gnu_its1.json,GNU-OMP,for_each,double,16,,33.9387249519514,57.52615792321191,12017835964.312252,16
foreach_gnu_its1.json,GNU-OMP,for_each,double,32,,48.17250623549218,71.77521738045662,16438300463.0974,16
foreach_gnu_its1.json,GNU-OMP,for_each,double,64,,76.34051978362763,99.99728008726436,20429768986.71762,16
foreach_gnu_its1.json,GNU-OMP,for_each,double,128,,137.3915551184333,161.04697753667443,22526059547.5632,16
foreach_gnu_its1.json,GNU-OMP,for_each,double,256,,249.87624283472007,273.5328536683645,24680504712.19168,16
foreach_gnu_its1.json,GNU-OMP,for_each,double,512,,476.1518242181649,499.8410863163672,25848846807.411903,16
foreach_gnu_its1.json,GNU-OMP,for_each,double,1024,,105669.73209606983,105702.76625424596,231304999.89930588,16
foreach_gnu_its1.json,GNU-OMP,for_each,double,2048,,105811.72859848457,105844.45361742447,464527056.60244834,16
foreach_gnu_its1.json,GNU-OMP,for_each,double,4096,,106479.07200424964,106511.93265917891,922972190.875841,16
foreach_gnu_its1.json,GNU-OMP,for_each,double,8192,,111094.77986402104,111127.09799193645,1768601229.3313384,16
foreach_gnu_its1.json,GNU-OMP,for_each,double,16384,,109786.37199163565,109819.05296693862,3570861497.0627847,16
foreach_gnu_its1.json,GNU-OMP,for_each,double,32768,,115151.74413756089,115184.71625794802,6812524403.577806,16
foreach_gnu_its1.json,GNU-OMP,for_each,double,65536,,117215.10944715983,117247.55055621188,13391674734.959774,16
foreach_gnu_its1.json,GNU-OMP,for_each,double,131072,,121965.5099237654,121998.1078406169,25531656362.57161,16
foreach_gnu_its1.json,GNU-OMP,for_each,double,262144,,130871.80240298394,130904.14138419645,47838600578.86108,16
foreach_gnu_its1.json,GNU-OMP,for_each,double,524288,,153455.7879993394,153488.28073071374,81912340775.02362,16
foreach_gnu_its1.json,GNU-OMP,for_each,double,1048576,,198627.7009453781,198660.8876050456,126674867344.6718,16
foreach_gnu_its1.json,GNU-OMP,for_each,double,2097152,,288085.44918367366,288119.6524999978,174640698341.70105,16
foreach_gnu_its1.json,GNU-OMP,for_each,double,4194304,,470539.9636181578,470585.5485647544,213771154463.57193,16
foreach_gnu_its1.json,GNU-OMP,for_each,double,8388608,,903071.1693442619,903243.1981967193,222204627036.83008,16
foreach_gnu_its1.json,GNU-OMP,for_each,double,16777216,,4922612.049484534,4922539.020790431,80685881207.93843,16
foreach_gnu_its1.json,GNU-OMP,for_each,double,33554432,,11419890.26875,11420274.797916837,69656339420.04274,16
foreach_gnu_its1.json,GNU-OMP,for_each,double,67108864,,25447463.511818178,25442880.53909125,63210162603.527306,16
foreach_gnu_its1.json,GNU-OMP,for_each,double,134217728,,48363673.89655173,48360644.103448965,66531663571.71159,16
foreach_gnu_its1.json,GNU-OMP,for_each,double,268435456,,94884131.74000001,94875693.80999976,67854356992.73686,16
foreach_gnu_its10.json,GNU-OMP,for_each,double,8,,68.11633381674163,91.83137021850447,3168953176.6253443,16
foreach_gnu_its10.json,GNU-OMP,for_each,double,16,,118.18536586414015,141.84319842532676,3452003172.6623483,16
foreach_gnu_its10.json,GNU-OMP,for_each,double,32,,213.6317863720482,237.2829424800268,3707155703.347582,16
foreach_gnu_its10.json,GNU-OMP,for_each,double,64,,404.65385520105747,428.3246205368673,3854127453.5730934,16
foreach_gnu_its10.json,GNU-OMP,for_each,double,128,,786.3238294241323,809.991129833631,3936537609.092926,16
foreach_gnu_its10.json,GNU-OMP,for_each,double,256,,1551.5063684309239,1575.168773785733,3975208351.088517,16
foreach_gnu_its10.json,GNU-OMP,for_each,double,512,,3081.3520149690053,3104.994204545722,3995454888.2599897,16
foreach_gnu_its10.json,GNU-OMP,for_each,double,1024,,113850.49251123308,113970.54805292047,215685464.84576103,16
foreach_gnu_its10.json,GNU-OMP,for_each,double,2048,,110948.2681168005,111072.45602181111,442862180.6663245,16
foreach_gnu_its10.json,GNU-OMP,for_each,double,4096,,112948.2419042229,113072.83984091126,869882116.5203521,16
foreach_gnu_its10.json,GNU-OMP,for_each,double,8192,,118459.06031779703,118577.68177966065,1658641598.0872731,16
foreach_gnu_its10.json,GNU-OMP,for_each,double,16384,,117272.754252556,117394.33295625917,3352120666.79953,16
foreach_gnu_its10.json,GNU-OMP,for_each,double,32768,,125268.52616406973,125372.54545829413,6266162490.213997,16
foreach_gnu_its10.json,GNU-OMP,for_each,double,65536,,128096.20987400715,128210.87838948146,12269580089.616116,16
foreach_gnu_its10.json,GNU-OMP,for_each,double,131072,,138502.8110601374,138610.04106412677,22676395540.05491,16
foreach_gnu_its10.json,GNU-OMP,for_each,double,262144,,162846.55088994862,162954.9583992549,38595022741.7109,16
foreach_gnu_its10.json,GNU-OMP,for_each,double,524288,,224672.06327447324,224779.24039653287,55889861337.98517,16
foreach_gnu_its10.json,GNU-OMP,for_each,double,1048576,,340698.70045546594,340817.2069584986,73660234870.23936,16
foreach_gnu_its10.json,GNU-OMP,for_each,double,2097152,,579945.9504158003,580076.1446985549,86743440448.47406,16
foreach_gnu_its10.json,GNU-OMP,for_each,double,4194304,,1031904.4759759761,1032015.0910285168,96428310863.98795,16
foreach_gnu_its10.json,GNU-OMP,for_each,double,8388608,,1906271.548591549,1906473.104577424,105038501079.56522,16
foreach_gnu_its10.json,GNU-OMP,for_each,double,16777216,,5130764.095571954,5130987.157749075,77980051573.24551,16
foreach_gnu_its10.json,GNU-OMP,for_each,double,33554432,,12046094.05882353,12045161.99509767,66774819307.23407,16
foreach_gnu_its10.json,GNU-OMP,for_each,double,67108864,,25886241.879629634,25883750.87962928,62101214105.36363,16
foreach_gnu_its10.json,GNU-OMP,for_each,double,134217728,,49311191.30357143,49303236.071428925,65096888353.62773,16
foreach_gnu_its10.json,GNU-OMP,for_each,double,268435456,,95478134.7857143,95472568.6785695,67445356078.50664,16
foreach_gnu_its100.json,GNU-OMP,for_each,double,8,,685.001299611932,708.6443477951456,315191350.92153215,16
foreach_gnu_its100.json,GNU-OMP,for_each,double,16,,1323.975998463478,1347.6617215174333,308124100.30959225,16
foreach_gnu_its100.json,GNU-OMP,for_each,double,32,,2604.6952354689647,2628.3435747771973,304020584.8177786,16
foreach_gnu_its100.json,GNU-OMP,for_each,double,64,,5166.6863445389945,5190.331157653636,301866140.0412749,16
foreach_gnu_its100.json,GNU-OMP,for_each,double,128,,10275.456669670803,10300.102897849625,301178017.8384158,16
foreach_gnu_its100.json,GNU-OMP,for_each,double,256,,20492.59809959239,20517.31901936965,300818900.68406355,16
foreach_gnu_its100.json,GNU-OMP,for_each,double,512,,40938.26741111061,40962.23175630294,300737441.17964435,16
foreach_gnu_its100.json,GNU-OMP,for_each,double,1024,,98315.28061565933,98423.45194810054,250077619.5727406,16
foreach_gnu_its100.json,GNU-OMP,for_each,double,2048,,100817.03425536859,100924.97784391468,486700482.2984084,16
foreach_gnu_its100.json,GNU-OMP,for_each,double,4096,,105897.40283133,106004.6472934162,928296369.3662531,16
foreach_gnu_its100.json,GNU-OMP,for_each,double,8192,,114257.27639891655,114369.68290531632,1718485113.3110175,16
foreach_gnu_its100.json,GNU-OMP,for_each,double,16384,,131450.56530707952,131565.46268166817,2991130548.666826,16
foreach_gnu_its100.json,GNU-OMP,for_each,double,32768,,166664.42536292243,166792.33430509258,4717965736.494772,16
foreach_gnu_its100.json,GNU-OMP,for_each,double,65536,,237154.906171171,237296.30599098792,6631659881.730333,16
foreach_gnu_its100.json,GNU-OMP,for_each,double,131072,,383386.65744223597,383544.74395486526,8203718710.814007,16
foreach_gnu_its100.json,GNU-OMP,for_each,double,262144,,665604.1483412329,665764.5936018925,9449419850.079687,16
foreach_gnu_its100.json,GNU-OMP,for_each,double,524288,,1213578.9521963825,1213765.059216203,10366259003.7141,16
foreach_gnu_its100.json,GNU-OMP,for_each,double,1048576,,2322657.924629326,2322852.2808896205,10831167132.593342,16
foreach_gnu_its100.json,GNU-OMP,for_each,double,2097152,,4491216.85977564,4491438.723557751,11201533422.502758,16
foreach_gnu_its100.json,GNU-OMP,for_each,double,4194304,,8844537.215189872,8844726.71518993,11381057328.37437,16
foreach_gnu_its100.json,GNU-OMP,for_each,double,8388608,,17524066.903846152,17524293.602564402,11488196048.604267,16
foreach_gnu_its100.json,GNU-OMP,for_each,double,16777216,,35780617.29230769,35780579.010256454,11249473436.749813,16
foreach_gnu_its100.json,GNU-OMP,for_each,double,33554432,,72057914.55263157,72057140.63157806,11175272996.320038,16
foreach_gnu_its100.json,GNU-OMP,for_each,double,67108864,,146227837.78571427,146227584.10713947,11013279384.655743,16
foreach_gnu_its100.json,GNU-OMP,for_each,double,134217728,,321069897.25,320980384.3750052,10023086220.748,16
foreach_gnu_its100.json,GNU-OMP,for_each,double,268435456,,646962824.5,646954137.4999893,9950629319.829742,16
foreach_gnu_its1000.json,GNU-OMP,for_each,double,8,,8486.048678592933,8509.705960750392,25452938.578237116,16
foreach_gnu_its1000.json,GNU-OMP,for_each,double,16,,16931.098975473145,16955.86313383008,24095792.65344115,16
foreach_gnu_its1000.json,GNU-OMP,for_each,double,32,,33810.69688503229,33835.438425132204,23423616.13018023,16
foreach_gnu_its1000.json,GNU-OMP,for_each,double,64,,67564.15754511583,67589.01150709379,23088511.12572462,16
foreach_gnu_its1000.json,GNU-OMP,for_each,double,128,,135072.4240955134,135097.59213699953,22920667.61928528,16
foreach_gnu_its1000.json,GNU-OMP,for_each,double,256,,270105.43907968374,270130.3088944636,22834407.451302662,16
foreach_gnu_its1000.json,GNU-OMP,for_each,double,512,,540128.4909336416,540153.6604938256,22793038.5733318,16
foreach_gnu_its1000.json,GNU-OMP,for_each,double,1024,,119442.4390760644,119517.04896134838,205517593.09042618,16
foreach_gnu_its1000.json,GNU-OMP,for_each,double,2048,,141896.7045546764,141971.95719212748,346302860.6439096,16
foreach_gnu_its1000.json,GNU-OMP,for_each,double,4096,,186978.8198971413,187054.76522842637,525612867.59428895,16
foreach_gnu_its1000.json,GNU-OMP,for_each,double,8192,,278222.0013618265,278300.43850827764,706340035.1923685,16
foreach_gnu_its1000.json,GNU-OMP,for_each,double,16384,,460666.08898026275,460747.21562500554,853592734.4829403,16
foreach_gnu_its1000.json,GNU-OMP,for_each,double,32768,,831204.2780235988,831305.8216814164,946059623.9297776,16
foreach_gnu_its1000.json,GNU-OMP,for_each,double,65536,,1561961.4905027924,1562077.8083798897,1006892311.4555535,16
foreach_gnu_its1000.json,GNU-OMP,for_each,double,131072,,3025492.9330453584,3025603.1965442705,1039665862.179572,16
foreach_gnu_its1000.json,GNU-OMP,for_each,double,262144,,5960249.727659574,5960380.255319124,1055504530.6274673,16
foreach_gnu_its1000.json,GNU-OMP,for_each,double,524288,,11822763.218487393,11822936.638655467,1064224038.1056464,16
foreach_gnu_its1000.json,GNU-OMP,for_each,double,1048576,,23557468.237499997,23557440.074999884,1068123864.2417582,16
foreach_gnu_its1000.json,GNU-OMP,for_each,double,2097152,,47004493.58333333,47004312.98333332,1070694076.6430943,16
foreach_gnu_its1000.json,GNU-OMP,for_each,double,4194304,,93969700.46333334,93969999.93333393,1071169842.9566315,16
foreach_gnu_its1000.json,GNU-OMP,for_each,double,8388608,,193463769.25,193462199.49999958,1040012066.4293067,16
foreach_gnu_its1000.json,GNU-OMP,for_each,double,16777216,,389694891.25,389696832.75,1031308639.1958327,16
foreach_gnu_its1000.json,GNU-OMP,for_each,double,33554432,,774465835.625,774449543.3750131,1039713669.2153354,16
foreach_gnu_its1000.json,GNU-OMP,for_each,double,67108864,,1555853587.0500002,1555857189.5999904,1034659869.7844698,16
foreach_gnu_its1000.json,GNU-OMP,for_each,double,134217728,,3173199290.75,3173148785.4999895,1014474826.0623236,16
foreach_gnu_its1000.json,GNU-OMP,for_each,double,268435456,,6265202258.0,5742816065.550026,1027898810.6332328,16
foreach_gnu_its1000_new.json,GNU-OMP,for_each,double,8,,8492.642300523263,8516.40453351945,25433324.562602602,16
foreach_gnu_its1000_new.json,GNU-OMP,for_each,double,16,,16941.50407906816,16965.45521805442,24079824.3920195,16
foreach_gnu_its1000_new.json,GNU-OMP,for_each,double,32,,33824.250048308255,33848.20001811598,23412209.999837197,16
foreach_gnu_its1000_new.json,GNU-OMP,for_each,double,64,,67615.69209305604,67640.0330241097,23068602.789565444,16
foreach_gnu_its1000_new.json,GNU-OMP,for_each,double,128,,135154.38622246007,135178.2919780648,22903858.100892387,16
foreach_gnu_its1000_new.json,GNU-OMP,for_each,double,256,,270235.3792471068,270261.9197876446,22822831.876022093,16
foreach_gnu_its1000_new.json,GNU-OMP,for_each,double,512,,540442.23021999,540476.3155152429,22779026.4808674,16
foreach_gnu_its1000_new.json,GNU-OMP,for_each,double,1024,,130506.51238875862,130581.17327868805,188395804.1580189,16
foreach_gnu_its1000_new.json,GNU-OMP,for_each,double,2048,,152722.95891532092,152796.21409864695,321550538.8773506,16
foreach_gnu_its1000_new.json,GNU-OMP,for_each,double,4096,,198316.04580503656,198392.7038766271,495467104.2614249,16
foreach_gnu_its1000_new.json,GNU-OMP,for_each,double,8192,,289274.2375879184,289360.23717418674,679474450.0632105,16
foreach_gnu_its1000_new.json,GNU-OMP,for_each,double,16384,,471598.311257163,471690.95053926576,833766857.0324796,16
foreach_gnu_its1000_new.json,GNU-OMP,for_each,double,32768,,840328.696716419,840443.9213432868,935455664.7599216,16
foreach_gnu_its1000_new.json,GNU-OMP,for_each,double,65536,,1573895.0044943835,1574030.6505618165,999168598.6570091,16
foreach_gnu_its1000_new.json,GNU-OMP,for_each,double,131072,,3028499.6320346333,3028646.86958878,1038370894.5290943,16
foreach_gnu_its1000_new.json,GNU-OMP,for_each,double,262144,,5964546.9765957445,5964696.401063827,1054713552.453896,16
foreach_gnu_its1000_new.json,GNU-OMP,for_each,double,524288,,11830324.241596643,11830421.226890795,1063483559.8404714,16
foreach_gnu_its1000_new.json,GNU-OMP,for_each,double,1048576,,23557637.805084746,23557903.525423914,1068178234.2004359,16
foreach_gnu_its1000_new.json,GNU-OMP,for_each,double,2097152,,46975915.09499999,46975945.13833308,1071409926.5153968,16
foreach_gnu_its1000_new.json,GNU-OMP,for_each,double,4194304,,93871511.56666665,93870798.01666877,1072207692.2538102,16
foreach_gnu_its1000_new.json,GNU-OMP,for_each,double,8388608,,187491700.53571427,187490828.32142556,1073734197.6108465,16
foreach_gnu_its1000_new.json,GNU-OMP,for_each,double,16777216,,384587719.6833334,384587146.49999785,1046672924.599196,16
foreach_gnu_its1000_new.json,GNU-OMP,for_each,double,33554432,,771300143.875,771301162.0000074,1043951110.3121915,16
foreach_gnu_its1000_new.json,GNU-OMP,for_each,double,67108864,,1548500666.9,1548497693.649992,1039925267.0254946,16
foreach_gnu_its1000_new.json,GNU-OMP,for_each,double,134217728,,3161694628.05,3161681452.6500006,1018617670.3689194,16
foreach_gnu_its1000_new.json,GNU-OMP,for_each,double,268435456,,6161200691.25,6161176093.500017,1045324677.2025951,16
foreach_gnu_its100_new.json,GNU-OMP,for_each,double,8,,684.2738129980542,707.8937576338119,315556014.48028445,16
foreach_gnu_its100_new.json,GNU-OMP,for_each,double,16,,1322.7314811997253,1346.3979712313246,308374005.316365,16
foreach_gnu_its100_new.json,GNU-OMP,for_each,double,32,,2599.7199666540564,2623.329436047449,304485539.2411233,16
foreach_gnu_its100_new.json,GNU-OMP,for_each,double,64,,5155.429760295406,5179.0987495304435,302567273.7954156,16
foreach_gnu_its100_new.json,GNU-OMP,for_each,double,128,,10264.54299225477,10288.49563939641,301489752.7631043,16
foreach_gnu_its100_new.json,GNU-OMP,for_each,double,256,,20473.654456375367,20497.679491116367,301153120.99882346,16
foreach_gnu_its100_new.json,GNU-OMP,for_each,double,512,,40903.86577171175,40928.41195331434,300814924.95862484,16
foreach_gnu_its100_new.json,GNU-OMP,for_each,double,1024,,119124.57580329863,119251.56961917694,205894210.5450526,16
foreach_gnu_its100_new.json,GNU-OMP,for_each,double,2048,,121352.26338786035,121476.97520447696,405142377.22680557,16
foreach_gnu_its100_new.json,GNU-OMP,for_each,double,4096,,125650.26577081802,125775.02979181707,782327903.0253325,16
foreach_gnu_its100_new.json,GNU-OMP,for_each,double,8192,,133997.8848996834,134121.7626955955,1466529078.8631768,16
foreach_gnu_its100_new.json,GNU-OMP,for_each,double,16384,,151210.3196836745,151334.83671866357,2600227822.5146036,16
foreach_gnu_its100_new.json,GNU-OMP,for_each,double,32768,,186009.07628749608,186133.5048778862,4225801018.872393,16
foreach_gnu_its100_new.json,GNU-OMP,for_each,double,65536,,255128.61298689496,255255.1236803768,6163836225.123051,16
foreach_gnu_its100_new.json,GNU-OMP,for_each,double,131072,,398082.0568309857,398201.31456338323,7896759684.882843,16
foreach_gnu_its100_new.json,GNU-OMP,for_each,double,262144,,680408.0443822956,680530.65418288,9243373085.718853,16
foreach_gnu_its100_new.json,GNU-OMP,for_each,double,524288,,1226742.231659387,1226862.3242358193,10254805251.510923,16
foreach_gnu_its100_new.json,GNU-OMP,for_each,double,1048576,,2341700.0891666664,2341833.1354166353,10742815091.159908,16
foreach_gnu_its100_new.json,GNU-OMP,for_each,double,2097152,,4519373.125401929,4519508.0916398745,11127963320.13552,16
foreach_gnu_its100_new.json,GNU-OMP,for_each,double,4194304,,8852840.28006329,8853009.33702517,11368507266.513538,16
foreach_gnu_its100_new.json,GNU-OMP,for_each,double,8388608,,18186759.915254235,18187033.565254703,11063280153.490868,16
foreach_gnu_its100_new.json,GNU-OMP,for_each,double,16777216,,36460140.325,36459854.542646624,11041943005.202171,16
foreach_gnu_its100_new.json,GNU-OMP,for_each,double,33554432,,73073586.375,73074265.90625,11017430961.749008,16
foreach_gnu_its100_new.json,GNU-OMP,for_each,double,67108864,,147364168.25,147361876.92857075,10921871014.954544,16
foreach_gnu_its100_new.json,GNU-OMP,for_each,double,134217728,,322149284.3125,322150777.50000274,9982999102.310806,16
foreach_gnu_its100_new.json,GNU-OMP,for_each,double,268435456,,646299255.5,646292664.5999999,9951078664.918596,16
foreach_gnu_its10_new.json,GNU-OMP,for_each,double,8,,68.22381975829438,91.86723593569826,3165649231.132552,16
foreach_gnu_its10_new.json,GNU-OMP,for_each,double,16,,118.30924265234955,141.93422369207622,3448482415.964134,16
foreach_gnu_its10_new.json,GNU-OMP,for_each,double,32,,213.64735687473774,237.30755974171853,3706750948.7862453,16
foreach_gnu_its10_new.json,GNU-OMP,for_each,double,64,,404.3586785029621,427.97119625428263,3857323138.6427236,16
foreach_gnu_its10_new.json,GNU-OMP,for_each,double,128,,786.411749964461,810.0938642664526,3935542145.628827,16
foreach_gnu_its10_new.json,GNU-OMP,for_each,double,256,,1552.6796874088632,1576.350242495521,3972039572.4178324,16
foreach_gnu_its10_new.json,GNU-OMP,for_each,double,512,,3088.559623830568,3112.1314576133686,3985949130.0147715,16
foreach_gnu_its10_new.json,GNU-OMP,for_each,double,1024,,111684.98296912332,111757.98115544516,220054274.33437032,16
foreach_gnu_its10_new.json,GNU-OMP,for_each,double,2048,,112791.14701408893,112873.83007124532,435605300.3236116,16
foreach_gnu_its10_new.json,GNU-OMP,for_each,double,4096,,114298.69318274155,114365.57107743502,860201620.5565176,16
foreach_gnu_its10_new.json,GNU-OMP,for_each,double,8192,,115765.31058478536,115833.26348393477,1697584011.5991063,16
foreach_gnu_its10_new.json,GNU-OMP,for_each,double,16384,,116184.61056016583,116253.53002074765,3380816197.712337,16
foreach_gnu_its10_new.json,GNU-OMP,for_each,double,32768,,121567.21889595693,121649.1646436037,6455825432.155128,16
foreach_gnu_its10_new.json,GNU-OMP,for_each,double,65536,,126299.21372132929,126379.14843326714,12447225104.37181,16
foreach_gnu_its10_new.json,GNU-OMP,for_each,double,131072,,139462.62855218502,139542.80726900775,22552234527.711235,16
foreach_gnu_its10_new.json,GNU-OMP,for_each,double,262144,,164645.3142697683,164723.99932440318,38197852553.03639,16
foreach_gnu_its10_new.json,GNU-OMP,for_each,double,524288,,220633.93681318683,220711.38364804193,56929820755.97044,16
foreach_gnu_its10_new.json,GNU-OMP,for_each,double,1048576,,333492.12809671246,333607.4326107689,75399347095.8248,16
foreach_gnu_its10_new.json,GNU-OMP,for_each,double,2097152,,562524.2410678437,562628.8131272554,89432083257.71948,16
foreach_gnu_its10_new.json,GNU-OMP,for_each,double,4194304,,1020690.5731560282,1020842.8065957334,97875462735.966,16
foreach_gnu_its10_new.json,GNU-OMP,for_each,double,8388608,,2022419.5291811852,2022594.457317073,99459556924.83356,16
foreach_gnu_its10_new.json,GNU-OMP,for_each,double,16777216,,4419678.884948097,4419649.316608952,91048371288.80188,16
foreach_gnu_its10_new.json,GNU-OMP,for_each,double,33554432,,10774619.512820508,10774885.623931507,74701435252.36975,16
foreach_gnu_its10_new.json,GNU-OMP,for_each,double,67108864,,22918626.508474573,22914272.94067786,70229932828.6532,16
foreach_gnu_its10_new.json,GNU-OMP,for_each,double,134217728,,46719651.99107144,46720065.61607083,68941871383.94034,16
foreach_gnu_its10_new.json,GNU-OMP,for_each,double,268435456,,93463419.39285715,93459312.37500134,68882707612.60211,16
foreach_gnu_its1_new.json,GNU-OMP,for_each,double,8,,26.975262183245853,50.59393828188374,8006103607.898546,16
foreach_gnu_its1_new.json,GNU-OMP,for_each,double,16,,33.91221602366551,57.535232037782336,12029333914.819546,16
foreach_gnu_its1_new.json,GNU-OMP,for_each,double,32,,48.06014202495713,71.64097307123711,16474279920.588232,16
foreach_gnu_its1_new.json,GNU-OMP,for_each,double,64,,76.14828381374082,99.80061157897913,20483561336.918427,16
foreach_gnu_its1_new.json,GNU-OMP,for_each,double,128,,137.1453805272852,160.81678810980108,22567804158.78621,16
foreach_gnu_its1_new.json,GNU-OMP,for_each,double,256,,249.8068623811542,273.4862044307298,24686603234.64102,16
foreach_gnu_its1_new.json,GNU-OMP,for_each,double,512,,475.4489451172667,499.07331871454574,25879378305.08202,16
foreach_gnu_its1_new.json,GNU-OMP,for_each,double,1024,,109770.03127347058,109829.38996912286,223943917.07757813,16
foreach_gnu_its1_new.json,GNU-OMP,for_each,double,2048,,109522.1604270769,109580.72829481421,448756921.25888646,16
foreach_gnu_its1_new.json,GNU-OMP,for_each,double,4096,,109520.21870568776,109579.66194658887,897724688.3779099,16
foreach_gnu_its1_new.json,GNU-OMP,for_each,double,8192,,109427.13585937551,109491.83953125108,1795506186.549625,16
foreach_gnu_its1_new.json,GNU-OMP,for_each,double,16384,,107572.44784390359,107632.58155637322,3651767696.2044387,16
foreach_gnu_its1_new.json,GNU-OMP,for_each,double,32768,,110420.46075421192,110486.14556762783,7119384346.945566,16
foreach_gnu_its1_new.json,GNU-OMP,for_each,double,65536,,112389.42399758428,112457.94255233412,13972568789.834358,16
foreach_gnu_its1_new.json,GNU-OMP,for_each,double,131072,,118342.78900548289,118411.84447490187,26403089383.813286,16
foreach_gnu_its1_new.json,GNU-OMP,for_each,double,262144,,127584.20784964014,127636.08434678169,48954983886.414215,16
foreach_gnu_its1_new.json,GNU-OMP,for_each,double,524288,,149215.97588867607,149264.16384631576,84264956043.48611,16
foreach_gnu_its1_new.json,GNU-OMP,for_each,double,1048576,,192462.71654592647,192521.78905823053,130653099428.07591,16
foreach_gnu_its1_new.json,GNU-OMP,for_each,double,2097152,,280151.93070071255,280294.0366092654,179360650206.6009,16
foreach_gnu_its1_new.json,GNU-OMP,for_each,double,4194304,,453501.3379050371,453692.05004812195,221837158680.56305,16
foreach_gnu_its1_new.json,GNU-OMP,for_each,double,8388608,,866484.498955132,866693.5753226844,232082225790.51416,16
foreach_gnu_its1_new.json,GNU-OMP,for_each,double,16777216,,4813350.244035087,4812826.534385877,83108886988.49419,16
foreach_gnu_its1_new.json,GNU-OMP,for_each,double,33554432,,11608267.766528923,11607181.491735868,69193657997.60587,16
foreach_gnu_its1_new.json,GNU-OMP,for_each,double,67108864,,25352417.915178575,25347383.57589299,63337800513.72414,16
foreach_gnu_its1_new.json,GNU-OMP,for_each,double,134217728,,48208030.01724137,48200664.32758537,66744001107.80507,16
foreach_gnu_its1_new.json,GNU-OMP,for_each,double,268435456,,94602482.18333334,94584894.26666763,68089549257.90259,16
foreach_gpu_its1.json,Clang-SYCL,for_each,double,8,,89116.0,49000.000000021246,2417202.4239925537,16
foreach_gpu_its1.json,Clang-SYCL,for_each,double,16,,41196.73321616855,24563.791805799643,9891867.540502064,16
foreach_gpu_its1.json,Clang-SYCL,for_each,double,32,,41241.72070134776,24627.52467486712,19042389.501087915,16
foreach_gpu_its1.json,Clang-SYCL,for_each,double,64,,42872.60639954555,25587.30168370528,36303606.09818174,16
foreach_gpu_its1.json,Clang-SYCL,for_each,double,128,,44857.42286450708,26481.386100883654,68870891.64211023,16
foreach_gpu_its1.json,Clang-SYCL,for_each,double,256,,45203.5556452654,26904.00919616317,136361473.5259094,16
foreach_gpu_its1.json,Clang-SYCL,for_each,double,512,,44458.56587490091,27135.793962787007,275260299.6186881,16
foreach_gpu_its1.json,Clang-SYCL,for_each,double,1024,,44267.744015702745,26594.794191242137,551433794.5907073,16
foreach_gpu_its1.json,Clang-SYCL,for_each,double,2048,,44456.62269238113,25927.554946710596,1100872702.1205144,16
foreach_gpu_its1.json,Clang-SYCL,for_each,double,4096,,45593.348698463335,26893.165783421497,2149708845.446363,16
foreach_gpu_its1.json,Clang-SYCL,for_each,double,8192,,51209.499475704375,30572.409821146117,3803307968.6224184,16
foreach_gpu_its1.json,Clang-SYCL,for_each,double,16384,,78272.88985669785,36099.85196630752,5002618358.270159,16
foreach_gpu_its1.json,Clang-SYCL,for_each,double,32768,,111710.23316404037,46582.65632248246,7036386679.321063,16
foreach_gpu_its1.json,Clang-SYCL,for_each,double,65536,,181575.31044513884,68545.76788363987,8655901558.829147,16
foreach_gpu_its1.json,Clang-SYCL,for_each,double,131072,,324750.9784802786,110928.79634570857,9685008597.275257,16
foreach_gpu_its1.json,Clang-SYCL,for_each,double,262144,,523701.80966654234,110645.71627950344,12008858834.763174,16
foreach_gpu_its1.json,Clang-SYCL,for_each,double,524288,,918968.8595191038,114108.07444005116,13679685777.329178,16
foreach_gpu_its1.json,Clang-SYCL,for_each,double,1048576,,1724615.0655129794,131180.51761434434,14561157183.954132,16
foreach_gpu_its1.json,Clang-SYCL,for_each,double,2097152,,3329325.307434052,168563.540167878,15100763348.664228,16
foreach_gpu_its1.json,Clang-SYCL,for_each,double,4194304,,6830886.604878049,237868.92439022305,14734708900.915707,16
foreach_gpu_its1.json,Clang-SYCL,for_each,double,8388608,,13821228.505050505,290254.9494949096,14560516117.684765,16
foreach_gpu_its1.json,Clang-SYCL,for_each,double,16777216,,27854479.01666666,390144.0444445193,14454368970.811913,16
foreach_gpu_its1.json,Clang-SYCL,for_each,double,33554432,,55947799.64130436,601670.8847825337,14376762481.369965,16
foreach_gpu_its1.json,Clang-SYCL,for_each,double,67108864,,113647182.37499999,1020061.2500004999,14171114081.610683,16
foreach_gpu_its1.json,Clang-SYCL,for_each,double,134217728,,224775457.7916667,1822717.2166684605,14323021130.32616,16
foreach_gpu_its1.json,Clang-SYCL,for_each,double,268435456,,456689987.4166667,3460549.083335707,14029240115.188759,16
foreach_gpu_its10.json,Clang-SYCL,for_each,double,8,,97380.75,35905.74999989827,2201360.0206130873,16
foreach_gpu_its10.json,Clang-SYCL,for_each,double,16,,42519.51659726347,25401.398443386883,9566706.13496275,16
foreach_gpu_its10.json,Clang-SYCL,for_each,double,32,,43486.72848009408,25872.79761867993,18206432.925093688,16
foreach_gpu_its10.json,Clang-SYCL,for_each,double,64,,42537.70153363047,25330.31124662486,36650561.67207062,16
foreach_gpu_its10.json,Clang-SYCL,for_each,double,128,,42828.10228633725,25419.131598747066,72057391.98563546,16
foreach_gpu_its10.json,Clang-SYCL,for_each,double,256,,42657.836466737295,25210.431905921723,144496048.7355309,16
foreach_gpu_its10.json,Clang-SYCL,for_each,double,512,,42764.440675501566,25379.051112573416,287744120.6643368,16
foreach_gpu_its10.json,Clang-SYCL,for_each,double,1024,,42691.58507045706,25212.319942897357,575216228.0557667,16
foreach_gpu_its10.json,Clang-SYCL,for_each,double,2048,,43426.80939699736,25358.212097427335,1129322584.4413197,16
foreach_gpu_its10.json,Clang-SYCL,for_each,double,4096,,46748.47127981217,27755.20526368836,2102786782.2042785,16
foreach_gpu_its10.json,Clang-SYCL,for_each,double,8192,,52705.08612395222,31665.59655541757,3727811203.212569,16
foreach_gpu_its10.json,Clang-SYCL,for_each,double,16384,,62939.487461024444,36576.63133630251,6235324547.0985775,16
foreach_gpu_its10.json,Clang-SYCL,for_each,double,32768,,80898.08523476662,46879.933140991445,9712197005.349945,16
foreach_gpu_its10.json,Clang-SYCL,for_each,double,65536,,119941.393808511,70013.20972340411,13103068409.057194,16
foreach_gpu_its10.json,Clang-SYCL,for_each,double,131072,,200625.21846330335,113102.45785550479,15675577549.187227,16
foreach_gpu_its10.json,Clang-SYCL,for_each,double,262144,,293395.1821970507,122906.94902757002,21421814440.72144,16
foreach_gpu_its10.json,Clang-SYCL,for_each,double,524288,,482612.6384283243,129606.2830224534,26067133084.451992,16
foreach_gpu_its10.json,Clang-SYCL,for_each,double,1048576,,862968.0201786805,151907.91373999923,29159918392.59507,16
foreach_gpu_its10.json,Clang-SYCL,for_each,double,2097152,,1635593.5145659915,189948.5163495887,30733638961.477936,16
foreach_gpu_its10.json,Clang-SYCL,for_each,double,4194304,,3385247.406674756,294015.8713592142,29724519562.039413,16
foreach_gpu_its10.json,Clang-SYCL,for_each,double,8388608,,7096582.188405797,458029.91666676826,28321060871.248734,16
foreach_gpu_its10.json,Clang-SYCL,for_each,double,16777216,,14408020.782467533,801965.1753245738,27932647069.39686,16
foreach_gpu_its10.json,Clang-SYCL,for_each,double,33554432,,29134597.88461538,1426793.1064101192,27629135593.36283,16
foreach_gpu_its10.json,Clang-SYCL,for_each,double,67108864,,58565723.98749999,2672711.8125002393,27490609972.01068,16
foreach_gpu_its10.json,Clang-SYCL,for_each,double,134217728,,121572713.6111111,5138953.916667157,25997987693.816505,16
foreach_gpu_its10.json,Clang-SYCL,for_each,double,268435456,,244489925.6,10087742.400001787,25488214745.61644,16
foreach_gpu_its100.json,Clang-SYCL,for_each,double,8,,106521.99999999999,50264.00000013309,2007762.6948610935,16
foreach_gpu_its100.json,Clang-SYCL,for_each,double,16,,62649.687815602956,39894.49321985818,6289230.178490998,16
foreach_gpu_its100.json,Clang-SYCL,for_each,double,32,,62782.696342993164,40138.46512070585,12606184.838200675,16
foreach_gpu_its100.json,Clang-SYCL,for_each,double,64,,58448.97967909697,41070.683968085956,26639804.564731628,16
foreach_gpu_its100.json,Clang-SYCL,for_each,double,128,,59358.3420163985,41671.80062127553,52147194.71638991,16
foreach_gpu_its100.json,Clang-SYCL,for_each,double,256,,59529.09629448516,41805.90713890913,103520393.71533206,16
foreach_gpu_its100.json,Clang-SYCL,for_each,double,512,,59640.62456769581,41830.37530421394,206246108.9590295,16
foreach_gpu_its100.json,Clang-SYCL,for_each,double,1024,,60033.462087747146,42161.64650255183,409454519.9997038,16
foreach_gpu_its100.json,Clang-SYCL,for_each,double,2048,,61253.27700052293,42993.626503660824,796635691.3082973,16
foreach_gpu_its100.json,Clang-SYCL,for_each,double,4096,,63561.633808266815,44422.8154702294,1543776561.3459587,16
foreach_gpu_its100.json,Clang-SYCL,for_each,double,8192,,69296.55061661158,48327.704806597176,2834763106.228074,16
foreach_gpu_its100.json,Clang-SYCL,for_each,double,16384,,80841.1133088321,55140.931291237444,4863006493.392599,16
foreach_gpu_its100.json,Clang-SYCL,for_each,double,32768,,100517.82737408012,68010.6520782217,7819007072.328548,16
foreach_gpu_its100.json,Clang-SYCL,for_each,double,65536,,141811.5468218621,94159.14972672093,11077582149.325806,16
foreach_gpu_its100.json,Clang-SYCL,for_each,double,131072,,244710.81849135683,160630.44384494436,12852784647.706825,16
foreach_gpu_its100.json,Clang-SYCL,for_each,double,262144,,387596.16338964255,215591.8252561615,16228412316.284458,16
foreach_gpu_its100.json,Clang-SYCL,for_each,double,524288,,666527.9643333331,309863.16733333975,18877100192.110092,16
foreach_gpu_its100.json,Clang-SYCL,for_each,double,1048576,,1200079.6871783882,484715.8243138869,20970083716.758896,16
foreach_gpu_its100.json,Clang-SYCL,for_each,double,2097152,,2300491.084158414,838438.0211221059,21876064572.31624,16
foreach_gpu_its100.json,Clang-SYCL,for_each,double,4194304,,4639547.609698998,1556528.8001671778,21692429478.64288,16
foreach_gpu_its100.json,Clang-SYCL,for_each,double,8388608,,9680889.324766353,2999400.4158879095,20741282440.3408,16
foreach_gpu_its100.json,Clang-SYCL,for_each,double,16777216,,19653870.49152542,5866666.224576266,20482460739.76677,16
foreach_gpu_its100.json,Clang-SYCL,for_each,double,33554432,,46228470.375,11618665.301666532,17395215964.766148,16
foreach_gpu_its100.json,Clang-SYCL,for_each,double,67108864,,92169304.70833334,23035748.620833375,17446589499.575264,16
foreach_gpu_its100.json,Clang-SYCL,for_each,double,134217728,,194535389.85714287,45857219.60714194,16535000900.087898,16
foreach_gpu_its100.json,Clang-SYCL,for_each,double,268435456,,382348580.3125,91514435.76250067,16843019988.79327,16
foreach_gpu_its1000.json,Clang-SYCL,for_each,double,8,,281352.5,224861.499999951,761164.4888466623,16
foreach_gpu_its1000.json,Clang-SYCL,for_each,double,16,,224344.12646184326,203851.2849157583,1783256.1112151449,16
foreach_gpu_its1000.json,Clang-SYCL,for_each,double,32,,226169.66405366047,207637.30993211584,3500394.483192829,16
foreach_gpu_its1000.json,Clang-SYCL,for_each,double,64,,231684.58394281907,211650.23769946798,6715541.866408627,16
foreach_gpu_its1000.json,Clang-SYCL,for_each,double,128,,237326.79582623442,218118.6009454861,13011147.238683453,16
foreach_gpu_its1000.json,Clang-SYCL,for_each,double,256,,237645.63086136524,217685.8329001022,25935684.189779297,16
foreach_gpu_its1000.json,Clang-SYCL,for_each,double,512,,237935.73498040513,218329.95780371467,51735897.23271392,16
foreach_gpu_its1000.json,Clang-SYCL,for_each,double,1024,,241385.01707086328,219462.32188682543,101831663.1453149,16
foreach_gpu_its1000.json,Clang-SYCL,for_each,double,2048,,246034.8800264562,223318.54589947083,199850413.58940423,16
foreach_gpu_its1000.json,Clang-SYCL,for_each,double,4096,,249933.23821007545,224670.63723651448,393367317.09384954,16
foreach_gpu_its1000.json,Clang-SYCL,for_each,double,8192,,263140.90857438,231359.44238354714,746885019.6267865,16
foreach_gpu_its1000.json,Clang-SYCL,for_each,double,16384,,292156.19257746986,248572.19170854433,1345430931.5695586,16
foreach_gpu_its1000.json,Clang-SYCL,for_each,double,32768,,346649.47898586665,279092.3913959807,2268118334.9754553,16
foreach_gpu_its1000.json,Clang-SYCL,for_each,double,65536,,450919.99733956874,337284.26202837843,3487681598.2073975,16
foreach_gpu_its1000.json,Clang-SYCL,for_each,double,131072,,841845.4774368233,627692.0121841171,3736091386.164394,16
foreach_gpu_its1000.json,Clang-SYCL,for_each,double,262144,,1573329.5780898896,1161325.1584269702,3997796922.656543,16
foreach_gpu_its1000.json,Clang-SYCL,for_each,double,524288,,2944391.722163865,2133392.187710064,4244412010.7765694,16
foreach_gpu_its1000.json,Clang-SYCL,for_each,double,1048576,,5461507.284046689,3847115.533852143,4583639638.220486,16
foreach_gpu_its1000.json,Clang-SYCL,for_each,double,2097152,,10574396.78053435,7356416.732824365,4757414999.256825,16
foreach_gpu_its1000.json,Clang-SYCL,for_each,double,4194304,,21076707.32692308,14473141.060769046,4769526473.851323,16
foreach_gpu_its1000.json,Clang-SYCL,for_each,double,8388608,,47263262.383333325,28660240.014999706,4259619788.2366095,16
foreach_gpu_its1000.json,Clang-SYCL,for_each,double,16777216,,105448921.3,57106347.025000304,3817241502.862504,16
foreach_gpu_its1000.json,Clang-SYCL,for_each,double,33554432,,201285986.25000006,113895454.5928566,4000263186.867923,16
foreach_gpu_its1000.json,Clang-SYCL,for_each,double,67108864,,379613059.125,227520630.0625019,4241594281.676816,16
foreach_gpu_its1000.json,Clang-SYCL,for_each,double,134217728,,709635646.75,454998644.7250078,4538933755.176104,16
foreach_gpu_its1000.json,Clang-SYCL,for_each,double,268435456,,1408547448.5,909863679.5000061,4573582445.14645,16
foreach_gpu_its1000_new.json,Clang-SYCL,for_each,double,8,,335726.0,248751.24999990116,638165.5329047153,16
foreach_gpu_its1000_new.json,Clang-SYCL,for_each,double,16,,246109.38254659635,214286.1714444893,1657091.722920498,16
foreach_gpu_its1000_new.json,Clang-SYCL,for_each,double,32,,249054.47589556105,217241.99781678856,3179258.344521684,16
foreach_gpu_its1000_new.json,Clang-SYCL,for_each,double,64,,254914.2149370776,222727.47829655313,6119109.855996234,16
foreach_gpu_its1000_new.json,Clang-SYCL,for_each,double,128,,260018.01235369442,228144.9193032188,11857519.517937519,16
foreach_gpu_its1000_new.json,Clang-SYCL,for_each,double,256,,268978.4924055509,233295.64461256796,22907121.893520713,16
foreach_gpu_its1000_new.json,Clang-SYCL,for_each,double,512,,266732.9340601804,234796.99514378124,46150274.58993976,16
foreach_gpu_its1000_new.json,Clang-SYCL,for_each,double,1024,,277695.6350277997,244174.09124304866,88553082.60353877,16
foreach_gpu_its1000_new.json,Clang-SYCL,for_each,double,2048,,281045.5421369758,245043.09745933022,174960148.2033796,16
foreach_gpu_its1000_new.json,Clang-SYCL,for_each,double,4096,,288571.0488434529,246960.04475423455,340676264.1982527,16
foreach_gpu_its1000_new.json,Clang-SYCL,for_each,double,8192,,304115.3601280939,250910.81448111223,646067975.5221808,16
foreach_gpu_its1000_new.json,Clang-SYCL,for_each,double,16384,,336465.56553746737,259496.4184821644,1166225953.465891,16
foreach_gpu_its1000_new.json,Clang-SYCL,for_each,double,32768,,397987.2874430516,281366.4968394112,1974863225.9596195,16
foreach_gpu_its1000_new.json,Clang-SYCL,for_each,double,65536,,557327.3095094493,355378.5864294363,2821725758.259832,16
foreach_gpu_its1000_new.json,Clang-SYCL,for_each,double,131072,,1024574.2954209746,656281.3076440223,3069791152.9820414,16
foreach_gpu_its1000_new.json,Clang-SYCL,for_each,double,262144,,1805597.6664507792,1173936.3516839272,3483700783.8762712,16
foreach_gpu_its1000_new.json,Clang-SYCL,for_each,double,524288,,3282178.4277251195,2141721.722748807,3826693482.586539,16
foreach_gpu_its1000_new.json,Clang-SYCL,for_each,double,1048576,,6075691.889610388,3863853.8614719477,4139788628.391735,16
foreach_gpu_its1000_new.json,Clang-SYCL,for_each,double,2097152,,11763420.77155172,7371840.256465465,4265708359.315114,16
foreach_gpu_its1000_new.json,Clang-SYCL,for_each,double,4194304,,24000139.616949156,14580952.449152345,4186631277.7022114,16
foreach_gpu_its1000_new.json,Clang-SYCL,for_each,double,8388608,,62389848.1875,28840351.68749962,3217768284.644776,16
foreach_gpu_its1000_new.json,Clang-SYCL,for_each,double,16777216,,129117261.55,57253479.74999906,3114516639.859206,16
foreach_gpu_its1000_new.json,Clang-SYCL,for_each,double,33554432,,233727386.125,114017742.4000001,3426169480.730123,16
foreach_gpu_its1000_new.json,Clang-SYCL,for_each,double,67108864,,451332073.8333334,227694133.91666877,3552443931.866783,16
foreach_gpu_its1000_new.json,Clang-SYCL,for_each,double,134217728,,868969028.0,455192147.00000536,3694452733.9716425,16
foreach_gpu_its1000_new.json,Clang-SYCL,for_each,double,268435456,,1717594707.25,909743312.7499955,3748198189.2594185,16
foreach_gpu_its100_new.json,Clang-SYCL,for_each,double,8,,158045.25,73499.74999998344,1331481.2139006453,16
foreach_gpu_its100_new.json,Clang-SYCL,for_each,double,16,,93980.05582613504,57764.94015346447,4222879.8442251785,16
foreach_gpu_its100_new.json,Clang-SYCL,for_each,double,32,,87442.38549846102,56628.51308185188,9030981.939120663,16
foreach_gpu_its100_new.json,Clang-SYCL,for_each,double,64,,88025.82426216983,57008.743324390074,17711742.23620344,16
foreach_gpu_its100_new.json,Clang-SYCL,for_each,double,128,,89191.23086562537,57699.45890366931,34619309.91396198,16
foreach_gpu_its100_new.json,Clang-SYCL,for_each,double,256,,90392.49130575293,58483.90519069167,68196745.67495966,16
foreach_gpu_its100_new.json,Clang-SYCL,for_each,double,512,,91480.05803658624,58659.158534600545,134424111.6147141,16
foreach_gpu_its100_new.json,Clang-SYCL,for_each,double,1024,,93819.69443884707,60029.16755658559,261983046.78358543,16
foreach_gpu_its100_new.json,Clang-SYCL,for_each,double,2048,,96748.47163583885,60501.46934951563,507854564.0375393,16
foreach_gpu_its100_new.json,Clang-SYCL,for_each,double,4096,,104578.19657446962,62731.03309721926,938863839.2805929,16
foreach_gpu_its100_new.json,Clang-SYCL,for_each,double,8192,,117831.10784480552,65176.44416319249,1666324874.71242,16
foreach_gpu_its100_new.json,Clang-SYCL,for_each,double,16384,,146284.99385434057,69180.1018624791,2678136950.508239,16
foreach_gpu_its100_new.json,Clang-SYCL,for_each,double,32768,,200024.57620645373,81924.07442175937,3917343624.141018,16
foreach_gpu_its100_new.json,Clang-SYCL,for_each,double,65536,,309994.3639680728,107203.95387685295,5062957091.732449,16
foreach_gpu_its100_new.json,Clang-SYCL,for_each,double,131072,,543152.7250875824,176152.44624367438,5779739256.295125,16
foreach_gpu_its100_new.json,Clang-SYCL,for_each,double,262144,,856956.7274954065,225429.11855480936,7340771913.441343,16
foreach_gpu_its100_new.json,Clang-SYCL,for_each,double,524288,,1465394.9125910532,321911.5608740925,8582102369.643074,16
foreach_gpu_its100_new.json,Clang-SYCL,for_each,double,1048576,,2663169.343594647,500074.8011472245,9445661979.64647,16
foreach_gpu_its100_new.json,Clang-SYCL,for_each,double,2097152,,5254930.718287939,873508.1118676696,9577410717.692442,16
foreach_gpu_its100_new.json,Clang-SYCL,for_each,double,4194304,,11081251.572500002,1717373.0550000244,9078528202.869396,16
foreach_gpu_its100_new.json,Clang-SYCL,for_each,double,8388608,,23337695.76470588,3154535.6715685325,8620804637.86834,16
foreach_gpu_its100_new.json,Clang-SYCL,for_each,double,16777216,,47928368.557142854,6037047.61607179,8397622513.032665,16
foreach_gpu_its100_new.json,Clang-SYCL,for_each,double,33554432,,97405766.36538464,11745491.461539358,8264667360.568224,16
foreach_gpu_its100_new.json,Clang-SYCL,for_each,double,67108864,,197608490.4285714,23155122.35714274,8143742369.139444,16
foreach_gpu_its100_new.json,Clang-SYCL,for_each,double,134217728,,454347591.24999994,45962500.58334069,7089033284.621169,16
foreach_gpu_its100_new.json,Clang-SYCL,for_each,double,268435456,,872877349.0,91626915.12499776,7373583820.310413,16
foreach_gpu_its10_new.json,Clang-SYCL,for_each,double,8,,181196.75,52056.99999988322,1181400.3875505216,16
foreach_gpu_its10_new.json,Clang-SYCL,for_each,double,16,,69416.0965473744,38330.04870584936,5690468.102402492,16
foreach_gpu_its10_new.json,Clang-SYCL,for_each,double,32,,70037.90529873181,38682.01232177218,11292794.934100322,16
foreach_gpu_its10_new.json,Clang-SYCL,for_each,double,64,,69487.84596163555,38437.79119131753,22398703.30190461,16
foreach_gpu_its10_new.json,Clang-SYCL,for_each,double,128,,69413.0118096116,37931.16925402198,44471421.84116028,16
foreach_gpu_its10_new.json,Clang-SYCL,for_each,double,256,,72116.36968881637,39318.61638915686,83084761.38000622,16
foreach_gpu_its10_new.json,Clang-SYCL,for_each,double,512,,71675.76907032166,38347.26726952373,171183020.72958213,16
foreach_gpu_its10_new.json,Clang-SYCL,for_each,double,1024,,73703.18314363284,39135.441471309714,333330900.01319563,16
foreach_gpu_its10_new.json,Clang-SYCL,for_each,double,2048,,75110.09587024781,38647.186455646355,651084831.1533437,16
foreach_gpu_its10_new.json,Clang-SYCL,for_each,double,4096,,86955.28326713011,43300.287329319995,1130083276.691642,16
foreach_gpu_its10_new.json,Clang-SYCL,for_each,double,8192,,101614.47459516377,46974.63817442438,1933917371.406476,16
foreach_gpu_its10_new.json,Clang-SYCL,for_each,double,16384,,130864.05910269503,53259.679275859016,3002567244.4405947,16
foreach_gpu_its10_new.json,Clang-SYCL,for_each,double,32768,,179569.68343195278,60947.27241946089,4335657003.361145,16
foreach_gpu_its10_new.json,Clang-SYCL,for_each,double,65536,,286153.8604627352,83309.22932022734,5492995240.763275,16
foreach_gpu_its10_new.json,Clang-SYCL,for_each,double,131072,,499920.91312499996,128723.55321428686,6292458694.095067,16
foreach_gpu_its10_new.json,Clang-SYCL,for_each,double,262144,,774297.0031199125,131252.94831795804,8097112745.763487,16
foreach_gpu_its10_new.json,Clang-SYCL,for_each,double,524288,,1301715.6182027655,141918.09354838394,9579977510.548147,16
foreach_gpu_its10_new.json,Clang-SYCL,for_each,double,1048576,,2338727.684688581,165964.51427335362,10753277419.466389,16
foreach_gpu_its10_new.json,Clang-SYCL,for_each,double,2097152,,4641999.085049834,263392.6313953509,10817531369.862133,16
foreach_gpu_its10_new.json,Clang-SYCL,for_each,double,4194304,,9930201.32720588,444939.40551468305,10135599562.727753,16
foreach_gpu_its10_new.json,Clang-SYCL,for_each,double,8388608,,20893546.702586208,615086.9060345221,9635265887.187202,16
foreach_gpu_its10_new.json,Clang-SYCL,for_each,double,16777216,,42872480.00806451,929508.4516128922,9391188612.267752,16
foreach_gpu_its10_new.json,Clang-SYCL,for_each,double,33554432,,87143417.06666668,1553525.4833335916,9240341969.888758,16
foreach_gpu_its10_new.json,Clang-SYCL,for_each,double,67108864,,176100247.8214286,2792679.57857091,9142589226.901653,16
foreach_gpu_its10_new.json,Clang-SYCL,for_each,double,134217728,,352137213.6875,5249625.599999952,9146307610.406607,16
foreach_gpu_its10_new.json,Clang-SYCL,for_each,double,268435456,,732649667.125,10176111.874994121,8670209442.863136,16
foreach_gpu_its1_new.json,Clang-SYCL,for_each,double,8,,207632.25,97789.99999987548,1037017.4936137397,16
foreach_gpu_its1_new.json,Clang-SYCL,for_each,double,16,,70169.6955450328,39594.247270003834,5531085.992676368,16
foreach_gpu_its1_new.json,Clang-SYCL,for_each,double,32,,68565.20255520035,38058.537478769154,11503504.575187217,16
foreach_gpu_its1_new.json,Clang-SYCL,for_each,double,64,,68723.05123973078,37917.81551271907,22678059.92488049,16
foreach_gpu_its1_new.json,Clang-SYCL,for_each,double,128,,69226.1075487423,38059.54809829267,44556484.8974141,16
foreach_gpu_its1_new.json,Clang-SYCL,for_each,double,256,,69897.89533316671,38470.53682305946,87906161.0659213,16
foreach_gpu_its1_new.json,Clang-SYCL,for_each,double,512,,70953.79899822485,38704.14193507489,173427721.2364592,16
foreach_gpu_its1_new.json,Clang-SYCL,for_each,double,1024,,72824.08856205709,38861.748227700766,331450332.08246136,16
foreach_gpu_its1_new.json,Clang-SYCL,for_each,double,2048,,74186.26706199461,38470.45722371964,662635692.837703,16
foreach_gpu_its1_new.json,Clang-SYCL,for_each,double,4096,,83260.14955596604,41040.758597568514,1180131806.6363297,16
foreach_gpu_its1_new.json,Clang-SYCL,for_each,double,8192,,99139.88369763829,45250.67744939526,1967423271.642101,16
foreach_gpu_its1_new.json,Clang-SYCL,for_each,double,16384,,127490.33640018268,49731.781749657835,3077290761.307446,16
foreach_gpu_its1_new.json,Clang-SYCL,for_each,double,32768,,178573.98093032133,60528.97366417099,4398565147.402136,16
foreach_gpu_its1_new.json,Clang-SYCL,for_each,double,65536,,286486.72843858565,82655.9755262621,5489509374.652208,16
foreach_gpu_its1_new.json,Clang-SYCL,for_each,double,131072,,497731.6269299822,124357.03964093426,6289381800.549124,16
foreach_gpu_its1_new.json,Clang-SYCL,for_each,double,262144,,757981.3222222226,122690.81341463154,8297877530.636568,16
foreach_gpu_its1_new.json,Clang-SYCL,for_each,double,524288,,1299612.2964711278,126219.50297891514,9639227917.33884,16
foreach_gpu_its1_new.json,Clang-SYCL,for_each,double,1048576,,2297121.10042735,139832.3871794943,10935537128.78101,16
foreach_gpu_its1_new.json,Clang-SYCL,for_each,double,2097152,,4476097.395901639,165891.5131147585,11167108308.208246,16
foreach_gpu_its1_new.json,Clang-SYCL,for_each,double,4194304,,9826902.657079646,359576.73008853,10235580486.322937,16
foreach_gpu_its1_new.json,Clang-SYCL,for_each,double,8388608,,20691482.879310343,412820.7025862378,9723021442.031956,16
foreach_gpu_its1_new.json,Clang-SYCL,for_each,double,16777216,,42502484.951612905,515666.362903423,9468073429.756792,16
foreach_gpu_its1_new.json,Clang-SYCL,for_each,double,33554432,,86305804.48333335,726418.4133333155,9329610332.711018,16
foreach_gpu_its1_new.json,Clang-SYCL,for_each,double,67108864,,176687634.21875,1139046.5875000367,8863205763.336246,16
foreach_gpu_its1_new.json,Clang-SYCL,for_each,double,134217728,,349080410.1875,1922469.1750000746,9119895532.09711,16
foreach_gpu_its1_new.json,Clang-SYCL,for_each,double,268435456,,719242846.3749999,3546144.9250021814,8904658463.855963,16
foreach_tbb.json,GNU-TBB,for_each,double,8,,10367.600429862308,10426.694657880566,20812524.087588333,16
foreach_tbb.json,GNU-TBB,for_each,double,16,,13802.99792443248,13862.728472402185,29543657.921668284,16
foreach_tbb.json,GNU-TBB,for_each,double,32,,15094.07448425149,15149.701671828607,52425899.04970622,16
foreach_tbb.json,GNU-TBB,for_each,double,64,,14938.44955468976,14989.33959194157,104308021.06536302,16
foreach_tbb.json,GNU-TBB,for_each,double,128,,16840.7926016941,16895.285872045046,183715336.22484148,16
foreach_tbb.json,GNU-TBB,for_each,double,256,,20640.692055016396,20694.94583102107,298163741.7639891,16
foreach_tbb.json,GNU-TBB,for_each,double,512,,23222.783167720347,23280.220461541016,528963029.37976116,16
foreach_tbb.json,GNU-TBB,for_each,double,1024,,26204.669317885047,26258.0973991567,936132930.4842279,16
foreach_tbb.json,GNU-TBB,for_each,double,2048,,29041.892416880662,29097.05382338588,1685973177.63855,16
foreach_tbb.json,GNU-TBB,for_each,double,4096,,32664.95357679385,32717.86896452091,3007432421.151937,16
foreach_tbb.json,GNU-TBB,for_each,double,8192,,33390.04372979497,33443.921342581525,5887014012.421408,16
foreach_tbb.json,GNU-TBB,for_each,double,16384,,35341.967513907715,35389.04455062465,11103127699.012142,16
foreach_tbb.json,GNU-TBB,for_each,double,32768,,36700.42080389043,36746.88261714221,21423866644.041775,16
foreach_tbb.json,GNU-TBB,for_each,double,65536,,39683.022909321604,39729.66899591053,39602039896.055885,16
foreach_tbb.json,GNU-TBB,for_each,double,131072,,44886.7066226007,44932.52457258213,70010269279.55887,16
foreach_tbb.json,GNU-TBB,for_each,double,262144,,54768.54474877809,54814.704230694515,114628801596.16116,16
foreach_tbb.json,GNU-TBB,for_each,double,524288,,73535.28292817122,73585.10170535021,170836124951.99396,16
foreach_tbb.json,GNU-TBB,for_each,double,1048576,,106559.89782991393,106620.80075015522,235682991363.02478,16
foreach_tbb.json,GNU-TBB,for_each,double,2097152,,170569.5897076516,170633.71263835207,295044467662.02136,16
foreach_tbb.json,GNU-TBB,for_each,double,4194304,,320795.6791439606,320854.45214577636,313782962227.10223,16
foreach_tbb.json,GNU-TBB,for_each,double,8388608,,1062615.2607709751,1062574.3114134527,189431626510.18256,16
foreach_tbb.json,GNU-TBB,for_each,double,16777216,,4659053.835000001,4658641.000499936,86352172690.26671,16
foreach_tbb.json,GNU-TBB,for_each,double,33554432,,11323848.146341462,11296776.416260354,71070264194.6719,16
foreach_tbb.json,GNU-TBB,for_each,double,67108864,,24029121.55603448,24020465.206896853,66958447836.469574,16
foreach_tbb.json,GNU-TBB,for_each,double,134217728,,47749130.23275864,47743248.13448326,67454626265.75653,16
foreach_tbb.json,GNU-TBB,for_each,double,268435456,,94631951.49000001,94627211.18666688,68076150124.948044,16
foreach_tbb_its1.json,GNU-TBB,for_each,double,8,,10156.916718999943,10243.659300500001,21245366.960464388,16
foreach_tbb_its1.json,GNU-TBB,for_each,double,16,,13626.67988091653,13709.116430219747,29927926.836102556,16
foreach_tbb_its1.json,GNU-TBB,for_each,double,32,,15324.272475362653,15415.637570113307,51642518.88167372,16
foreach_tbb_its1.json,GNU-TBB,for_each,double,64,,15422.85316637364,15529.534313321945,101090101.86412045,16
foreach_tbb_its1.json,GNU-TBB,for_each,double,128,,17030.129136580603,17161.634821319276,181364597.24699122,16
foreach_tbb_its1.json,GNU-TBB,for_each,double,256,,20649.867105515572,20768.73969049334,298603036.72095525,16
foreach_tbb_its1.json,GNU-TBB,for_each,double,512,,23498.367402991764,23595.882032256923,522939672.64099073,16
foreach_tbb_its1.json,GNU-TBB,for_each,double,1024,,26425.571478673657,26523.792128299247,929765543.0742521,16
foreach_tbb_its1.json,GNU-TBB,for_each,double,2048,,29422.39707188645,29505.014386777533,1670739132.0599582,16
foreach_tbb_its1.json,GNU-TBB,for_each,double,4096,,32629.081414700137,32698.905415021327,3005952916.2286577,16
foreach_tbb_its1.json,GNU-TBB,for_each,double,8192,,34052.663441267796,34119.81431558612,5768914853.136555,16
foreach_tbb_its1.json,GNU-TBB,for_each,double,16384,,35646.16396835346,35712.08653271383,11027505878.755291,16
foreach_tbb_its1.json,GNU-TBB,for_each,double,32768,,37056.36473907868,37125.41615323334,21187312731.9432,16
foreach_tbb_its1.json,GNU-TBB,for_each,double,65536,,40157.519478382776,40225.14468225097,39097368131.201096,16
foreach_tbb_its1.json,GNU-TBB,for_each,double,131072,,45426.090614807516,45489.592881604825,69052970555.29802,16
foreach_tbb_its1.json,GNU-TBB,for_each,double,262144,,55542.82091513681,55606.771056509744,112913261412.50305,16
foreach_tbb_its1.json,GNU-TBB,for_each,double,524288,,74067.47882890073,74132.80026808927,169649599491.6211,16
foreach_tbb_its1.json,GNU-TBB,for_each,double,1048576,,107526.20616763743,107590.3940124113,233273116416.8737,16
foreach_tbb_its1.json,GNU-TBB,for_each,double,2097152,,171111.97841225652,171180.86850550992,294101210098.1045,16
foreach_tbb_its1.json,GNU-TBB,for_each,double,4194304,,329305.49988323345,329382.6265763661,305557680943.0676,16
foreach_tbb_its1.json,GNU-TBB,for_each,double,8388608,,1073162.960335622,1073211.7902364647,187475404100.81122,16
foreach_tbb_its1.json,GNU-TBB,for_each,double,16777216,,4592610.194901319,4592117.763157949,87635890721.14847,16
foreach_tbb_its1.json,GNU-TBB,for_each,double,33554432,,11260188.64717742,11260360.106855005,71493362397.14755,16
foreach_tbb_its1.json,GNU-TBB,for_each,double,67108864,,23941602.110169493,23939520.889830206,67250209077.493454,16
foreach_tbb_its1.json,GNU-TBB,for_each,double,134217728,,47712064.57758621,47690083.749999255,67464941536.4767,16
foreach_tbb_its1.json,GNU-TBB,for_each,double,268435456,,94815183.83333334,94814172.88666591,67942830744.75676,16
foreach_tbb_its10.json,GNU-TBB,for_each,double,8,,10884.413596000011,10971.299803499998,19735454.624569446,16
foreach_tbb_its10.json,GNU-TBB,for_each,double,16,,14393.908965502978,14497.384892235565,28328224.63821523,16
foreach_tbb_its10.json,GNU-TBB,for_each,double,32,,15229.392114070408,15338.929001180579,51946171.714798585,16
foreach_tbb_its10.json,GNU-TBB,for_each,double,64,,14677.111455341423,14785.383868403489,106196445.7211141,16
foreach_tbb_its10.json,GNU-TBB,for_each,double,128,,16934.66449191825,17049.115207500436,182707235.38785583,16
foreach_tbb_its10.json,GNU-TBB,for_each,double,256,,20666.55082509489,20777.300980318265,298219297.01644135,16
foreach_tbb_its10.json,GNU-TBB,for_each,double,512,,23627.26142857143,23725.928365890915,520916660.2354685,16
foreach_tbb_its10.json,GNU-TBB,for_each,double,1024,,26760.699293384798,26838.735038656592,918983590.5749979,16
foreach_tbb_its10.json,GNU-TBB,for_each,double,2048,,29615.53984418307,29677.441960821925,1659444354.0317202,16
foreach_tbb_its10.json,GNU-TBB,for_each,double,4096,,33814.32406444901,33871.64476823846,2901725777.2358475,16
foreach_tbb_its10.json,GNU-TBB,for_each,double,8192,,35454.91608851373,35510.4024545922,5512407289.894795,16
foreach_tbb_its10.json,GNU-TBB,for_each,double,16384,,37783.94094440498,37840.22103052351,10347625614.611084,16
foreach_tbb_its10.json,GNU-TBB,for_each,double,32768,,42607.57414728687,42664.5935882529,18382075590.53648,16
foreach_tbb_its10.json,GNU-TBB,for_each,double,65536,,51738.77723840362,51814.50774653087,30349993055.769375,16
foreach_tbb_its10.json,GNU-TBB,for_each,double,131072,,66243.2334262557,66312.83343328304,47436128431.85694,16
foreach_tbb_its10.json,GNU-TBB,for_each,double,262144,,91713.93019565471,91787.37310234184,68571405280.226746,16
foreach_tbb_its10.json,GNU-TBB,for_each,double,524288,,138482.50155894284,138556.21280807542,90796666153.41447,16
foreach_tbb_its10.json,GNU-TBB,for_each,double,1048576,,224858.2822098286,224929.13425476797,111882001005.13568,16
foreach_tbb_its10.json,GNU-TBB,for_each,double,2097152,,395386.96469094034,395457.4284363593,127257415697.06934,16
foreach_tbb_its10.json,GNU-TBB,for_each,double,4194304,,743076.1533880351,743158.9460031777,135445044895.28217,16
foreach_tbb_its10.json,GNU-TBB,for_each,double,8388608,,1437419.6189059508,1437529.9362284206,140017441922.6765,16
foreach_tbb_its10.json,GNU-TBB,for_each,double,16777216,,4756322.742214529,4755343.031141929,84600182640.26498,16
foreach_tbb_its10.json,GNU-TBB,for_each,double,33554432,,11248558.603658535,11247093.691056576,71570841820.59894,16
foreach_tbb_its10.json,GNU-TBB,for_each,double,67108864,,23847539.719827585,23842211.189655025,67489143555.00131,16
foreach_tbb_its10.json,GNU-TBB,for_each,double,134217728,,47476250.00666666,47476579.96000025,67839674416.15643,16
foreach_tbb_its10.json,GNU-TBB,for_each,double,268435456,,94396835.33333331,94394083.18333259,68237784320.21579,16
foreach_tbb_its100.json,GNU-TBB,for_each,double,8,,10764.075350000012,10837.1981965,19985543.91508281,16
foreach_tbb_its100.json,GNU-TBB,for_each,double,16,,13976.797723709484,14053.972685010605,29168207.508139137,16
foreach_tbb_its100.json,GNU-TBB,for_each,double,32,,14754.80637618016,14829.840023342655,53659439.02645136,16
foreach_tbb_its100.json,GNU-TBB,for_each,double,64,,14709.487812270654,14787.979365408573,105859728.03316368,16
foreach_tbb_its100.json,GNU-TBB,for_each,double,128,,17465.579933428122,17549.759167788743,177072473.2550458,16
foreach_tbb_its100.json,GNU-TBB,for_each,double,256,,21765.70119722455,21849.659875166515,283096359.0885743,16
foreach_tbb_its100.json,GNU-TBB,for_each,double,512,,25449.456466455682,25517.644323899025,483660398.71327,16
foreach_tbb_its100.json,GNU-TBB,for_each,double,1024,,29960.560072156673,30023.361757944724,819415738.1897326,16
foreach_tbb_its100.json,GNU-TBB,for_each,double,2048,,35345.85983482514,35393.70044761071,1390108917.9770632,16
foreach_tbb_its100.json,GNU-TBB,for_each,double,4096,,44033.58418921457,44086.82368949728,2231837292.8558636,16
foreach_tbb_its100.json,GNU-TBB,for_each,double,8192,,56777.97238493696,56828.77412763591,3461178721.2533593,16
foreach_tbb_its100.json,GNU-TBB,for_each,double,16384,,77277.63475471457,77327.12544936624,5083891816.488558,16
foreach_tbb_its100.json,GNU-TBB,for_each,double,32768,,115987.97406049131,116036.36049530271,6773811490.321234,16
foreach_tbb_its100.json,GNU-TBB,for_each,double,65536,,188740.35858891584,188788.50532687525,8330492509.540337,16
foreach_tbb_its100.json,GNU-TBB,for_each,double,131072,,326779.99480504263,326824.14062573045,9623441543.83574,16
foreach_tbb_its100.json,GNU-TBB,for_each,double,262144,,599429.6488034187,599478.8238034232,10494780280.903671,16
foreach_tbb_its100.json,GNU-TBB,for_each,double,524288,,1138846.1458909677,1138838.295850291,11048187228.644722,16
foreach_tbb_its100.json,GNU-TBB,for_each,double,1048576,,2209196.3766929116,2209257.320236219,11389269008.795155,16
foreach_tbb_its100.json,GNU-TBB,for_each,double,2097152,,4341602.396284826,4341652.747678111,11591996852.210186,16
foreach_tbb_its100.json,GNU-TBB,for_each,double,4194304,,8597929.929447854,8598029.713190122,11707248095.859283,16
foreach_tbb_its100.json,GNU-TBB,for_each,double,8388608,,17263644.743571427,17263777.507143304,11659096920.567972,16
foreach_tbb_its100.json,GNU-TBB,for_each,double,16777216,,35272143.185714275,35270285.17142818,11413221394.61322,16
foreach_tbb_its100.json,GNU-TBB,for_each,double,33554432,,70604217.64473683,70604505.3394719,11403458485.20539,16
foreach_tbb_its100.json,GNU-TBB,for_each,double,67108864,,144123205.89285713,144111032.46429086,11170656916.970188,16
foreach_tbb_its100.json,GNU-TBB,for_each,double,134217728,,317696623.225,317697084.8499998,10134453556.725994,16
foreach_tbb_its100.json,GNU-TBB,for_each,double,268435456,,634398855.625,634390968.62502,10117666031.013857,16
foreach_tbb_its1000.json,GNU-TBB,for_each,double,8,,13038.15433754883,13151.198435150427,16553015.715160053,16
foreach_tbb_its1000.json,GNU-TBB,for_each,double,16,,15849.514387076328,15959.45288581614,25663837.06770253,16
foreach_tbb_its1000.json,GNU-TBB,for_each,double,32,,16290.273290888552,16379.612911303535,48601608.83722117,16
foreach_tbb_its1000.json,GNU-TBB,for_each,double,64,,18395.06421545262,18474.677193052168,84763400.7232239,16
foreach_tbb_its1000.json,GNU-TBB,for_each,double,128,,22954.551487438683,23036.225851964053,134810881.60150734,16
foreach_tbb_its1000.json,GNU-TBB,for_each,double,256,,29268.023911668482,29354.379255823864,210576397.57216772,16
foreach_tbb_its1000.json,GNU-TBB,for_each,double,512,,37904.472925342285,37994.012343158865,324511241.9434266,16
foreach_tbb_its1000.json,GNU-TBB,for_each,double,1024,,52956.68192554831,53040.937320483725,464175638.8725172,16
foreach_tbb_its1000.json,GNU-TBB,for_each,double,2048,,80141.92290488415,80223.88127677815,613429215.174298,16
foreach_tbb_its1000.json,GNU-TBB,for_each,double,4096,,131125.4353535354,131216.12822671112,749725403.479749,16
foreach_tbb_its1000.json,GNU-TBB,for_each,double,8192,,227447.51297741,227530.92992036385,864489759.4464618,16
foreach_tbb_its1000.json,GNU-TBB,for_each,double,16384,,414604.17681481485,414688.41014815366,948170016.1924562,16
foreach_tbb_its1000.json,GNU-TBB,for_each,double,32768,,784944.6859226027,785017.5657599571,1001686901.1900222,16
foreach_tbb_its1000.json,GNU-TBB,for_each,double,65536,,1521799.754343106,1521872.6047774246,1033561150.068175,16
foreach_tbb_its1000.json,GNU-TBB,for_each,double,131072,,2991206.587072647,2991271.9903846025,1051641270.3878601,16
foreach_tbb_its1000.json,GNU-TBB,for_each,double,262144,,5922488.11371308,5922566.172784824,1062217693.6276948,16
foreach_tbb_its1000.json,GNU-TBB,for_each,double,524288,,11776359.15672269,11776454.115546212,1068408547.7570708,16
foreach_tbb_its1000.json,GNU-TBB,for_each,double,1048576,,23477324.933333337,23477475.475000158,1071851437.5601321,16
foreach_tbb_its1000.json,GNU-TBB,for_each,double,2097152,,46763331.53333333,46763472.333333306,1076184613.61614,16
foreach_tbb_its1000.json,GNU-TBB,for_each,double,4194304,,93485002.03333333,93484273.16666819,1076758585.8467572,16
foreach_tbb_its1000.json,GNU-TBB,for_each,double,8388608,,187904991.0714286,187904801.1714279,1070953186.2534263,16
foreach_tbb_its1000.json,GNU-TBB,for_each,double,16777216,,387061932.0833333,387057648.49999964,1039659504.7265034,16
foreach_tbb_its1000.json,GNU-TBB,for_each,double,33554432,,770987332.5250001,770982543.2249873,1043970205.7060683,16
foreach_tbb_its1000.json,GNU-TBB,for_each,double,67108864,,1546135166.0,1546117293.9999983,1041429512.3957088,16
foreach_tbb_its1000.json,GNU-TBB,for_each,double,134217728,,3155625152.0,3155608934.4999666,1019898288.1185267,16
foreach_tbb_its1000.json,GNU-TBB,for_each,double,268435456,,6158043674.75,6158021001.000009,1044175440.1064363,16
foreach_tbb_its1000_new.json,GNU-TBB,for_each,double,8,,13565.31086066912,13669.079014388019,15854637.939899491,16
foreach_tbb_its1000_new.json,GNU-TBB,for_each,double,16,,16482.48774230801,16582.03163697847,24744474.330130436,16
foreach_tbb_its1000_new.json,GNU-TBB,for_each,double,32,,17118.01411960129,17211.24924941552,46216992.319903135,16
foreach_tbb_its1000_new.json,GNU-TBB,for_each,double,64,,18863.809567306995,18947.379966073873,82642584.59408975,16
foreach_tbb_its1000_new.json,GNU-TBB,for_each,double,128,,23185.374363678726,23267.612959102007,133422411.2123369,16
foreach_tbb_its1000_new.json,GNU-TBB,for_each,double,256,,29576.853625719898,29655.942010713166,208254801.2053783,16
foreach_tbb_its1000_new.json,GNU-TBB,for_each,double,512,,38132.42321541893,38208.19391021205,322648683.1205588,16
foreach_tbb_its1000_new.json,GNU-TBB,for_each,double,1024,,52946.79174604978,53022.204462463116,464342397.69777685,16
foreach_tbb_its1000_new.json,GNU-TBB,for_each,double,2048,,80212.0084025194,80280.59297165749,613040456.3562828,16
foreach_tbb_its1000_new.json,GNU-TBB,for_each,double,4096,,131116.92006834573,131186.0275255107,749803092.6643257,16
foreach_tbb_its1000_new.json,GNU-TBB,for_each,double,8192,,227651.47767203505,227719.08422807654,863613508.5872523,16
foreach_tbb_its1000_new.json,GNU-TBB,for_each,double,16384,,415345.2577037038,415410.74111110746,946630188.757613,16
foreach_tbb_its1000_new.json,GNU-TBB,for_each,double,32768,,786440.3908426955,786500.4984831495,999884079.6948657,16
foreach_tbb_its1000_new.json,GNU-TBB,for_each,double,65536,,1523502.878944504,1523566.0530467997,1032327947.802135,16
foreach_tbb_its1000_new.json,GNU-TBB,for_each,double,131072,,2991269.53891258,2991325.832089521,1051559151.9432678,16
foreach_tbb_its1000_new.json,GNU-TBB,for_each,double,262144,,5917784.009915612,5917867.333755219,1063048630.5490272,16
foreach_tbb_its1000_new.json,GNU-TBB,for_each,double,524288,,11753885.28277311,11753873.902941123,1069806563.6489217,16
foreach_tbb_its1000_new.json,GNU-TBB,for_each,double,1048576,,23414422.743333332,23414415.769999906,1074760518.986541,16
foreach_tbb_its1000_new.json,GNU-TBB,for_each,double,2097152,,46752571.033333324,46752800.333333276,1076432144.7134855,16
foreach_tbb_its1000_new.json,GNU-TBB,for_each,double,4194304,,93450617.91666667,93450145.61666763,1077120958.365714,16
foreach_tbb_its1000_new.json,GNU-TBB,for_each,double,8388608,,187994995.60714287,187990358.2142808,1070242143.2233074,16
foreach_tbb_its1000_new.json,GNU-TBB,for_each,double,16777216,,386709586.8333333,386707170.33333325,1040868017.4603609,16
foreach_tbb_its1000_new.json,GNU-TBB,for_each,double,33554432,,770428094.75,770430763.3750033,1044473582.1465087,16
foreach_tbb_its1000_new.json,GNU-TBB,for_each,double,67108864,,1546554531.2,1546542935.200006,1041084104.4905177,16
foreach_tbb_its1000_new.json,GNU-TBB,for_each,double,134217728,,3148430910.25,3148408576.2499914,1022077392.9251971,16
foreach_tbb_its1000_new.json,GNU-TBB,for_each,double,268435456,,6155063405.75,6155034083.4999695,1046479551.8783661,16
foreach_tbb_its100_new.json,GNU-TBB,for_each,double,8,,11556.089894751109,11666.694183059224,18662381.34272119,16
foreach_tbb_its100_new.json,GNU-TBB,for_each,double,16,,14900.904001007904,15018.019267884718,27345232.424677175,16
foreach_tbb_its100_new.json,GNU-TBB,for_each,double,32,,15611.863085527908,15717.683021495699,50687073.83071092,16
foreach_tbb_its100_new.json,GNU-TBB,for_each,double,64,,15325.008431847702,15414.231896570835,101547356.57522152,16
foreach_tbb_its100_new.json,GNU-TBB,for_each,double,128,,18203.861608420862,18284.21406034509,169502601.9893448,16
foreach_tbb_its100_new.json,GNU-TBB,for_each,double,256,,22538.685249358652,22619.29547869302,273276137.04739356,16
foreach_tbb_its100_new.json,GNU-TBB,for_each,double,512,,26492.302301094358,26568.045074715796,463714308.3052814,16
foreach_tbb_its100_new.json,GNU-TBB,for_each,double,1024,,31334.0605669126,31410.523655170815,784075505.8790104,16
foreach_tbb_its100_new.json,GNU-TBB,for_each,double,2048,,36537.14587396945,36607.2582377574,1344231620.9791913,16
foreach_tbb_its100_new.json,GNU-TBB,for_each,double,4096,,45163.8984879812,45236.18218531935,2175505991.1530476,16
foreach_tbb_its100_new.json,GNU-TBB,for_each,double,8192,,57681.996534978054,57755.098139420705,3404506288.2197795,16
foreach_tbb_its100_new.json,GNU-TBB,for_each,double,16384,,78684.52772640655,78752.38228536223,4992259640.106243,16
foreach_tbb_its100_new.json,GNU-TBB,for_each,double,32768,,117233.98823676971,117302.31414179437,6707716694.335972,16
foreach_tbb_its100_new.json,GNU-TBB,for_each,double,65536,,189104.0992737736,189167.5840641294,8313489737.164507,16
foreach_tbb_its100_new.json,GNU-TBB,for_each,double,131072,,328624.9979484171,328692.328839392,9571481065.57886,16
foreach_tbb_its100_new.json,GNU-TBB,for_each,double,262144,,601500.7708333333,601563.150665804,10458883991.485409,16
foreach_tbb_its100_new.json,GNU-TBB,for_each,double,524288,,1140594.7941415783,1140657.451993499,11030152734.895813,16
foreach_tbb_its100_new.json,GNU-TBB,for_each,double,1048576,,2210867.5761041017,2210929.132097787,11381595780.987007,16
foreach_tbb_its100_new.json,GNU-TBB,for_each,double,2097152,,4342252.164596273,4342335.694099331,11590094242.9016,16
foreach_tbb_its100_new.json,GNU-TBB,for_each,double,4194304,,8599389.32208589,8599454.31288326,11705483337.948856,16
foreach_tbb_its100_new.json,GNU-TBB,for_each,double,8388608,,17200521.523333333,17200547.543333568,11700625952.96303,16
foreach_tbb_its100_new.json,GNU-TBB,for_each,double,16777216,,35248753.557142854,35248995.50142834,11412307147.208555,16
foreach_tbb_its100_new.json,GNU-TBB,for_each,double,33554432,,70735225.79210527,70734899.29736891,11381519607.785631,16
foreach_tbb_its100_new.json,GNU-TBB,for_each,double,67108864,,143857452.7142857,143858001.1071419,11181477142.785782,16
foreach_tbb_its100_new.json,GNU-TBB,for_each,double,134217728,,314714970.5,314712230.6250054,10216435475.81548,16
foreach_tbb_its100_new.json,GNU-TBB,for_each,double,268435456,,636980593.0,636972738.1250172,10099233622.511414,16
foreach_tbb_its10_new.json,GNU-TBB,for_each,double,8,,10643.780014999857,10754.570749999995,20215562.030733958,16
foreach_tbb_its10_new.json,GNU-TBB,for_each,double,16,,14106.196509310772,14227.39059860614,28906777.236474272,16
foreach_tbb_its10_new.json,GNU-TBB,for_each,double,32,,15220.80659340051,15328.710057338663,51955445.51879659,16
foreach_tbb_its10_new.json,GNU-TBB,for_each,double,64,,15225.371672526457,15319.841508597234,102037758.8906841,16
foreach_tbb_its10_new.json,GNU-TBB,for_each,double,128,,17391.37505934242,17478.959362975376,177589739.9269175,16
foreach_tbb_its10_new.json,GNU-TBB,for_each,double,256,,21319.903905729487,21405.793417648947,288643528.9698412,16
foreach_tbb_its10_new.json,GNU-TBB,for_each,double,512,,24491.067900810893,24577.916075544075,502491552.54516435,16
foreach_tbb_its10_new.json,GNU-TBB,for_each,double,1024,,27554.08157673353,27638.032435631627,892574523.6553988,16
foreach_tbb_its10_new.json,GNU-TBB,for_each,double,2048,,30832.69921738199,30913.421497373038,1592758945.0625305,16
foreach_tbb_its10_new.json,GNU-TBB,for_each,double,4096,,34553.44253428206,34632.296410547075,2840468615.672453,16
foreach_tbb_its10_new.json,GNU-TBB,for_each,double,8192,,35748.688582687304,35822.88452828764,5495753617.7562065,16
foreach_tbb_its10_new.json,GNU-TBB,for_each,double,16384,,38943.41211103377,39018.1882054128,10094236161.096352,16
foreach_tbb_its10_new.json,GNU-TBB,for_each,double,32768,,43221.097408814225,43294.7016430403,18175347416.802124,16
foreach_tbb_its10_new.json,GNU-TBB,for_each,double,65536,,52095.96150075822,52170.650954389115,30146336371.722282,16
foreach_tbb_its10_new.json,GNU-TBB,for_each,double,131072,,66657.49936817106,66732.06559382411,47098033383.53958,16
foreach_tbb_its10_new.json,GNU-TBB,for_each,double,262144,,91637.26045826517,91710.5848936176,68630243976.040215,16
foreach_tbb_its10_new.json,GNU-TBB,for_each,double,524288,,139008.83903669275,139095.48326080714,90389834746.53195,16
foreach_tbb_its10_new.json,GNU-TBB,for_each,double,1048576,,224623.03899416915,224712.62010042387,111844633597.89494,16
foreach_tbb_its10_new.json,GNU-TBB,for_each,double,2097152,,394946.71533465036,395030.9890567594,127410016879.11499,16
foreach_tbb_its10_new.json,GNU-TBB,for_each,double,4194304,,741559.1920232447,741649.2917327051,135711273303.23103,16
foreach_tbb_its10_new.json,GNU-TBB,for_each,double,8388608,,1437800.6596868888,1437921.5017612604,139880074227.09833,16
foreach_tbb_its10_new.json,GNU-TBB,for_each,double,16777216,,4679195.306902355,4678982.012626171,85975361353.09903,16
foreach_tbb_its10_new.json,GNU-TBB,for_each,double,33554432,,11357592.800403222,11357137.407258157,70869539129.06644,16
foreach_tbb_its10_new.json,GNU-TBB,for_each,double,67108864,,24034531.70689655,24030568.456896227,66970816984.46741,16
foreach_tbb_its10_new.json,GNU-TBB,for_each,double,134217728,,47617819.870689645,47617636.49137971,67630355558.761795,16
foreach_tbb_its10_new.json,GNU-TBB,for_each,double,268435456,,94403391.60666667,94394808.94666606,68204172289.01302,16
foreach_tbb_its1_new.json,GNU-TBB,for_each,double,8,,10230.644620000097,10290.603245000002,21093290.638715383,16
foreach_tbb_its1_new.json,GNU-TBB,for_each,double,16,,13531.177708467032,13589.412415223775,30132426.900625337,16
foreach_tbb_its1_new.json,GNU-TBB,for_each,double,32,,14529.163946834346,14580.752304531019,54446848.4590621,16
foreach_tbb_its1_new.json,GNU-TBB,for_each,double,64,,14433.362499092831,14484.420126395933,108016883.28394179,16
foreach_tbb_its1_new.json,GNU-TBB,for_each,double,128,,16627.812444792307,16679.34247247134,185873619.5096516,16
foreach_tbb_its1_new.json,GNU-TBB,for_each,double,256,,20375.860592532194,20428.396067001195,302529531.4031025,16
foreach_tbb_its1_new.json,GNU-TBB,for_each,double,512,,23120.271550781566,23171.80199693819,532377081.5451583,16
foreach_tbb_its1_new.json,GNU-TBB,for_each,double,1024,,26322.70994604379,26369.95386937333,933775520.1719227,16
foreach_tbb_its1_new.json,GNU-TBB,for_each,double,2048,,29392.256919470103,29437.135850202023,1672298394.4340677,16
foreach_tbb_its1_new.json,GNU-TBB,for_each,double,4096,,32913.864445632804,32961.00688280292,2985467805.186693,16
foreach_tbb_its1_new.json,GNU-TBB,for_each,double,8192,,34018.757757136416,34067.045161642294,5767273055.806627,16
foreach_tbb_its1_new.json,GNU-TBB,for_each,double,16384,,35728.39733999175,35777.05429193854,10989799352.998749,16
foreach_tbb_its1_new.json,GNU-TBB,for_each,double,32768,,37319.352721667005,37369.33883159672,21060124078.430824,16
foreach_tbb_its1_new.json,GNU-TBB,for_each,double,65536,,39926.48058070998,39974.74974126782,39372847685.54587,16
foreach_tbb_its1_new.json,GNU-TBB,for_each,double,131072,,45274.537422003654,45322.04303126339,69356015207.07254,16
foreach_tbb_its1_new.json,GNU-TBB,for_each,double,262144,,55124.30474625956,55173.05662655334,113879539120.1797,16
foreach_tbb_its1_new.json,GNU-TBB,for_each,double,524288,,73940.36429366242,73992.58903136966,170041607199.06622,16
foreach_tbb_its1_new.json,GNU-TBB,for_each,double,1048576,,108101.62085709922,108159.07798288873,232741138122.07333,16
foreach_tbb_its1_new.json,GNU-TBB,for_each,double,2097152,,173023.45187116571,173081.2418527599,290831611089.97375,16
foreach_tbb_its1_new.json,GNU-TBB,for_each,double,4194304,,322849.377665673,322925.3713597886,311722215596.65027,16
foreach_tbb_its1_new.json,GNU-TBB,for_each,double,8388608,,1045136.1738310709,1045242.2575414624,192423061439.2346,16
foreach_tbb_its1_new.json,GNU-TBB,for_each,double,16777216,,4616228.225412539,4615744.06518154,87206924336.4652,16
foreach_tbb_its1_new.json,GNU-TBB,for_each,double,33554432,,11309997.227822583,11307545.917338688,71159839125.88321,16
foreach_tbb_its1_new.json,GNU-TBB,for_each,double,67108864,,24027383.142241374,24021980.857758187,66998286443.209045,16
foreach_tbb_its1_new.json,GNU-TBB,for_each,double,134217728,,47747299.49137931,47746847.0482766,67450017894.47527,16
foreach_tbb_its1_new.json,GNU-TBB,for_each,double,268435456,,94738937.41333334,94723707.13333286,67985435932.16707,16
foreach_wg1024.json,Clang-SYCL,for_each,double,8,,198972.25,98373.25000000563,1060967.6274959967,16
foreach_wg1024.json,Clang-SYCL,for_each,double,16,,67903.49802075702,37460.72679795089,5960280.971863188,16
foreach_wg1024.json,Clang-SYCL,for_each,double,32,,68348.02443535799,37683.90102949762,11584956.69398344,16
foreach_wg1024.json,Clang-SYCL,for_each,double,64,,69530.66520112914,38468.00668780347,22093464.273718864,16
foreach_wg1024.json,Clang-SYCL,for_each,double,128,,69802.43379421692,38129.69784780755,44050118.16709095,16
foreach_wg1024.json,Clang-SYCL,for_each,double,256,,69703.90274662295,37996.576803250005,88189014.42655647,16
foreach_wg1024.json,Clang-SYCL,for_each,double,512,,70281.38659422247,37866.6389304213,175124113.32378823,16
foreach_wg1024.json,Clang-SYCL,for_each,double,1024,,71625.0517846199,38020.05265267557,343067853.7020472,16
foreach_wg1024.json,Clang-SYCL,for_each,double,2048,,74519.46569927875,38527.85136353999,655342640.6679931,16
foreach_wg1024.json,Clang-SYCL,for_each,double,4096,,82128.65471120203,40402.02306009372,1194419157.4753895,16
foreach_wg1024.json,Clang-SYCL,for_each,double,8192,,97507.3382115693,44127.285991395765,2005167934.137035,16
foreach_wg1024.json,Clang-SYCL,for_each,double,16384,,125050.85334169444,47864.09268052359,3141795885.9902363,16
foreach_wg1024.json,Clang-SYCL,for_each,double,32768,,179982.25124760042,59067.35671785087,4362840708.96036,16
foreach_wg1024.json,Clang-SYCL,for_each,double,65536,,287444.959076009,80603.31417742153,5470480884.557982,16
foreach_wg1024.json,Clang-SYCL,for_each,double,131072,,502230.4986611916,123115.56119243181,6248997901.1178255,16
foreach_wg1024.json,Clang-SYCL,for_each,double,262144,,778386.215953307,122374.53460255792,8078716142.24979,16
foreach_wg1024.json,Clang-SYCL,for_each,double,524288,,1341203.7200289578,125614.51785714796,9354594150.25114,16
foreach_wg1024.json,Clang-SYCL,for_each,double,1048576,,2406051.8187285215,137865.58762886643,10416683824.452358,16
foreach_wg1024.json,Clang-SYCL,for_each,double,2097152,,4770066.926411962,240947.26196013117,10505754437.305029,16
foreach_wg1024.json,Clang-SYCL,for_each,double,4194304,,10158438.552450985,354344.77941177035,9907157022.92472,16
foreach_wg1024.json,Clang-SYCL,for_each,double,8388608,,21383480.157894734,414110.62982459256,9410011522.986881,16
foreach_wg1024.json,Clang-SYCL,for_each,double,16777216,,43894123.400000006,518149.1833332786,9170728041.503214,16
foreach_wg1024.json,Clang-SYCL,for_each,double,33554432,,89141706.75,725045.7499995581,9032291213.041004,16
foreach_wg1024.json,Clang-SYCL,for_each,double,67108864,,185912677.27142859,1127652.2500003646,8505284492.202099,16
foreach_wg1024.json,Clang-SYCL,for_each,double,134217728,,360123659.4375,1915102.499999932,8943939449.856056,16
foreach_wg1024.json,Clang-SYCL,for_each,double,268435456,,745660595.975,3526008.9749954203,8509131495.317699,16
foreach_wg128.json,Clang-SYCL,for_each,double,8,,240521.75,103244.74999995338,888861.8433789185,16
foreach_wg128.json,Clang-SYCL,for_each,double,16,,70268.07898944264,39243.420223835165,5802022.306939439,16
foreach_wg128.json,Clang-SYCL,for_each,double,32,,69327.75260754579,38626.14123165983,11387220.114529632,16
foreach_wg128.json,Clang-SYCL,for_each,double,64,,69313.9623576339,38431.20816818026,22492078.18100342,16
foreach_wg128.json,Clang-SYCL,for_each,double,128,,69622.35128250143,38443.47896797504,44431911.69040851,16
foreach_wg128.json,Clang-SYCL,for_each,double,256,,70581.39650510179,38537.899234694036,87219128.02268937,16
foreach_wg128.json,Clang-SYCL,for_each,double,512,,71625.92005561758,38622.57980406194,170787579.7288909,16
foreach_wg128.json,Clang-SYCL,for_each,double,1024,,73161.51257005,38892.586057492634,334499485.0868938,16
foreach_wg128.json,Clang-SYCL,for_each,double,2048,,76726.73083342495,39485.64344150186,614937086.7549932,16
foreach_wg128.json,Clang-SYCL,for_each,double,4096,,83085.4503488444,41057.97201856585,1175845973.4077692,16
foreach_wg128.json,Clang-SYCL,for_each,double,8192,,99251.03023166546,45192.425615798136,1974034401.6774771,16
foreach_wg128.json,Clang-SYCL,for_each,double,16384,,127383.04190829105,49792.32125984292,3082091707.20777,16
foreach_wg128.json,Clang-SYCL,for_each,double,32768,,178853.30404374388,60497.881326296374,4381197728.210485,16
foreach_wg128.json,Clang-SYCL,for_each,double,65536,,290208.228080932,81740.40302472922,5406199632.632826,16
foreach_wg128.json,Clang-SYCL,for_each,double,131072,,506549.6636531361,125177.31226936934,6202999703.052977,16
foreach_wg128.json,Clang-SYCL,for_each,double,262144,,783432.3980169976,124781.96917847269,8025199732.09181,16
foreach_wg128.json,Clang-SYCL,for_each,double,524288,,1320987.3260663506,127718.81303317647,9521484977.091202,16
foreach_wg128.json,Clang-SYCL,for_each,double,1048576,,2412318.5910278773,140150.48301392864,10427053610.96938,16
foreach_wg128.json,Clang-SYCL,for_each,double,2097152,,4736900.309322035,199065.27796609473,10591959262.331116,16
foreach_wg128.json,Clang-SYCL,for_each,double,4194304,,10180949.388392858,360333.3303571051,9883886550.49775,16
foreach_wg128.json,Clang-SYCL,for_each,double,8388608,,21446927.179824565,414768.96491226414,9384431628.056412,16
foreach_wg128.json,Clang-SYCL,for_each,double,16777216,,44045399.008333325,522726.3550000553,9138638254.823511,16
foreach_wg128.json,Clang-SYCL,for_each,double,33554432,,89447506.89285715,729523.0000001445,9001826387.72184,16
foreach_wg128.json,Clang-SYCL,for_each,double,67108864,,180472799.03571433,1141659.8428580877,8923575439.20477,16
foreach_wg128.json,Clang-SYCL,for_each,double,134217728,,361406255.125,1935444.5624992778,8909847738.876148,16
foreach_wg128.json,Clang-SYCL,for_each,double,268435456,,746780385.7499999,3570376.9999990696,8493494816.723148,16
foreach_wg256.json,Clang-SYCL,for_each,double,8,,152358.75,66866.75000017184,1416584.0700955612,16
foreach_wg256.json,Clang-SYCL,for_each,double,16,,70299.2539134644,39349.34552809782,5802052.872266356,16
foreach_wg256.json,Clang-SYCL,for_each,double,32,,70602.88369570745,39406.92349308421,11213442.227750538,16
foreach_wg256.json,Clang-SYCL,for_each,double,64,,68741.37867754832,37960.69713371128,22681083.7245126,16
foreach_wg256.json,Clang-SYCL,for_each,double,128,,69282.3713332336,38212.855869316096,44558490.782688186,16
foreach_wg256.json,Clang-SYCL,for_each,double,256,,69843.30138816257,38268.18102747304,88147929.67116477,16
foreach_wg256.json,Clang-SYCL,for_each,double,512,,73226.52259199909,38909.51884335831,165870550.66261697,16
foreach_wg256.json,Clang-SYCL,for_each,double,1024,,73777.03201541412,39044.19490867821,332248938.7450552,16
foreach_wg256.json,Clang-SYCL,for_each,double,2048,,75531.91202190239,38752.43011332674,649876282.0688608,16
foreach_wg256.json,Clang-SYCL,for_each,double,4096,,84868.40959119482,41293.09296383623,1155505289.279824,16
foreach_wg256.json,Clang-SYCL,for_each,double,8192,,100026.9310154917,44909.03235147832,1956018439.3942447,16
foreach_wg256.json,Clang-SYCL,for_each,double,16384,,128406.52450120024,49328.24531221163,3026180498.1077175,16
foreach_wg256.json,Clang-SYCL,for_each,double,32768,,184447.00245065585,59356.02165849798,4260225793.9008636,16
foreach_wg256.json,Clang-SYCL,for_each,double,65536,,292978.85806991777,81457.14337450273,5366696805.514462,16
foreach_wg256.json,Clang-SYCL,for_each,double,131072,,511044.5963038628,124312.64255200356,6153507237.517324,16
foreach_wg256.json,Clang-SYCL,for_each,double,262144,,800839.9489124217,122512.53033771692,7855196041.059792,16
foreach_wg256.json,Clang-SYCL,for_each,double,524288,,1366602.0284035264,125726.60920665717,9205165957.506557,16
foreach_wg256.json,Clang-SYCL,for_each,double,1048576,,2517943.2372727254,152785.90009091113,9968664640.10567,16
foreach_wg256.json,Clang-SYCL,for_each,double,2097152,,4919268.651433691,221287.8727598398,10206722862.911291,16
foreach_wg256.json,Clang-SYCL,for_each,double,4194304,,10308057.160550456,357446.3944954921,9762886266.92149,16
foreach_wg256.json,Clang-SYCL,for_each,double,8388608,,21697773.758771926,411253.509649138,9276681830.369015,16
foreach_wg256.json,Clang-SYCL,for_each,double,16777216,,44551298.483333334,516323.6999997878,9037294549.920158,16
foreach_wg256.json,Clang-SYCL,for_each,double,33554432,,90533803.2142857,726534.7071428911,8887466255.268652,16
foreach_wg256.json,Clang-SYCL,for_each,double,67108864,,182653513.35714284,1130338.892857046,8817710474.670128,16
foreach_wg256.json,Clang-SYCL,for_each,double,134217728,,366116224.0625,1923311.1625005961,8797770262.774145,16
foreach_wg256.json,Clang-SYCL,for_each,double,268435456,,755095079.775,3542748.6250014794,8401492525.3894615,16
foreach_wg32.json,Clang-SYCL,for_each,double,8,,252355.75,112632.0000000014,850964.196064157,16
foreach_wg32.json,Clang-SYCL,for_each,double,16,,69051.55105312508,38270.52022835097,5907463.907778643,16
foreach_wg32.json,Clang-SYCL,for_each,double,32,,70278.55330360273,39070.00266580294,11187145.932843657,16
foreach_wg32.json,Clang-SYCL,for_each,double,64,,69488.4287752858,38367.16722161022,22370789.95261006,16
foreach_wg32.json,Clang-SYCL,for_each,double,128,,69456.13069146272,38251.62192960556,44524530.39155863,16
foreach_wg32.json,Clang-SYCL,for_each,double,256,,70404.41368792523,38289.52220821759,86692929.09639171,16
foreach_wg32.json,Clang-SYCL,for_each,double,512,,70989.19162063551,38277.366406527166,173319302.6747617,16
foreach_wg32.json,Clang-SYCL,for_each,double,1024,,73112.99404455643,38891.0558242437,333143060.6208076,16
foreach_wg32.json,Clang-SYCL,for_each,double,2048,,75240.18535929275,38684.82722526993,651849315.8159947,16
foreach_wg32.json,Clang-SYCL,for_each,double,4096,,84469.29767282851,41627.863118944704,1161963181.519391,16
foreach_wg32.json,Clang-SYCL,for_each,double,8192,,98440.26137237124,44593.375724967234,1992623712.1653926,16
foreach_wg32.json,Clang-SYCL,for_each,double,16384,,126978.04370330326,49598.22601494285,3094128325.426575,16
foreach_wg32.json,Clang-SYCL,for_each,double,32768,,179459.23423249886,60208.3251123954,4381432018.81671,16
foreach_wg32.json,Clang-SYCL,for_each,double,65536,,290794.78197795304,83720.16706530846,5393088273.313883,16
foreach_wg32.json,Clang-SYCL,for_each,double,131072,,508023.93439524807,130015.28041756467,6162977763.572347,16
foreach_wg32.json,Clang-SYCL,for_each,double,262144,,785268.4425543775,134281.81447295327,8000477907.258099,16
foreach_wg32.json,Clang-SYCL,for_each,double,524288,,1330191.2209905663,146347.06202830203,9457499589.033564,16
foreach_wg32.json,Clang-SYCL,for_each,double,1048576,,2410817.3052677037,174092.2223661398,10431389085.431067,16
foreach_wg32.json,Clang-SYCL,for_each,double,2097152,,4718258.81779661,249391.4313559236,10613460161.949614,16
foreach_wg32.json,Clang-SYCL,for_each,double,4194304,,10234578.320454545,508214.5545454931,9829669062.942415,16
foreach_wg32.json,Clang-SYCL,for_each,double,8388608,,21490687.907894738,711963.6315787889,9362653787.086239,16
foreach_wg32.json,Clang-SYCL,for_each,double,16777216,,44099304.516666666,1127737.8333333605,9129573493.269743,16
foreach_wg32.json,Clang-SYCL,for_each,double,33554432,,89728585.60714285,1952878.821428377,8967310888.900126,16
foreach_wg32.json,Clang-SYCL,for_each,double,67108864,,180663482.82142857,3591168.7857149234,8911812952.185928,16
foreach_wg32.json,Clang-SYCL,for_each,double,134217728,,361939637.75,6846096.912499355,8816869518.096542,16
foreach_wg32.json,Clang-SYCL,for_each,double,268435456,,743927529.875,13372794.374998165,8573041063.56902,16
foreach_wg512.json,Clang-SYCL,for_each,double,8,,289869.5,100325.74999990774,728849.8185893107,16
foreach_wg512.json,Clang-SYCL,for_each,double,16,,67956.83980660982,37744.93016299074,5996457.4942133,16
foreach_wg512.json,Clang-SYCL,for_each,double,32,,68425.57022888609,37893.22219720253,11557865.167418072,16
foreach_wg512.json,Clang-SYCL,for_each,double,64,,69060.02417970475,38437.307138653196,22501976.112572804,16
foreach_wg512.json,Clang-SYCL,for_each,double,128,,69514.76432493122,38268.431220364466,44060618.93481243,16
foreach_wg512.json,Clang-SYCL,for_each,double,256,,70095.73204175546,38475.39779850373,87895900.33868207,16
foreach_wg512.json,Clang-SYCL,for_each,double,512,,70337.85422937953,38199.30715683324,174948621.1892863,16
foreach_wg512.json,Clang-SYCL,for_each,double,1024,,73517.87488915533,39206.66048980222,330118407.20034695,16
foreach_wg512.json,Clang-SYCL,for_each,double,2048,,75173.6620049438,38792.46142995334,652196195.2761132,16
foreach_wg512.json,Clang-SYCL,for_each,double,4096,,83754.98468195956,40718.53884163911,1173127720.640397,16
foreach_wg512.json,Clang-SYCL,for_each,double,8192,,98932.49856904818,44569.8691856253,1971859434.4716315,16
foreach_wg512.json,Clang-SYCL,for_each,double,16384,,129599.6944063297,49016.945641236875,3029517389.2850885,16
foreach_wg512.json,Clang-SYCL,for_each,double,32768,,180760.67343972126,59558.77761984832,4348999207.890713,16
foreach_wg512.json,Clang-SYCL,for_each,double,65536,,293070.077352389,81347.33851450204,5346434831.573437,16
foreach_wg512.json,Clang-SYCL,for_each,double,131072,,510038.18670193397,123805.29487413149,6165598069.139506,16
foreach_wg512.json,Clang-SYCL,for_each,double,262144,,788639.0355736781,122767.276152979,7946062419.030516,16
foreach_wg512.json,Clang-SYCL,for_each,double,524288,,1330270.3808724834,125484.67348993212,9448225687.126732,16
foreach_wg512.json,Clang-SYCL,for_each,double,1048576,,2500848.3773996504,139444.5654450387,10060412793.663994,16
foreach_wg512.json,Clang-SYCL,for_each,double,2097152,,4765668.083904111,187190.79280823527,10477195447.542152,16
foreach_wg512.json,Clang-SYCL,for_each,double,4194304,,10309625.8972973,344370.19459461083,9761220610.803707,16
foreach_wg512.json,Clang-SYCL,for_each,double,8388608,,21724854.69736842,410387.0701755509,9265634790.169186,16
foreach_wg512.json,Clang-SYCL,for_each,double,16777216,,44603765.75833333,515644.9799998816,9026713091.675701,16
foreach_wg512.json,Clang-SYCL,for_each,double,33554432,,90537157.7857143,721869.4821428276,8885653063.676403,16
foreach_wg512.json,Clang-SYCL,for_each,double,67108864,,182779628.71428567,1132641.6857145764,8810840857.845604,16
foreach_wg512.json,Clang-SYCL,for_each,double,134217728,,366192825.25,1920300.437499023,8794077449.20037,16
foreach_wg512.json,Clang-SYCL,for_each,double,268435456,,873038055.1500001,3552368.7750021787,7192300287.670242,16
foreach_wg64.json,Clang-SYCL,for_each,double,8,,241768.5,102593.25000000486,884903.5095040018,16
foreach_wg64.json,Clang-SYCL,for_each,double,16,,70709.62586307302,39317.575825638465,5734095.414496605,16
foreach_wg64.json,Clang-SYCL,for_each,double,32,,69626.06706125419,38598.66063152606,11186837.071319452,16
foreach_wg64.json,Clang-SYCL,for_each,double,64,,72813.27562549408,40776.39202001583,21365811.491247837,16
foreach_wg64.json,Clang-SYCL,for_each,double,128,,72117.03715700252,40105.047861694824,42742836.24521664,16
foreach_wg64.json,Clang-SYCL,for_each,double,256,,71758.9752177521,39600.95462204476,84303851.03944042,16
foreach_wg64.json,Clang-SYCL,for_each,double,512,,71037.04246876891,38624.84513874653,173116070.72223696,16
foreach_wg64.json,Clang-SYCL,for_each,double,1024,,73230.14744089349,39250.42283710044,331761761.4433727,16
foreach_wg64.json,Clang-SYCL,for_each,double,2048,,75036.24856291297,38863.52486959766,652760950.5666581,16
foreach_wg64.json,Clang-SYCL,for_each,double,4096,,86688.5238235293,42764.354226005824,1129047176.2353215,16
foreach_wg64.json,Clang-SYCL,for_each,double,8192,,112608.01746353338,48642.63405591555,1732642184.6902218,16
foreach_wg64.json,Clang-SYCL,for_each,double,16384,,140099.74455260774,52685.751891455686,2806008234.84926,16
foreach_wg64.json,Clang-SYCL,for_each,double,32768,,193610.97050748748,62761.74142401591,4058138034.814973,16
foreach_wg64.json,Clang-SYCL,for_each,double,65536,,303721.401237248,83159.70586064702,5177561112.817293,16
foreach_wg64.json,Clang-SYCL,for_each,double,131072,,522181.8714635994,124348.35948698611,6002618952.830507,16
foreach_wg64.json,Clang-SYCL,for_each,double,262144,,798702.4190718734,124610.33395586043,7870830860.656855,16
foreach_wg64.json,Clang-SYCL,for_each,double,524288,,1342180.4086768935,130353.88993288191,9371877771.693386,16
foreach_wg64.json,Clang-SYCL,for_each,double,1048576,,2423412.7563922936,150147.7760945661,10377145052.86433,16
foreach_wg64.json,Clang-SYCL,for_each,double,2097152,,4754930.040268458,224498.27181207348,10523660658.784012,16
foreach_wg64.json,Clang-SYCL,for_each,double,4194304,,10169605.152272727,313133.10000003525,9858341239.713146,16
foreach_wg64.json,Clang-SYCL,for_each,double,8388608,,21518553.701754384,498128.8377193044,9348739968.407814,16
foreach_wg64.json,Clang-SYCL,for_each,double,16777216,,44153060.90833333,706854.3750001765,9118277784.8693,16
foreach_wg64.json,Clang-SYCL,for_each,double,33554432,,89769975.07142857,1123083.6785721518,8966843565.304733,16
foreach_wg64.json,Clang-SYCL,for_each,double,67108864,,180838516.03571433,1944798.9642859146,8904626366.438839,16
foreach_wg64.json,Clang-SYCL,for_each,double,134217728,,362125654.6875,3571316.500000421,8893833683.59792,16
foreach_wg64.json,Clang-SYCL,for_each,double,268435456,,743498787.75,6814839.374992942,8616540547.615257,16
full_find_matches.json,Clang-SYCL,find,double,8,,253993.74999999997,110666.7499998215,816851.4618055844,16
full_find_matches.json,Clang-SYCL,find,double,16,,69239.5621973366,38580.0949455206,5824376.182689218,16
full_find_matches.json,Clang-SYCL,find,double,32,,67284.73089630876,37517.32093704979,11760002.439329423,16
full_find_matches.json,Clang-SYCL,find,double,64,,69885.02253411617,39258.97554756925,21918225.990262095,16
full_find_matches.json,Clang-SYCL,find,double,128,,69639.55982970994,38888.865997668516,44130902.26754187,16
full_find_matches.json,Clang-SYCL,find,double,256,,70567.22289217156,39360.53975731073,87345438.54862371,16
full_find_matches.json,Clang-SYCL,find,double,512,,73875.59006790725,40677.6929915505,159918151.27147168,16
full_find_matches.json,Clang-SYCL,find,double,1024,,72647.92588674699,39763.24062320436,338338128.87223154,16
full_find_matches.json,Clang-SYCL,find,double,2048,,76309.41855271028,41282.21978721078,644068810.7692823,16
full_find_matches.json,Clang-SYCL,find,double,4096,,86090.57580843847,45364.57103480167,1139480223.5320354,16
full_find_matches.json,Clang-SYCL,find,double,8192,,104790.35657954076,54092.2965111918,1874523520.9666371,16
full_find_matches.json,Clang-SYCL,find,double,16384,,140870.9335379354,68129.82971926042,2783323731.2495313,16
full_find_matches.json,Clang-SYCL,find,double,32768,,209733.936775044,96327.19550380709,3734578685.662858,16
full_find_matches.json,Clang-SYCL,find,double,65536,,352428.3050414027,151932.55972966325,4461178641.568737,16
full_find_matches.json,Clang-SYCL,find,double,131072,,638029.6622727275,272579.18215908523,4929579692.023983,16
full_find_matches.json,Clang-SYCL,find,double,262144,,1032842.7096525093,459345.22027026897,6090942139.542271,16
full_find_matches.json,Clang-SYCL,find,double,524288,,1817281.481348169,801337.0847513166,6922816199.959929,16
full_find_matches.json,Clang-SYCL,find,double,1048576,,3507285.329545454,1569394.68434342,7168466262.559889,16
full_find_matches.json,Clang-SYCL,find,double,2097152,,7874950.134166667,3625905.343055575,6380238746.619106,16
full_find_matches.json,Clang-SYCL,find,double,4194304,,32496131.412499994,23417193.178750254,3088484007.889627,16
full_find_matches.json,Clang-SYCL,find,double,8388608,,85223534.27777779,58258396.65277776,2224690757.9772778,16
full_find_matches.json,Clang-SYCL,find,double,16777216,,246118260.95,180035094.80000162,1635612889.0149183,16
full_find_matches.json,Clang-SYCL,find,double,33554432,,457730923.50000006,331906099.98333496,1757999881.0971208,16
full_find_matches.json,Clang-SYCL,find,double,67108864,,648970937.2500001,443970482.7500001,2441136266.906952,16
full_find_matches.json,Clang-SYCL,find,double,134217728,,1163001138.25,734006715.9999819,2769042033.988732,16
full_find_matches.json,Clang-SYCL,find,double,268435456,,2238194405.5,1402981977.0000103,2878105028.7984943,16
full_find_twophase.json,Clang-SYCL,find,double,8,,159890.75,70544.99999986641,1326675.402691564,16
full_find_twophase.json,Clang-SYCL,find,double,16,,88490.55280114562,45449.940486844425,4598254.758499943,16
full_find_twophase.json,Clang-SYCL,find,double,32,,89489.21822184802,46549.879379006714,8840958.381100742,16
full_find_twophase.json,Clang-SYCL,find,double,64,,72704.01761455963,41167.15762105948,20720226.754471324,16
full_find_twophase.json,Clang-SYCL,find,double,128,,72805.19398480229,40808.88042403957,42481403.55013798,16
full_find_twophase.json,Clang-SYCL,find,double,256,,72432.98614193601,40561.64839621626,84852461.91513973,16
full_find_twophase.json,Clang-SYCL,find,double,512,,72695.3471274545,40656.3326996196,168314224.06873125,16
full_find_twophase.json,Clang-SYCL,find,double,1024,,75199.4902060692,43291.90096618362,302677875.8734807,16
full_find_twophase.json,Clang-SYCL,find,double,2048,,74924.18610856582,44199.56525254676,655257970.035285,16
full_find_twophase.json,Clang-SYCL,find,double,4096,,78603.25581166302,46280.54583192611,1244649859.593931,16
full_find_twophase.json,Clang-SYCL,find,double,8192,,89792.36624266759,50119.224757793316,2181667684.254318,16
full_find_twophase.json,Clang-SYCL,find,double,16384,,110028.21220794375,58044.21995716479,3554199636.6659594,16
full_find_twophase.json,Clang-SYCL,find,double,32768,,148585.52346380492,78234.06581439328,5282254318.249199,16
full_find_twophase.json,Clang-SYCL,find,double,65536,,217178.43413150596,109904.6071758561,7236898543.55095,16
full_find_twophase.json,Clang-SYCL,find,double,131072,,225458.5978538581,165343.6083290748,12560858329.290627,16
full_find_twophase.json,Clang-SYCL,find,double,262144,,317300.62508509203,227517.1832652591,19824397007.97505,16
full_find_twophase.json,Clang-SYCL,find,double,524288,,500386.0753044407,307156.6802292269,25137853525.292854,16
full_find_twophase.json,Clang-SYCL,find,double,1048576,,874618.0260774522,478012.49047470454,28762703241.654144,16
full_find_twophase.json,Clang-SYCL,find,double,2097152,,1611574.5442196531,820452.0089595552,31222716387.430916,16
full_find_twophase.json,Clang-SYCL,find,double,4194304,,3308478.750000001,1656893.445913491,30417141430.98207,16
full_find_twophase.json,Clang-SYCL,find,double,8388608,,7391454.087037038,3535840.868888937,26977180130.778637,16
full_find_twophase.json,Clang-SYCL,find,double,16777216,,18842581.98648648,11184142.020270327,21079275173.33245,16
full_find_twophase.json,Clang-SYCL,find,double,33554432,,44882662.879032254,33421210.92741914,17929667608.494255,16
full_find_twophase.json,Clang-SYCL,find,double,67108864,,85945614.75000001,57199676.78124993,18736168598.201256,16
full_find_twophase.json,Clang-SYCL,find,double,134217728,,157619769.05555552,88422520.71666665,20430836425.041084,16
full_find_twophase.json,Clang-SYCL,find,double,268435456,,301556874.95,166499261.12000144,21342357232.680832,16
gnu_inclusive_scan.json,GNU-OMP,inclusive_scan,double,8,,20274.10568041457,20414.102916405987,10625404.213059418,16
gnu_inclusive_scan.json,GNU-OMP,inclusive_scan,double,16,,30146.56280882891,30291.63064283136,13512194.926370762,16
gnu_inclusive_scan.json,GNU-OMP,inclusive_scan,double,32,,36471.961253792004,36605.30643241969,21671670.7733227,16
gnu_inclusive_scan.json,GNU-OMP,inclusive_scan,double,64,,39843.96524760487,39970.06272839749,39134178.99174434,16
gnu_inclusive_scan.json,GNU-OMP,inclusive_scan,double,128,,45530.20641825393,45649.94606040706,67969862.55860884,16
gnu_inclusive_scan.json,GNU-OMP,inclusive_scan,double,256,,55950.00764578649,56069.71053748803,110104752.71356747,16
gnu_inclusive_scan.json,GNU-OMP,inclusive_scan,double,512,,56392.71320618923,56512.074267322285,217884709.83278316,16
gnu_inclusive_scan.json,GNU-OMP,inclusive_scan,double,1024,,56106.90734051524,56223.0894657802,438013445.1244421,16
gnu_inclusive_scan.json,GNU-OMP,inclusive_scan,double,2048,,56056.202259909696,56168.83430062793,876805638.5496074,16
gnu_inclusive_scan.json,GNU-OMP,inclusive_scan,double,4096,,56142.36956739641,56263.07594018149,1749243743.9277406,16
gnu_inclusive_scan.json,GNU-OMP,inclusive_scan,double,8192,,61642.1247652422,61800.01177157703,3152294342.4732623,16
gnu_inclusive_scan.json,GNU-OMP,inclusive_scan,double,16384,,61541.34737725682,61670.7346603302,6384515072.340727,16
gnu_inclusive_scan.json,GNU-OMP,inclusive_scan,double,32768,,64245.03865932212,64375.6326278748,12228205096.963089,16
gnu_inclusive_scan.json,GNU-OMP,inclusive_scan,double,65536,,68250.57008246396,68378.58609022562,23041252373.40846,16
gnu_inclusive_scan.json,GNU-OMP,inclusive_scan,double,131072,,74712.23590480807,74843.35649257296,42045272003.083374,16
gnu_inclusive_scan.json,GNU-OMP,inclusive_scan,double,262144,,88392.88816741145,88523.90126407161,71139019670.99185,16
gnu_inclusive_scan.json,GNU-OMP,inclusive_scan,double,524288,,124652.1783007927,124783.9830614246,100892122257.10204,16
gnu_inclusive_scan.json,GNU-OMP,inclusive_scan,double,1048576,,201807.92761581737,201940.91672680154,124667312275.95941,16
gnu_inclusive_scan.json,GNU-OMP,inclusive_scan,double,2097152,,360121.0460392053,360266.16748120193,139735524048.99222,16
gnu_inclusive_scan.json,GNU-OMP,inclusive_scan,double,4194304,,1769943.9094663272,1770025.7050825953,56828688378.47215,16
gnu_inclusive_scan.json,GNU-OMP,inclusive_scan,double,8388608,,5108025.755128207,5107456.738278395,39379892166.50455,16
gnu_inclusive_scan.json,GNU-OMP,inclusive_scan,double,16777216,,13566654.007575754,13565523.853535155,29414019945.713333,16
gnu_inclusive_scan.json,GNU-OMP,inclusive_scan,double,33554432,,28320187.973999996,28314442.53500058,28427809899.73628,16
gnu_inclusive_scan.json,GNU-OMP,inclusive_scan,double,67108864,,65214016.30681819,65165326.147727855,24664961172.454803,16
gnu_inclusive_scan.json,GNU-OMP,inclusive_scan,double,134217728,,119142326.10416669,119025405.45833299,27029110665.816856,16
gnu_inclusive_scan.json,GNU-OMP,inclusive_scan,double,268435456,,217296177.0,217220030.75000203,29636694287.534225,16
quick_find_atomic.json,Clang-SYCL,find,double,8,,284235.0,133117.99999993213,532969.4885357686,9
quick_find_atomic.json,Clang-SYCL,find,double,16,,147316.0316666668,88014.2583333332,2648295.794292939,9
quick_find_atomic.json,Clang-SYCL,find,double,32,,132113.62115127177,79987.35642570282,5877880.102160687,9
quick_find_atomic.json,Clang-SYCL,find,double,64,,120800.31439393946,65330.425990675925,12869458.059696402,9
quick_find_atomic.json,Clang-SYCL,find,double,128,,119262.89861351818,63429.81195840559,25901743.476600833,9
quick_find_atomic.json,Clang-SYCL,find,double,256,,120272.02138580002,63928.53863701172,51227737.832527824,9
quick_find_atomic.json,Clang-SYCL,find,double,512,,117872.1468590832,62661.08828522923,103981778.33343615,9
quick_find_atomic.json,Clang-SYCL,find,double,1024,,118650.4607594936,63587.31392405053,206527544.08298755,9
quick_find_atomic.json,Clang-SYCL,find,double,2048,,120408.58972125436,64666.08478513365,407205900.95624685,9
quick_find_atomic.json,Clang-SYCL,find,double,4096,,164916.22723330438,80437.9820757446,559819982.901155,9
quick_find_atomic.json,Clang-SYCL,find,double,8192,,169903.82649572653,78322.32051282027,1107918097.4440868,9
quick_find_atomic.json,Clang-SYCL,find,double,16384,,151387.55580357136,76581.47767857146,2593638503.179179,9
quick_find_atomic.json,Clang-SYCL,find,double,32768,,169739.54497354483,91760.02767602791,4627848912.377584,9
quick_find_atomic.json,Clang-SYCL,find,double,65536,,227482.6162601627,124310.64552845519,6907575657.392183,9
quick_find_atomic.json,Clang-SYCL,find,double,131072,,562871.8298611109,302162.2274305552,5168366625.477545,9
quick_find_atomic.json,Clang-SYCL,find,double,262144,,839034.9192546579,436225.23602484283,7458638183.692667,9
quick_find_atomic.json,Clang-SYCL,find,double,524288,,1213671.4311926607,677581.5963302768,10113657483.446074,9
quick_find_atomic.json,Clang-SYCL,find,double,1048576,,2039166.7384615385,919881.9794871764,12317302540.846634,9
quick_find_atomic.json,Clang-SYCL,find,double,2097152,,3076712.3157894737,1355369.736842109,16336645613.71268,9
quick_find_atomic.json,Clang-SYCL,find,double,4194304,,5576625.130434782,2651759.9565217253,17644789043.332104,9
quick_find_atomic.json,Clang-SYCL,find,double,8388608,,12961101.925925925,6676555.00000001,15427609309.152956,9
quick_find_atomic.json,Clang-SYCL,find,double,16777216,,25310564.8,10728714.800000105,15899635383.852036,9
quick_find_atomic.json,Clang-SYCL,find,double,33554432,,53677765.333333336,20193743.000000097,14853319689.217457,9
quick_find_atomic.json,Clang-SYCL,find,double,67108864,,106812479.0,1191299.0000002566,15071272789.396275,9
quick_find_atomic.json,Clang-SYCL,find,double,134217728,,186315504.99999997,1694067.9999990494,17223815679.06635,9
quick_find_atomic.json,Clang-SYCL,find,double,268435456,,358806205.0,3344099.999999628,16246976060.433947,9
quick_find_matches.json,Clang-SYCL,find,double,8,,208941.0,97787.00000007135,750455.2055931897,9
quick_find_matches.json,Clang-SYCL,find,double,16,,124105.98439716316,63437.924822695015,3065898.044801037,9
quick_find_matches.json,Clang-SYCL,find,double,32,,118360.14091680822,60917.399830220704,6682355.06259754,9
quick_find_matches.json,Clang-SYCL,find,double,64,,91742.84634346767,46934.71076417401,16508810.051627792,9
quick_find_matches.json,Clang-SYCL,find,double,128,,87711.44655682304,43946.30925221815,35253611.009077065,9
quick_find_matches.json,Clang-SYCL,find,double,256,,87366.84286612201,43867.654305468284,70562197.63756809,9
quick_find_matches.json,Clang-SYCL,find,double,512,,88021.49428208372,44336.620711562806,139009374.7915926,9
quick_find_matches.json,Clang-SYCL,find,double,1024,,86598.3444650588,43074.43042671607,283565733.76838285,9
quick_find_matches.json,Clang-SYCL,find,double,2048,,88168.25951629871,44386.09631966355,556256939.254283,9
quick_find_matches.json,Clang-SYCL,find,double,4096,,90583.87114845948,45528.24434389133,1083737985.7827797,9
quick_find_matches.json,Clang-SYCL,find,double,8192,,103599.32947845808,50337.89863945574,1865916806.404322,9
quick_find_matches.json,Clang-SYCL,find,double,16384,,122541.13509544784,59949.72099853127,3200545110.513028,9
quick_find_matches.json,Clang-SYCL,find,double,32768,,146950.50160085363,77535.15368196364,5347883164.057527,9
quick_find_matches.json,Clang-SYCL,find,double,65536,,215516.7415384613,109210.56923076951,7291228584.748383,9
quick_find_matches.json,Clang-SYCL,find,double,131072,,353065.5265822783,168629.9898734184,8908782446.817242,9
quick_find_matches.json,Clang-SYCL,find,double,262144,,549541.5647058822,209670.42875817043,11448101718.529007,9
quick_find_matches.json,Clang-SYCL,find,double,524288,,939143.7248322148,290353.2080536907,12819941667.019573,9
quick_find_matches.json,Clang-SYCL,find,double,1048576,,1894173.6118721461,462233.8082191741,13278453198.359043,9
quick_find_matches.json,Clang-SYCL,find,double,2097152,,3348986.3249999993,898422.1499999999,14986822425.665066,9
quick_find_matches.json,Clang-SYCL,find,double,4194304,,6772217.714285714,1653068.9841269956,14849970566.443232,9
quick_find_matches.json,Clang-SYCL,find,double,8388608,,14091590.555555558,3290840.444444498,14189706897.840569,9
quick_find_matches.json,Clang-SYCL,find,double,16777216,,36095445.4,13878614.266666623,11030152972.594353,9
quick_find_matches.json,Clang-SYCL,find,double,33554432,,77875643.50000001,19189367.000000067,10223662092.195667,9
quick_find_matches.json,Clang-SYCL,find,double,67108864,,154077978.33333334,3213229.6666667056,10448092944.605858,9
quick_find_matches.json,Clang-SYCL,find,double,134217728,,256718970.0,3014873.999999779,12408043926.292612,9
quick_find_matches.json,Clang-SYCL,find,double,268435456,,503154286.99999994,5785161.000000372,12793727639.466629,9
quick_find_twophase.json,Clang-SYCL,find,double,8,,352885.0,175817.99999999427,472604.969098698,9
quick_find_twophase.json,Clang-SYCL,find,double,16,,153562.32615894033,72608.54139072855,2572309.4729015743,9
quick_find_twophase.json,Clang-SYCL,find,double,32,,135748.05768566515,65269.95129533695,5706758.496884248,9
quick_find_twophase.json,Clang-SYCL,find,double,64,,86582.61810154538,51768.63061074328,17821011.20488632,9
quick_find_twophase.json,Clang-SYCL,find,double,128,,86249.36857749478,43222.27770700645,35572924.41088014,9
quick_find_twophase.json,Clang-SYCL,find,double,256,,80932.98032407406,37186.41377314795,76168646.55191414,9
quick_find_twophase.json,Clang-SYCL,find,double,512,,78052.86259259254,49162.79555555555,155354239.75169808,9
quick_find_twophase.json,Clang-SYCL,find,double,1024,,77240.93340794618,50899.05055027047,314570301.99942607,9
quick_find_twophase.json,Clang-SYCL,find,double,2048,,68348.4483775811,37409.1324156014,719439796.6591114,9
quick_find_twophase.json,Clang-SYCL,find,double,4096,,70688.84590690218,39944.68699839502,1369968488.3298886,9
quick_find_twophase.json,Clang-SYCL,find,double,8192,,89870.70398689253,64898.26979792481,2167053876.01066,9
quick_find_twophase.json,Clang-SYCL,find,double,16384,,88427.70697995841,55718.90048375927,4360702213.853111,9
quick_find_twophase.json,Clang-SYCL,find,double,32768,,106101.96354992069,69173.68462757538,7352930446.331627,9
quick_find_twophase.json,Clang-SYCL,find,double,65536,,143113.19979508195,100840.31967213123,10976015649.291988,9
quick_find_twophase.json,Clang-SYCL,find,double,131072,,222501.67783094107,164827.0531632109,14130081457.138584,9
quick_find_twophase.json,Clang-SYCL,find,double,262144,,315224.5668934242,229488.11111111115,19958291335.95535,9
quick_find_twophase.json,Clang-SYCL,find,double,524288,,496755.7978723401,308112.78841607575,25213235407.133537,9
quick_find_twophase.json,Clang-SYCL,find,double,1048576,,871320.3229813661,473096.3167701877,28881332596.173077,9
quick_find_twophase.json,Clang-SYCL,find,double,2097152,,1610161.3647058823,804641.0588235212,31257114207.338947,9
quick_find_twophase.json,Clang-SYCL,find,double,4194304,,3333378.9250000003,1883491.8999999892,30154800832.596878,9
quick_find_twophase.json,Clang-SYCL,find,double,8388608,,10557053.2,3706636.8666666937,19033148835.771255,9
quick_find_twophase.json,Clang-SYCL,find,double,16777216,,20492506.666666668,8828116.166666789,19637179345.47711,9
quick_find_twophase.json,Clang-SYCL,find,double,33554432,,46817390.0,19332932.666666616,17169577925.770136,9
quick_find_twophase.json,Clang-SYCL,find,double,67108864,,79759978.49999999,35389887.50000005,20014646138.71353,9
quick_find_twophase.json,Clang-SYCL,find,double,134217728,,157102030.66666666,4238590.666667244,20432540208.1356,9
quick_find_twophase.json,Clang-SYCL,find,double,268435456,,300812216.99999994,5667427.000002334,21316190078.456944,9
quick_sort_wg256.json,Clang-SYCL,sort,double,8,,437874.0,191890.0000001944,353578.8955488036,9
quick_sort_wg256.json,Clang-SYCL,sort,double,16,,343154.88439306355,144307.24566473957,1184532.8671661778,9
quick_sort_wg256.json,Clang-SYCL,sort,double,32,,392563.7590953785,156124.51917404158,1916382.6944749819,9
quick_sort_wg256.json,Clang-SYCL,sort,double,64,,258311.96575342445,91651.18721461196,5883258.958828744,9
quick_sort_wg256.json,Clang-SYCL,sort,double,128,,306973.261321455,96222.58277654041,9946737.488435913,9
quick_sort_wg256.json,Clang-SYCL,sort,double,256,,340775.3316993465,72676.18382352966,18076722.89347437,9
quick_sort_wg256.json,Clang-SYCL,sort,double,512,,408403.5647058823,82997.48137254956,30144560.267508764,9
quick_sort_wg256.json,Clang-SYCL,sort,double,1024,,483004.50865051895,95631.75778546633,50924079.87504209,9
quick_sort_wg256.json,Clang-SYCL,sort,double,2048,,569319.4736842107,115391.05668016228,86295502.34179524,9
quick_sort_wg256.json,Clang-SYCL,sort,double,4096,,665704.2523809527,145476.4253968251,147553541.9397464,9
quick_sort_wg256.json,Clang-SYCL,sort,double,8192,,780141.251851852,196029.88148148204,252014714.4439032,9
quick_sort_wg256.json,Clang-SYCL,sort,double,16384,,920752.5921052634,290563.631578948,425488556.9041705,9
quick_sort_wg256.json,Clang-SYCL,sort,double,32768,,1092118.8046875,460176.42968750047,719522259.0843625,9
quick_sort_wg256.json,Clang-SYCL,sort,double,65536,,1326610.3773584913,931820.2452830186,1185319335.0734847,9
quick_sort_wg256.json,Clang-SYCL,sort,double,131072,,1678024.011904761,1754326.1785714293,1871808477.2454357,9
quick_sort_wg256.json,Clang-SYCL,sort,double,262144,,2446513.912280701,3986914.3567251456,2566176151.9441204,9
quick_sort_wg256.json,Clang-SYCL,sort,double,524288,,4097739.314285714,8581567.809523806,3036839740.8969116,9
quick_sort_wg256.json,Clang-SYCL,sort,double,1048576,,8918959.833333334,19971632.437499996,2820870140.3183584,9
quick_sort_wg64.json,Clang-SYCL,sort,double,65536,,3175924.0,1558991.0000000095,335888076.3429032,9
quick_sort_wg64.json,Clang-SYCL,sort,double,131072,,3081235.487804878,3745235.902439022,997163073.6708122,9
quick_sort_wg64.json,Clang-SYCL,sort,double,262144,,4404869.022222222,7644568.333333342,1423762755.5106704,9
quick_sort_wg64.json,Clang-SYCL,sort,double,524288,,5169123.333333334,13242716.407407396,2411028505.620896,9
quick_sort_wg64.json,Clang-SYCL,sort,double,1048576,,10836297.256410256,28614200.128205135,2320790653.8107657,9
reduce_cpu.json,Clang-SYCL_CPU,reduce,double,8,,347515.0,169173.74999991799,615007.3456511298,16
reduce_cpu.json,Clang-SYCL_CPU,reduce,double,16,,90897.69491285233,51353.74755561859,4452882.537537909,16
reduce_cpu.json,Clang-SYCL_CPU,reduce,double,32,,90377.13338266371,50463.519112050766,8756404.620706176,16
reduce_cpu.json,Clang-SYCL_CPU,reduce,double,64,,90488.0990584477,50741.89126539379,17206640.773603924,16
reduce_cpu.json,Clang-SYCL_CPU,reduce,double,128,,91386.07254206091,51304.92075775484,33846337.45381653,16
reduce_cpu.json,Clang-SYCL_CPU,reduce,double,256,,93149.92384291271,51858.81246296663,66094287.20833533,16
reduce_cpu.json,Clang-SYCL_CPU,reduce,double,512,,101476.4207099777,52845.867987024874,120912277.60955714,16
reduce_cpu.json,Clang-SYCL_CPU,reduce,double,1024,,100851.53898725742,52273.06576900281,243122184.08001256,16
reduce_cpu.json,Clang-SYCL_CPU,reduce,double,2048,,101819.01740135015,52492.38293970954,481480715.7043505,16
reduce_cpu.json,Clang-SYCL_CPU,reduce,double,4096,,104416.58909029998,54181.35498399426,940256829.855916,16
reduce_cpu.json,Clang-SYCL_CPU,reduce,double,8192,,110925.61076501812,58757.18506467705,1769566203.9198985,16
reduce_cpu.json,Clang-SYCL_CPU,reduce,double,16384,,128989.39575834366,71216.32939017964,3036821239.4494324,16
reduce_cpu.json,Clang-SYCL_CPU,reduce,double,32768,,146590.47752988886,81618.55951110163,5359535654.048755,16
reduce_cpu.json,Clang-SYCL_CPU,reduce,double,65536,,183593.85735993687,103343.76838002038,8553700013.860979,16
reduce_cpu.json,Clang-SYCL_CPU,reduce,double,131072,,270885.47794976644,145868.33790887723,11603442543.137959,16
reduce_cpu.json,Clang-SYCL_CPU,reduce,double,262144,,357617.610404775,142305.9936429705,17528569375.323914,16
reduce_cpu.json,Clang-SYCL_CPU,reduce,double,524288,,537094.6620245872,137982.51603918383,23414403895.460464,16
reduce_cpu.json,Clang-SYCL_CPU,reduce,double,1048576,,914173.016666666,152457.49771241882,27509767808.392612,16
reduce_cpu.json,Clang-SYCL_CPU,reduce,double,2097152,,1672766.9349520386,165542.16007193254,30086412123.620464,16
reduce_cpu.json,Clang-SYCL_CPU,reduce,double,4194304,,3454668.36649215,189987.55628272606,29125957147.889946,16
reduce_cpu.json,Clang-SYCL_CPU,reduce,double,8388608,,7357353.876524389,246740.39237807342,27332112959.709015,16
reduce_cpu.json,Clang-SYCL_CPU,reduce,double,16777216,,15091676.226973683,349920.9585526362,26677458093.446342,16
reduce_cpu.json,Clang-SYCL_CPU,reduce,double,33554432,,30564988.447368417,634974.7171052394,26341488221.551186,16
reduce_cpu.json,Clang-SYCL_CPU,reduce,double,67108864,,61209272.8,1047019.02500004,25864129729.924812,16
reduce_cpu.json,Clang-SYCL_CPU,reduce,double,134217728,,127962325.20555554,1915003.2500010955,24513271431.45803,16
reduce_cpu.json,Clang-SYCL_CPU,reduce,double,268435456,,261826392.49,3547614.340000962,24364043790.676556,16
reduce_cpu_fixed.json,Clang-SYCL_CPU,reduce,double,8,,1250917.25,123460.50000000553,168356.37786539452,16
reduce_cpu_fixed.json,Clang-SYCL_CPU,reduce,double,16,,330944.55439223675,64606.5516002724,1189015.048112119,16
reduce_cpu_fixed.json,Clang-SYCL_CPU,reduce,double,32,,187453.46047455136,62516.136083107995,4185971.6658679764,16
reduce_cpu_fixed.json,Clang-SYCL_CPU,reduce,double,64,,134400.83297592675,54614.32194244613,11138847.222086249,16
reduce_cpu_fixed.json,Clang-SYCL_CPU,reduce,double,128,,180647.7387111952,64341.79212135474,17025864.63273126,16
reduce_cpu_fixed.json,Clang-SYCL_CPU,reduce,double,256,,170997.90394607486,60345.304592051616,34257288.38509422,16
reduce_cpu_fixed.json,Clang-SYCL_CPU,reduce,double,512,,151039.84859224744,52908.249801724756,78939036.4251466,16
reduce_cpu_fixed.json,Clang-SYCL_CPU,reduce,double,1024,,192092.0879661601,63206.479065952764,124384545.31685324,16
reduce_cpu_fixed.json,Clang-SYCL_CPU,reduce,double,2048,,192358.37354727276,63293.23696118116,237196017.75895423,16
reduce_cpu_fixed.json,Clang-SYCL_CPU,reduce,double,4096,,181263.18392759544,55387.58282292424,537871940.2936692,16
reduce_cpu_fixed.json,Clang-SYCL_CPU,reduce,double,8192,,162214.76654177267,48505.49402104544,1166167529.5511894,16
reduce_cpu_fixed.json,Clang-SYCL_CPU,reduce,double,16384,,196920.6374803814,55725.38696728238,1977787322.8326955,16
reduce_cpu_fixed.json,Clang-SYCL_CPU,reduce,double,32768,,247379.41082748008,69255.8921106729,3157058503.1344204,16
reduce_cpu_fixed.json,Clang-SYCL_CPU,reduce,double,65536,,511169.53861750214,79058.66360807221,3050406566.5092883,16
reduce_cpu_fixed.json,Clang-SYCL_CPU,reduce,double,131072,,892886.9352622814,87502.80058284695,3479518873.7380085,16
reduce_cpu_fixed.json,Clang-SYCL_CPU,reduce,double,262144,,716840.7936984241,93773.81845461272,8641499542.883732,16
reduce_cpu_fixed.json,Clang-SYCL_CPU,reduce,double,524288,,1215810.5328894253,86783.81751412402,9620340356.266346,16
reduce_cpu_fixed.json,Clang-SYCL_CPU,reduce,double,1048576,,2007617.8068647548,87742.7354508184,12461147310.456663,16
reduce_cpu_fixed.json,Clang-SYCL_CPU,reduce,double,2097152,,3842993.8117021294,89744.84787231668,12598141622.57344,16
reduce_cpu_fixed.json,Clang-SYCL_CPU,reduce,double,4194304,,7612177.369505495,95145.95851649283,12736513515.369839,16
reduce_cpu_fixed.json,Clang-SYCL_CPU,reduce,double,8388608,,19633388.588202253,102441.81179776003,8619501240.899353,16
reduce_cpu_fixed.json,Clang-SYCL_CPU,reduce,double,16777216,,31659714.70731707,111940.23780499527,12690605739.98669,16
reduce_cpu_fixed.json,Clang-SYCL_CPU,reduce,double,33554432,,63572738.50000001,119063.56249973271,12666642795.056393,16
reduce_cpu_fixed.json,Clang-SYCL_CPU,reduce,double,67108864,,127987529.32499999,140803.72500004046,12553862903.391201,16
reduce_cpu_fixed.json,Clang-SYCL_CPU,reduce,double,134217728,,272937176.29999995,243867.58999966673,11790415433.509655,16
reduce_cpu_fixed.json,Clang-SYCL_CPU,reduce,double,268435456,,725530017.25,320920.05000023963,8721148475.562212,16
reduce_gnu.json,GNU-OMP,reduce,double,8,,24.669772917992425,50.74599549779113,8755299482.659199,16
reduce_gnu.json,GNU-OMP,reduce,double,16,,33.335503407489114,59.39845742517767,12238310035.176441,16
reduce_gnu.json,GNU-OMP,reduce,double,32,,50.672525561711794,76.72563969287305,15628451954.258762,16
reduce_gnu.json,GNU-OMP,reduce,double,64,,84.8503620845777,110.87117302827477,18383501708.49651,16
reduce_gnu.json,GNU-OMP,reduce,double,128,,154.47302540416905,180.56636221315102,20040600850.909348,16
reduce_gnu.json,GNU-OMP,reduce,double,256,,293.2337211499561,319.2929437566198,21031163771.76853,16
reduce_gnu.json,GNU-OMP,reduce,double,512,,570.806019668504,596.8595492047784,21568760864.01989,16
reduce_gnu.json,GNU-OMP,reduce,double,1024,,24632.705724884203,24672.059865077084,998380692.2301143,16
reduce_gnu.json,GNU-OMP,reduce,double,2048,,25935.90249140122,25975.136020012127,1895771390.0960927,16
reduce_gnu.json,GNU-OMP,reduce,double,4096,,25697.287872194807,25734.202008184344,3825668467.603363,16
reduce_gnu.json,GNU-OMP,reduce,double,8192,,25710.016251468507,25746.75743042308,7647660689.120853,16
reduce_gnu.json,GNU-OMP,reduce,double,16384,,25649.812331702877,25686.877759154428,15310488291.05155,16
reduce_gnu.json,GNU-OMP,reduce,double,32768,,25841.177239184613,25877.822945300428,30412957705.082092,16
reduce_gnu.json,GNU-OMP,reduce,double,65536,,26097.59850925534,26135.493472754937,60252382966.113495,16
reduce_gnu.json,GNU-OMP,reduce,double,131072,,27237.15759238338,27275.848108482085,115409310032.93121,16
reduce_gnu.json,GNU-OMP,reduce,double,262144,,30211.003398026955,30250.56189147786,208178309631.59137,16
reduce_gnu.json,GNU-OMP,reduce,double,524288,,36066.187498350984,36105.955135477976,348716234236.9315,16
reduce_gnu.json,GNU-OMP,reduce,double,1048576,,47910.797691175685,47980.29441363691,525158821770.653,16
reduce_gnu.json,GNU-OMP,reduce,double,2097152,,71686.06237844191,71828.36466117267,701678345116.8812,16
reduce_gnu.json,GNU-OMP,reduce,double,4194304,,119440.33668578276,119523.9518317217,842600769180.6898,16
reduce_gnu.json,GNU-OMP,reduce,double,8388608,,268513.67877242365,268736.72810411797,748246573792.6492,16
reduce_gnu.json,GNU-OMP,reduce,double,16777216,,1464406.7872222227,1464753.5975000085,274054199685.8754,16
reduce_gnu.json,GNU-OMP,reduce,double,33554432,,3167944.1609339416,3168284.0994305518,252175247208.5905,16
reduce_gnu.json,GNU-OMP,reduce,double,67108864,,6761681.216019414,6761886.842232883,237654617139.2689,16
reduce_gnu.json,GNU-OMP,reduce,double,134217728,,13159522.3029703,13159941.72871283,244641714949.44214,16
reduce_gnu.json,GNU-OMP,reduce,double,268435456,,26330198.6372549,26329968.295097746,244609494043.98123,16
reduce_tbb.json,GNU-TBB,reduce,double,8,,5975.651907236349,6054.050507464972,35982858.216059655,16
reduce_tbb.json,GNU-TBB,reduce,double,16,,10758.34703655235,10864.390392800871,37876599.89178574,16
reduce_tbb.json,GNU-TBB,reduce,double,32,,14395.972730340116,14517.13622891254,54994816.93270512,16
reduce_tbb.json,GNU-TBB,reduce,double,64,,15155.566302494599,15271.521110218204,102883675.46215981,16
reduce_tbb.json,GNU-TBB,reduce,double,128,,14779.698283115575,14896.5382571279,209363662.3525359,16
reduce_tbb.json,GNU-TBB,reduce,double,256,,16696.875485043332,16810.811757085263,368797633.78288096,16
reduce_tbb.json,GNU-TBB,reduce,double,512,,20456.267918416776,20550.18946710636,601037863.8968843,16
reduce_tbb.json,GNU-TBB,reduce,double,1024,,23560.013007985253,23631.786726683902,1043906125.673868,16
reduce_tbb.json,GNU-TBB,reduce,double,2048,,26329.673358890024,26391.71224830617,1866033384.6781464,16
reduce_tbb.json,GNU-TBB,reduce,double,4096,,29661.680873987563,29718.75375668783,3312518069.2904177,16
reduce_tbb.json,GNU-TBB,reduce,double,8192,,32954.25137928571,33007.16324377358,5952680581.167816,16
reduce_tbb.json,GNU-TBB,reduce,double,16384,,33832.1972352024,33887.063035436004,11611857804.540585,16
reduce_tbb.json,GNU-TBB,reduce,double,32768,,34366.09408896195,34421.76549212268,22820108532.54949,16
reduce_tbb.json,GNU-TBB,reduce,double,65536,,35871.78967416477,35925.981958099685,43801785104.05122,16
reduce_tbb.json,GNU-TBB,reduce,double,131072,,38183.49648192108,38236.152617618245,82359347326.87787,16
reduce_tbb.json,GNU-TBB,reduce,double,262144,,43970.14054129375,44021.23664416435,142928202559.9856,16
reduce_tbb.json,GNU-TBB,reduce,double,524288,,52108.484907911676,52156.47772723895,240915226560.7005,16
reduce_tbb.json,GNU-TBB,reduce,double,1048576,,67739.62722415692,67785.64240566772,371046321785.2445,16
reduce_tbb.json,GNU-TBB,reduce,double,2097152,,98545.94416155088,98619.07012067435,510351856961.32385,16
reduce_tbb.json,GNU-TBB,reduce,double,4194304,,191964.97396316368,192142.20304610935,524248953206.2366,16
reduce_tbb.json,GNU-TBB,reduce,double,8388608,,623835.3811324881,624003.2094884047,322652930273.718,16
reduce_tbb.json,GNU-TBB,reduce,double,16777216,,1630700.319469599,1630487.4525226501,246472822351.6799,16
reduce_tbb.json,GNU-TBB,reduce,double,33554432,,3945506.3652108423,3945191.6731927814,203915643844.38803,16
reduce_tbb.json,GNU-TBB,reduce,double,67108864,,8701707.407232706,8700231.946540657,185037181388.38873,16
reduce_tbb.json,GNU-TBB,reduce,double,134217728,,17565837.616883118,17561176.70779232,183313129057.72073,16
reduce_tbb.json,GNU-TBB,reduce,double,268435456,,35275941.0875,35266071.73750023,182395987265.98178,16
reduce_wg1024.json,Clang-SYCL,reduce,double,8,,324208.5,139464.5000000749,658285.9037436491,16
reduce_wg1024.json,Clang-SYCL,reduce,double,16,,90982.36448942439,51135.98688886965,4464351.25385182,16
reduce_wg1024.json,Clang-SYCL,reduce,double,32,,91846.04041046713,51561.242886974665,8595671.049184944,16
reduce_wg1024.json,Clang-SYCL,reduce,double,64,,91507.75504833154,51222.78480866004,16957822.399902493,16
reduce_wg1024.json,Clang-SYCL,reduce,double,128,,92010.08770994405,51662.00413223141,33623265.48062508,16
reduce_wg1024.json,Clang-SYCL,reduce,double,256,,91558.78280363965,51225.35388368723,66848941.376269504,16
reduce_wg1024.json,Clang-SYCL,reduce,double,512,,93619.47315380527,52579.6996115021,130035489.2783336,16
reduce_wg1024.json,Clang-SYCL,reduce,double,1024,,113678.63690516495,57839.06098964307,215485820.84808132,16
reduce_wg1024.json,Clang-SYCL,reduce,double,2048,,102766.06628281897,53277.44097190215,467591867.3152342,16
reduce_wg1024.json,Clang-SYCL,reduce,double,4096,,105872.75568224862,55549.76589135559,927620565.0795314,16
reduce_wg1024.json,Clang-SYCL,reduce,double,8192,,113144.03344747936,59464.35804730405,1720959780.9455957,16
reduce_wg1024.json,Clang-SYCL,reduce,double,16384,,121319.18710142418,64334.99084913054,3225654508.368491,16
reduce_wg1024.json,Clang-SYCL,reduce,double,32768,,139715.12023416432,75260.57490243233,5626254691.8857975,16
reduce_wg1024.json,Clang-SYCL,reduce,double,65536,,177738.41401457044,97075.60897878362,8837855797.12313,16
reduce_wg1024.json,Clang-SYCL,reduce,double,131072,,255442.23715232988,138000.24667526266,12311177371.5159,16
reduce_wg1024.json,Clang-SYCL,reduce,double,262144,,348859.2370979798,142109.16829967624,18029747035.8639,16
reduce_wg1024.json,Clang-SYCL,reduce,double,524288,,530973.7162172421,141800.38110520307,23679381341.000576,16
reduce_wg1024.json,Clang-SYCL,reduce,double,1048576,,906279.8137953358,157054.7843264255,27757837077.498383,16
reduce_wg1024.json,Clang-SYCL,reduce,double,2097152,,1667211.4405615276,176399.48327359,30184757098.00025,16
reduce_wg1024.json,Clang-SYCL,reduce,double,4194304,,3433296.5477386927,210733.62738695234,29274395804.34027,16
reduce_wg1024.json,Clang-SYCL,reduce,double,8388608,,7279701.836363636,287578.2378787611,27646354140.144947,16
reduce_wg1024.json,Clang-SYCL,reduce,double,16777216,,14945035.03618421,431059.4967106109,26934169772.41253,16
reduce_wg1024.json,Clang-SYCL,reduce,double,33554432,,30212395.677631572,756022.6381578534,26644058256.081367,16
reduce_wg1024.json,Clang-SYCL,reduce,double,67108864,,61828010.099999994,1404664.7625001185,25091411911.476166,16
reduce_wg1024.json,Clang-SYCL,reduce,double,134217728,,124681183.80555558,2561172.3333322327,25499127295.527542,16
reduce_wg1024.json,Clang-SYCL,reduce,double,268435456,,248544506.9,4845967.099998916,25658955914.50578,16
reduce_wg128.json,Clang-SYCL,reduce,double,8,,344809.0,147126.2499999071,612887.3645481403,16
reduce_wg128.json,Clang-SYCL,reduce,double,16,,97182.6239648034,53227.09341540965,4170486.694030229,16
reduce_wg128.json,Clang-SYCL,reduce,double,32,,94480.33685652047,53000.542998103905,8354101.485876289,16
reduce_wg128.json,Clang-SYCL,reduce,double,64,,93309.27506839944,52016.45978112181,16710963.939295929,16
reduce_wg128.json,Clang-SYCL,reduce,double,128,,93860.43976792549,52815.447967670516,32894753.494455755,16
reduce_wg128.json,Clang-SYCL,reduce,double,256,,102090.65296138232,53254.13258561452,59920380.023695506,16
reduce_wg128.json,Clang-SYCL,reduce,double,512,,102102.76337749808,53357.98389576172,120372641.17770028,16
reduce_wg128.json,Clang-SYCL,reduce,double,1024,,102345.83922280946,53547.914813591735,240184076.83336788,16
reduce_wg128.json,Clang-SYCL,reduce,double,2048,,101457.3658144006,52909.84461259516,478560102.31555104,16
reduce_wg128.json,Clang-SYCL,reduce,double,4096,,110095.12310893131,56323.92329840998,883310510.497982,16
reduce_wg128.json,Clang-SYCL,reduce,double,8192,,117198.73304658005,65522.772156945415,1677173981.323647,16
reduce_wg128.json,Clang-SYCL,reduce,double,16384,,121366.43040788319,64519.825274976756,3219508166.0838575,16
reduce_wg128.json,Clang-SYCL,reduce,double,32768,,149994.3159323121,77272.63048105611,5214237582.142545,16
reduce_wg128.json,Clang-SYCL,reduce,double,65536,,187756.3185456972,98640.45023348827,8353696981.0588455,16
reduce_wg128.json,Clang-SYCL,reduce,double,131072,,274834.7741359329,146422.2157655916,11427344737.730133,16
reduce_wg128.json,Clang-SYCL,reduce,double,262144,,368710.6368372466,148497.3030203096,17059091822.983206,16
reduce_wg128.json,Clang-SYCL,reduce,double,524288,,549375.4055380989,144286.08081303933,22883781813.63139,16
reduce_wg128.json,Clang-SYCL,reduce,double,1048576,,929602.3426910301,158338.9143189361,27070774233.9654,16
reduce_wg128.json,Clang-SYCL,reduce,double,2097152,,1688756.166263603,172617.62938331178,29803032717.87259,16
reduce_wg128.json,Clang-SYCL,reduce,double,4194304,,3521066.69731183,197296.39919354534,28573119194.231915,16
reduce_wg128.json,Clang-SYCL,reduce,double,8388608,,7526042.483576644,258665.19744526088,26745548902.656548,16
reduce_wg128.json,Clang-SYCL,reduce,double,16777216,,15395185.4,366498.94666671415,26143056221.88356,16
reduce_wg128.json,Clang-SYCL,reduce,double,33554432,,31193852.6118421,664815.2236840888,25809893353.52011,16
reduce_wg128.json,Clang-SYCL,reduce,double,67108864,,62515188.421052635,1089454.6315787584,25390508039.03797,16
reduce_wg128.json,Clang-SYCL,reduce,double,134217728,,130507105.8611111,1960489.8055563227,24039518573.304558,16
reduce_wg128.json,Clang-SYCL,reduce,double,268435456,,255901944.34999996,3613416.0999978352,24953910841.486103,16
reduce_wg256.json,Clang-SYCL,reduce,double,8,,340498.0,167666.4999998856,631877.1567178743,16
reduce_wg256.json,Clang-SYCL,reduce,double,16,,132701.43398234303,59643.97036102794,3069945.7713059895,16
reduce_wg256.json,Clang-SYCL,reduce,double,32,,129451.69620921301,60186.33433301343,6041046.841086153,16
reduce_wg256.json,Clang-SYCL,reduce,double,64,,90304.20807159449,52756.104767231605,16460226.654567586,16
reduce_wg256.json,Clang-SYCL,reduce,double,128,,86557.19746649227,50787.717048054954,35596517.21868868,16
reduce_wg256.json,Clang-SYCL,reduce,double,256,,87499.33968389718,51282.979934752395,70361374.60496357,16
reduce_wg256.json,Clang-SYCL,reduce,double,512,,95355.04641529243,53141.189197381296,128898154.87761769,16
reduce_wg256.json,Clang-SYCL,reduce,double,1024,,97170.02196408989,54688.97651110186,248869865.3442849,16
reduce_wg256.json,Clang-SYCL,reduce,double,2048,,100591.38987202951,54596.577330895554,485239325.6429003,16
reduce_wg256.json,Clang-SYCL,reduce,double,4096,,104008.3219975721,55483.034841817804,938233089.7113539,16
reduce_wg256.json,Clang-SYCL,reduce,double,8192,,114433.22566715813,59705.43287491769,1715783782.950543,16
reduce_wg256.json,Clang-SYCL,reduce,double,16384,,130946.77038081744,64039.822708039355,2999548167.4763994,16
reduce_wg256.json,Clang-SYCL,reduce,double,32768,,165614.63489996444,75173.4532970278,4727209304.798745,16
reduce_wg256.json,Clang-SYCL,reduce,double,65536,,236029.29339925622,97334.15513015442,6658340370.051544,16
reduce_wg256.json,Clang-SYCL,reduce,double,131072,,386322.1885008281,140643.09000552256,8142342888.740818,16
reduce_wg256.json,Clang-SYCL,reduce,double,262144,,583736.7832430175,138972.7027928271,10777468680.462112,16
reduce_wg256.json,Clang-SYCL,reduce,double,524288,,979289.0774351768,144153.67939733356,12844493414.467525,16
reduce_wg256.json,Clang-SYCL,reduce,double,1048576,,1772258.875634517,155553.90767765616,14199164297.378986,16
reduce_wg256.json,Clang-SYCL,reduce,double,2097152,,3356881.209735578,170705.92007212708,14990777614.407738,16
reduce_wg256.json,Clang-SYCL,reduce,double,4194304,,6807346.292475725,196421.769417485,14785987148.724419,16
reduce_wg256.json,Clang-SYCL,reduce,double,8388608,,13753341.583499998,245083.7199999256,14637752333.510544,16
reduce_wg256.json,Clang-SYCL,reduce,double,16777216,,27685979.25,356779.46195672196,14541708369.003914,16
reduce_wg256.json,Clang-SYCL,reduce,double,33554432,,55595216.141304344,643371.4891307976,14485085134.703142,16
reduce_wg256.json,Clang-SYCL,reduce,double,67108864,,111356533.14583334,1069693.0291662929,14387529582.584972,16
reduce_wg256.json,Clang-SYCL,reduce,double,134217728,,223523404.5,1915354.7083329652,14210126167.648281,16
reduce_wg256.json,Clang-SYCL,reduce,double,268435456,,464605440.95000005,3542349.5833365833,13781738588.856934,16
reduce_wg32.json,Clang-SYCL,reduce,double,8,,354802.75,176317.0000000369,604024.798533558,16
reduce_wg32.json,Clang-SYCL,reduce,double,16,,119313.05143687765,62196.267331991534,3406380.435640618,16
reduce_wg32.json,Clang-SYCL,reduce,double,32,,103959.7932504976,61940.210485756324,7248949.088454308,16
reduce_wg32.json,Clang-SYCL,reduce,double,64,,99906.99591308864,56570.908070357094,15494356.423132403,16
reduce_wg32.json,Clang-SYCL,reduce,double,128,,102283.34254869081,58441.04358450668,30170163.511896003,16
reduce_wg32.json,Clang-SYCL,reduce,double,256,,101892.68503137698,57266.04850498339,60444384.50980799,16
reduce_wg32.json,Clang-SYCL,reduce,double,512,,102533.9504692952,58004.29509240401,118730483.59449404,16
reduce_wg32.json,Clang-SYCL,reduce,double,1024,,102890.98807856736,58154.40075913904,237666995.19204283,16
reduce_wg32.json,Clang-SYCL,reduce,double,2048,,113146.79546380794,58561.55390039137,432245069.4001449,16
reduce_wg32.json,Clang-SYCL,reduce,double,4096,,117602.56049837315,60236.990002568986,835258684.6575162,16
reduce_wg32.json,Clang-SYCL,reduce,double,8192,,129481.68170851558,65226.47350549522,1517247360.5397983,16
reduce_wg32.json,Clang-SYCL,reduce,double,16384,,153857.40588267532,74048.34462624462,2549412902.8922615,16
reduce_wg32.json,Clang-SYCL,reduce,double,32768,,177145.6937262112,78707.32983331221,4435273814.800943,16
reduce_wg32.json,Clang-SYCL,reduce,double,65536,,264857.144811321,110882.86075471708,5937999017.075863,16
reduce_wg32.json,Clang-SYCL,reduce,double,131072,,411508.4022186302,156090.21539817637,7641590875.012109,16
reduce_wg32.json,Clang-SYCL,reduce,double,262144,,616988.620202912,163621.17291574564,10193407727.873045,16
reduce_wg32.json,Clang-SYCL,reduce,double,524288,,1019872.7076134697,175220.36786237138,12334137931.91138,16
reduce_wg32.json,Clang-SYCL,reduce,double,1048576,,1822897.9505851725,202477.96033810443,13801783523.737293,16
reduce_wg32.json,Clang-SYCL,reduce,double,2097152,,3431586.8725490198,261500.6281862672,14655039050.63877,16
reduce_wg32.json,Clang-SYCL,reduce,double,4194304,,6937615.29675,357240.06624995754,14508269837.017006,16
reduce_wg32.json,Clang-SYCL,reduce,double,8388608,,14026119.130813954,566172.0058139996,14346280571.00841,16
reduce_wg32.json,Clang-SYCL,reduce,double,16777216,,28223106.619565215,993739.9510871203,14261208570.998745,16
reduce_wg32.json,Clang-SYCL,reduce,double,33554432,,56676849.63541668,1943629.7083332832,14206353957.291025,16
reduce_wg32.json,Clang-SYCL,reduce,double,67108864,,115395014.85,3661986.7500004238,13951215041.04993,16
reduce_wg32.json,Clang-SYCL,reduce,double,134217728,,226996788.0416667,7024708.124998705,14188780613.209581,16
reduce_wg32.json,Clang-SYCL,reduce,double,268435456,,473972730.74999994,13759929.416669555,13511901469.818285,16
reduce_wg512.json,Clang-SYCL,reduce,double,8,,289847.0,169581.00000002974,723948.8299015331,16
reduce_wg512.json,Clang-SYCL,reduce,double,16,,92974.83697352993,52906.43089059852,4164153.2558927573,16
reduce_wg512.json,Clang-SYCL,reduce,double,32,,92091.12734076256,51763.0293584333,8597365.27578235,16
reduce_wg512.json,Clang-SYCL,reduce,double,64,,92390.54760481007,52043.444339246416,16580985.534043053,16
reduce_wg512.json,Clang-SYCL,reduce,double,128,,90653.3691785784,50874.12573282381,34100378.62091589,16
reduce_wg512.json,Clang-SYCL,reduce,double,256,,91582.24553862182,51121.826038817264,67108851.077219084,16
reduce_wg512.json,Clang-SYCL,reduce,double,512,,91710.57907431571,51267.2183833117,134021594.76138985,16
reduce_wg512.json,Clang-SYCL,reduce,double,1024,,101937.80643035025,53388.06776402499,238179004.78676635,16
reduce_wg512.json,Clang-SYCL,reduce,double,2048,,121605.88031381156,61521.4702609014,392530314.04359305,16
reduce_wg512.json,Clang-SYCL,reduce,double,4096,,105036.85652727829,55486.51199040811,931813678.4074738,16
reduce_wg512.json,Clang-SYCL,reduce,double,8192,,110833.91168975938,59516.30164038827,1762971737.350191,16
reduce_wg512.json,Clang-SYCL,reduce,double,16384,,123758.15502347867,65148.7747630018,3054692768.7892585,16
reduce_wg512.json,Clang-SYCL,reduce,double,32768,,139626.47341901535,75045.05918650496,5300318040.865147,16
reduce_wg512.json,Clang-SYCL,reduce,double,65536,,176645.85301411658,96683.14796515318,8889055511.623682,16
reduce_wg512.json,Clang-SYCL,reduce,double,131072,,256164.29897996652,138306.9217055679,12267341803.168724,16
reduce_wg512.json,Clang-SYCL,reduce,double,262144,,348007.5207711442,139781.278544778,18073304153.334145,16
reduce_wg512.json,Clang-SYCL,reduce,double,524288,,539378.2570246331,139357.9236913019,23318326714.21717,16
reduce_wg512.json,Clang-SYCL,reduce,double,1048576,,919337.0134691191,154377.8363009225,27366558189.58642,16
reduce_wg512.json,Clang-SYCL,reduce,double,2097152,,1677565.7304687512,169546.31700721185,29994421139.633587,16
reduce_wg512.json,Clang-SYCL,reduce,double,4194304,,3451213.3048648657,197851.89621620206,29131213279.61562,16
reduce_wg512.json,Clang-SYCL,reduce,double,8388608,,7330764.560185188,260951.57870370604,27460659000.410492,16
reduce_wg512.json,Clang-SYCL,reduce,double,16777216,,15039146.434210522,375760.82236839546,26769467407.25764,16
reduce_wg512.json,Clang-SYCL,reduce,double,33554432,,30420730.96153847,676466.5128210585,26457048090.48291,16
reduce_wg512.json,Clang-SYCL,reduce,double,67108864,,60927310.487500004,1155739.9375000442,26044067494.45127,16
reduce_wg512.json,Clang-SYCL,reduce,double,134217728,,125816784.00000001,2115978.288887593,25278495042.48414,16
reduce_wg512.json,Clang-SYCL,reduce,double,268435456,,254239173.73,3948936.149997451,24808371186.998585,16
reduce_wg64.json,Clang-SYCL,reduce,double,8,,329871.75,142308.00000009092,627806.4446494197,16
reduce_wg64.json,Clang-SYCL,reduce,double,16,,94418.39130732059,53064.260210593486,4305065.183209643,16
reduce_wg64.json,Clang-SYCL,reduce,double,32,,94913.65756172844,53304.931532921764,8324196.576488106,16
reduce_wg64.json,Clang-SYCL,reduce,double,64,,94212.65611073106,52350.00939849627,16555317.603490708,16
reduce_wg64.json,Clang-SYCL,reduce,double,128,,104611.32938207383,54408.35212093413,29570278.90872577,16
reduce_wg64.json,Clang-SYCL,reduce,double,256,,105574.18834811586,54874.249469335286,58330227.49048769,16
reduce_wg64.json,Clang-SYCL,reduce,double,512,,105490.62286202985,54878.16552641582,116678882.24746951,16
reduce_wg64.json,Clang-SYCL,reduce,double,1024,,106384.58056004922,55283.22842230928,230985552.4700811,16
reduce_wg64.json,Clang-SYCL,reduce,double,2048,,106073.32413518392,54735.35730541633,463471693.22504973,16
reduce_wg64.json,Clang-SYCL,reduce,double,4096,,108064.92131192566,56401.29530109145,902620830.385454,16
reduce_wg64.json,Clang-SYCL,reduce,double,8192,,121772.69600174975,60891.66237970227,1614667076.071782,16
reduce_wg64.json,Clang-SYCL,reduce,double,16384,,131343.89460715276,65746.98002909939,2993625921.179022,16
reduce_wg64.json,Clang-SYCL,reduce,double,32768,,149696.06577825156,76766.63997867772,5247731326.714222,16
reduce_wg64.json,Clang-SYCL,reduce,double,65536,,187974.52774365287,98955.64042451634,8357484129.705072,16
reduce_wg64.json,Clang-SYCL,reduce,double,131072,,266339.6935406697,139746.8193779888,11781602737.778263,16
reduce_wg64.json,Clang-SYCL,reduce,double,262144,,355477.14270222,140763.78317172563,17682924468.031906,16
reduce_wg64.json,Clang-SYCL,reduce,double,524288,,550294.7376914014,143177.62858264724,22850345965.681103,16
reduce_wg64.json,Clang-SYCL,reduce,double,1048576,,931855.3092543278,160160.10486018928,27004743035.239197,16
reduce_wg64.json,Clang-SYCL,reduce,double,2097152,,1696518.0048543685,185004.9714805847,29664763154.289448,16
reduce_wg64.json,Clang-SYCL,reduce,double,4194304,,3498053.2249360606,235311.51086957235,28764228255.408203,16
reduce_wg64.json,Clang-SYCL,reduce,double,8388608,,7440557.577205882,346256.68198532343,27024463118.379364,16
reduce_wg64.json,Clang-SYCL,reduce,double,16777216,,15221681.63,557089.8633333362,26444163617.41268,16
reduce_wg64.json,Clang-SYCL,reduce,double,33554432,,30811903.35526315,1080655.243421129,26122145922.47604,16
reduce_wg64.json,Clang-SYCL,reduce,double,67108864,,61770043.815789476,1941347.3552628907,26055391084.092182,16
reduce_wg64.json,Clang-SYCL,reduce,double,134217728,,127121232.225,3603664.7450001165,25122531929.905056,16
reduce_wg64.json,Clang-SYCL,reduce,double,268435456,,265751734.2,6918314.350002674,24185586643.68619,16
scan_blelloch.json,Clang-SYCL,inclusive_scan,double,8,,819630.0,438790.9999998829,185007.71575600156,9
scan_blelloch.json,Clang-SYCL,inclusive_scan,double,16,,473870.9690721648,242302.27319587665,837232.79892719,9
scan_blelloch.json,Clang-SYCL,inclusive_scan,double,32,,521463.6783854167,255004.4817708335,1493602.4316476993,9
scan_blelloch.json,Clang-SYCL,inclusive_scan,double,64,,469918.4636591479,278553.4010025062,3218280.1539088064,9
scan_blelloch.json,Clang-SYCL,inclusive_scan,double,128,,447291.03525641,309008.1378205128,6913925.410727264,9
scan_blelloch.json,Clang-SYCL,inclusive_scan,double,256,,443401.1794871795,249222.28846153864,13910065.571394438,9
scan_blelloch.json,Clang-SYCL,inclusive_scan,double,512,,487332.39415204665,272110.1005847951,25250551.230517488,9
scan_blelloch.json,Clang-SYCL,inclusive_scan,double,1024,,531459.5437262357,295969.6235741445,46020434.41930804,9
scan_blelloch.json,Clang-SYCL,inclusive_scan,double,2048,,575862.7496598643,321125.3918367342,85081091.61342956,9
scan_blelloch.json,Clang-SYCL,inclusive_scan,double,4096,,618550.0222222218,342516.65925926046,158808044.80278403,9
scan_blelloch.json,Clang-SYCL,inclusive_scan,double,8192,,678714.6747572814,370684.0776699048,285834592.1632017,9
scan_blelloch.json,Clang-SYCL,inclusive_scan,double,16384,,886473.8230088498,388340.9380530971,430485826.4366491,9
scan_blelloch.json,Clang-SYCL,inclusive_scan,double,32768,,941475.2047619048,418264.9642857163,821060424.3751495,9
scan_blelloch.json,Clang-SYCL,inclusive_scan,double,65536,,1027734.568627451,479339.00980392034,1529919797.5082123,9
scan_blelloch.json,Clang-SYCL,inclusive_scan,double,131072,,1326789.5174603176,550670.7904761974,2367268342.90429,9
scan_blelloch.json,Clang-SYCL,inclusive_scan,double,262144,,1740183.1749999998,592819.9750000029,3613075748.495824,9
scan_blelloch.json,Clang-SYCL,inclusive_scan,double,524288,,2519377.8690476185,654567.3392857054,4990800330.6299515,9
scan_blelloch.json,Clang-SYCL,inclusive_scan,double,1048576,,4134883.588235294,872521.5098039134,6006675845.621588,9
scan_blelloch.json,Clang-SYCL,inclusive_scan,double,2097152,,7516405.578947367,1198809.543859668,6694650391.077015,9
scan_blelloch.json,Clang-SYCL,inclusive_scan,double,4194304,,15586005.599999996,1825621.7000000242,6440123607.6531,9
scan_blelloch.json,Clang-SYCL,inclusive_scan,double,8388608,,31305984.499999996,3551072.1666665766,6158506156.291254,9
scan_blelloch.json,Clang-SYCL,inclusive_scan,double,16777216,,68308749.5,6555429.499999951,5744464600.453351,9
scan_blelloch.json,Clang-SYCL,inclusive_scan,double,33554432,,133960319.33333333,11937270.999998972,5997763290.725322,9
scan_blelloch.json,Clang-SYCL,inclusive_scan,double,67108864,,233354403.0,22000773.00000025,6900582122.4291525,9
scan_blelloch.json,Clang-SYCL,inclusive_scan,double,134217728,,459216871.3333333,43248395.99999919,6976262305.3865185,9
scan_blelloch.json,Clang-SYCL,inclusive_scan,double,268435456,,900266508.3333334,85832055.00000091,7151076257.544174,9
scan_cpu.json,Clang-SYCL_CPU,inclusive_scan,double,8,,409865.5,177435.49999993393,516637.51978007774,16
scan_cpu.json,Clang-SYCL_CPU,inclusive_scan,double,16,,148596.59357378932,50385.358205327604,2741331.4445655043,16
scan_cpu.json,Clang-SYCL_CPU,inclusive_scan,double,32,,163770.0972758098,52048.00286449198,4834550.553902161,16
scan_cpu.json,Clang-SYCL_CPU,inclusive_scan,double,64,,178592.37152271278,53906.43880358283,8733977.412543008,16
scan_cpu.json,Clang-SYCL_CPU,inclusive_scan,double,128,,195024.59026073612,56509.21464026772,15873638.93085591,16
scan_cpu.json,Clang-SYCL_CPU,inclusive_scan,double,256,,210415.10423232743,58414.02806543612,29300491.575185236,16
scan_cpu.json,Clang-SYCL_CPU,inclusive_scan,double,512,,226479.4578789348,60382.837106458974,54346669.218455195,16
scan_cpu.json,Clang-SYCL_CPU,inclusive_scan,double,1024,,243865.5885044447,62807.19524141538,100839379.03094319,16
scan_cpu.json,Clang-SYCL_CPU,inclusive_scan,double,2048,,260957.83143550495,64450.89747059918,188438639.21194452,16
scan_cpu.json,Clang-SYCL_CPU,inclusive_scan,double,4096,,283662.9135551953,68394.52145901065,346588140.4113581,16
scan_cpu.json,Clang-SYCL_CPU,inclusive_scan,double,8192,,316548.6803261868,74090.50674041927,620620059.1824546,16
scan_cpu.json,Clang-SYCL_CPU,inclusive_scan,double,16384,,362920.0406871617,83004.1800568329,1083285367.8214574,16
scan_cpu.json,Clang-SYCL_CPU,inclusive_scan,double,32768,,436155.4194279456,96492.06767739754,1802141441.0548167,16
scan_cpu.json,Clang-SYCL_CPU,inclusive_scan,double,65536,,572257.4096444624,118622.35727421289,2748417543.4757557,16
scan_cpu.json,Clang-SYCL_CPU,inclusive_scan,double,131072,,859388.6051745248,162630.5157685253,3659369085.4021893,16
scan_cpu.json,Clang-SYCL_CPU,inclusive_scan,double,262144,,1156916.591714757,168134.9567188794,5437505583.100239,16
scan_cpu.json,Clang-SYCL_CPU,inclusive_scan,double,524288,,1839020.3841863514,212451.15649606008,6842072881.061656,16
scan_cpu.json,Clang-SYCL_CPU,inclusive_scan,double,1048576,,3357225.9951690803,454587.10567632364,7494904490.878712,16
scan_cpu.json,Clang-SYCL_CPU,inclusive_scan,double,2097152,,6337316.75113122,895437.5395927608,7909910805.667776,16
scan_cpu.json,Clang-SYCL_CPU,inclusive_scan,double,4194304,,12854063.02222222,1622475.4961111168,7825005380.002796,16
scan_cpu.json,Clang-SYCL_CPU,inclusive_scan,double,8388608,,25547550.12755102,3039120.295918315,7877679788.906012,16
scan_cpu.json,Clang-SYCL_CPU,inclusive_scan,double,16777216,,50989782.80208334,5724341.124999791,7882132905.195797,16
scan_cpu.json,Clang-SYCL_CPU,inclusive_scan,double,33554432,,101760233.54545456,11030860.136363624,7910635235.621126,16
scan_cpu.json,Clang-SYCL_CPU,inclusive_scan,double,67108864,,222638422.45000005,21532824.708332397,7129474814.6702,16
scan_cpu.json,Clang-SYCL_CPU,inclusive_scan,double,134217728,,462421842.75,42739515.25000067,6964566777.544207,16
scan_cpu.json,Clang-SYCL_CPU,inclusive_scan,double,268435456,,888726943.5,85111335.75000152,7236526493.848225,16
scan_cpu_fixed.json,Clang-SYCL_CPU,inclusive_scan,double,8,,290339.75,162449.25000008516,728939.4675442013,16
scan_cpu_fixed.json,Clang-SYCL_CPU,inclusive_scan,double,16,,128230.09892998812,57934.31461581036,3166815.4122183146,16
scan_cpu_fixed.json,Clang-SYCL_CPU,inclusive_scan,double,32,,132634.52872757844,59165.93273542597,5812747.216790896,16
scan_cpu_fixed.json,Clang-SYCL_CPU,inclusive_scan,double,64,,112675.39364379353,51402.050958893036,13842082.52552649,16
scan_cpu_fixed.json,Clang-SYCL_CPU,inclusive_scan,double,128,,131041.41606338858,54344.916173744205,23621997.636625387,16
scan_cpu_fixed.json,Clang-SYCL_CPU,inclusive_scan,double,256,,135597.3362717908,57762.37700574467,44684623.3622888,16
scan_cpu_fixed.json,Clang-SYCL_CPU,inclusive_scan,double,512,,242682.13218272032,74282.02511368332,45879491.631029174,16
scan_cpu_fixed.json,Clang-SYCL_CPU,inclusive_scan,double,1024,,254272.08655178448,76212.0833910634,89463802.89482838,16
scan_cpu_fixed.json,Clang-SYCL_CPU,inclusive_scan,double,2048,,271859.0193990668,77277.00388953666,180754426.67708272,16
scan_cpu_fixed.json,Clang-SYCL_CPU,inclusive_scan,double,4096,,317579.77636587474,85036.75022391463,308461433.8787011,16
scan_cpu_fixed.json,Clang-SYCL_CPU,inclusive_scan,double,8192,,378047.2988173469,93025.13659658341,503656337.49959207,16
scan_cpu_fixed.json,Clang-SYCL_CPU,inclusive_scan,double,16384,,487891.8621035056,98303.68013355655,802212393.0857991,16
scan_cpu_fixed.json,Clang-SYCL_CPU,inclusive_scan,double,32768,,583681.3667328039,91350.29420194004,1339643624.4181151,16
scan_cpu_fixed.json,Clang-SYCL_CPU,inclusive_scan,double,65536,,949691.7075630258,103596.94089635965,1278905983.50613,16
scan_cpu_fixed.json,Clang-SYCL_CPU,inclusive_scan,double,131072,,2096330.3873429066,115480.58886894528,1458480789.0720038,16
scan_cpu_fixed.json,Clang-SYCL_CPU,inclusive_scan,double,262144,,2332962.3132716045,137932.2308641973,2619359329.503351,16
scan_cpu_fixed.json,Clang-SYCL_CPU,inclusive_scan,double,524288,,3052316.2722772285,121273.7054455553,4089115401.4767094,16
scan_cpu_fixed.json,Clang-SYCL_CPU,inclusive_scan,double,1048576,,5661926.866666669,131259.06884058547,4408619991.7476425,16
scan_cpu_fixed.json,Clang-SYCL_CPU,inclusive_scan,double,2097152,,7668381.449999999,157722.97449998974,6442385383.752267,16
scan_cpu_fixed.json,Clang-SYCL_CPU,inclusive_scan,double,4194304,,17912733.477564096,220441.49358972747,5545034364.619143,16
scan_cpu_fixed.json,Clang-SYCL_CPU,inclusive_scan,double,8388608,,37546643.14473684,231226.20263150882,5312746249.318958,16
scan_cpu_fixed.json,Clang-SYCL_CPU,inclusive_scan,double,16777216,,84952655.828125,212663.2187500199,4731737574.736314,16
scan_cpu_fixed.json,Clang-SYCL_CPU,inclusive_scan,double,33554432,,206412646.05,259319.21875077533,3801434297.4591875,16
scan_cpu_fixed.json,Clang-SYCL_CPU,inclusive_scan,double,67108864,,378380798.9166666,309931.6666682247,4215136206.245828,16
scan_cpu_fixed.json,Clang-SYCL_CPU,inclusive_scan,double,134217728,,953540846.5,402076.7500030331,3371607256.3129587,16
scan_cpu_fixed.json,Clang-SYCL_CPU,inclusive_scan,double,268435456,,1884662187.0000002,364704.0000060997,3402184545.9695096,16
scan_gnu.json,GNU-OMP,inclusive_scan,double,8,,20448.058688486366,20609.29336826491,10538500.5565508,16
scan_gnu.json,GNU-OMP,inclusive_scan,double,16,,30550.45695104742,30710.54399978291,13346207.728382211,16
scan_gnu.json,GNU-OMP,inclusive_scan,double,32,,36110.30307270444,36263.3640488455,21923482.85714324,16
scan_gnu.json,GNU-OMP,inclusive_scan,double,64,,39116.18160493473,39244.60013987582,39846863.378896624,16
scan_gnu.json,GNU-OMP,inclusive_scan,double,128,,45119.27649741901,45245.1294630394,68547075.88744134,16
scan_gnu.json,GNU-OMP,inclusive_scan,double,256,,55146.093764292964,55278.68043135379,111626950.67621534,16
scan_gnu.json,GNU-OMP,inclusive_scan,double,512,,55814.07024441468,55939.43083504999,220485731.0021295,16
scan_gnu.json,GNU-OMP,inclusive_scan,double,1024,,55651.36994035756,55778.38226640153,441274460.7315247,16
scan_gnu.json,GNU-OMP,inclusive_scan,double,2048,,55811.21936429055,55941.90001818612,880542123.7412441,16
scan_gnu.json,GNU-OMP,inclusive_scan,double,4096,,56196.29264448714,56322.19014113114,1745282364.244433,16
scan_gnu.json,GNU-OMP,inclusive_scan,double,8192,,61739.79131674691,61919.703866708056,3138849804.6188374,16
scan_gnu.json,GNU-OMP,inclusive_scan,double,16384,,61067.26319396274,61209.899002429025,6432788781.6229925,16
scan_gnu.json,GNU-OMP,inclusive_scan,double,32768,,63576.386513455116,63724.08808921883,12368726997.064785,16
scan_gnu.json,GNU-OMP,inclusive_scan,double,65536,,67844.91155994251,67990.05655031296,23175061902.90712,16
scan_gnu.json,GNU-OMP,inclusive_scan,double,131072,,74805.35377383459,74957.65948093237,42018601809.96873,16
scan_gnu.json,GNU-OMP,inclusive_scan,double,262144,,87833.52246167345,87985.88431452692,71401737280.37274,16
scan_gnu.json,GNU-OMP,inclusive_scan,double,524288,,124174.206528479,124321.42342102922,101259467713.1897,16
scan_gnu.json,GNU-OMP,inclusive_scan,double,1048576,,201859.01225666882,202003.6856885394,124570036897.22629,16
scan_gnu.json,GNU-OMP,inclusive_scan,double,2097152,,359712.9954262759,359875.16052086325,139789783789.55414,16
scan_gnu.json,GNU-OMP,inclusive_scan,double,4194304,,1930792.2784626037,1930787.059418303,52115384447.15265,16
scan_gnu.json,GNU-OMP,inclusive_scan,double,8388608,,5633002.213306453,5632637.748991985,35665650812.91847,16
scan_gnu.json,GNU-OMP,inclusive_scan,double,16777216,,12986503.452358492,12984835.682075467,30938036095.88697,16
scan_gnu.json,GNU-OMP,inclusive_scan,double,33554432,,27363815.643269233,27358749.100961328,29418999673.036545,16
scan_gnu.json,GNU-OMP,inclusive_scan,double,67108864,,54457912.23076925,54451522.250000894,29546922529.334854,16
scan_gnu.json,GNU-OMP,inclusive_scan,double,134217728,,107793375.60714285,107761091.42857137,29863361509.3382,16
scan_gnu.json,GNU-OMP,inclusive_scan,double,268435456,,140341931.25000003,140066385.07499784,45649783286.737656,16
scan_hillis.json,Clang-SYCL,inclusive_scan,double,8,,258619.00000000003,73462.99999988482,578839.8470681526,9
scan_hillis.json,Clang-SYCL,inclusive_scan,double,16,,165939.5291095889,52209.3510273972,2403712.950670746,9
scan_hillis.json,Clang-SYCL,inclusive_scan,double,32,,183758.6226415091,72907.80964360599,4223980.116951358,9
scan_hillis.json,Clang-SYCL,inclusive_scan,double,64,,173640.49497487434,76460.64949748748,8922244.13704266,9
scan_hillis.json,Clang-SYCL,inclusive_scan,double,128,,185168.74576271186,79698.77053454988,16651972.524354616,9
scan_hillis.json,Clang-SYCL,inclusive_scan,double,256,,195946.76011157574,82656.00557880042,31359435.22871894,9
scan_hillis.json,Clang-SYCL,inclusive_scan,double,512,,204002.7411764708,82596.17794117631,60343140.81041022,9
scan_hillis.json,Clang-SYCL,inclusive_scan,double,1024,,203668.17269076305,82317.97740963825,119925657.01740785,9
scan_hillis.json,Clang-SYCL,inclusive_scan,double,2048,,187050.86020036435,74377.7263205827,262751152.81082594,9
scan_hillis.json,Clang-SYCL,inclusive_scan,double,4096,,190979.96237337205,61794.94934876968,513800623.1076144,9
scan_hillis.json,Clang-SYCL,inclusive_scan,double,8192,,205209.54674498294,55118.68428781187,958155839.9783834,9
scan_hillis.json,Clang-SYCL,inclusive_scan,double,16384,,243304.31993006973,61056.26923076927,1612772298.8122275,9
scan_hillis.json,Clang-SYCL,inclusive_scan,double,32768,,313274.63318452373,72603.69196428494,2510319907.069534,9
scan_hillis.json,Clang-SYCL,inclusive_scan,double,65536,,448831.4276527333,93732.13183279762,3497227609.764044,9
scan_hillis.json,Clang-SYCL,inclusive_scan,double,131072,,712716.9999999995,134361.13775510332,4412514314.529336,9
scan_hillis.json,Clang-SYCL,inclusive_scan,double,262144,,1070441.9065656562,135471.98484848483,5877398195.577437,9
scan_hillis.json,Clang-SYCL,inclusive_scan,double,524288,,1823629.0379746838,290620.2151898725,6775684891.160406,9
scan_hillis.json,Clang-SYCL,inclusive_scan,double,1048576,,3448454.6097560977,631811.6097560985,7164380787.539403,9
scan_hillis.json,Clang-SYCL,inclusive_scan,double,2097152,,6843870.936507934,1264194.4761904695,7312637889.631177,9
scan_hillis.json,Clang-SYCL,inclusive_scan,double,4194304,,15943787.555555554,2227261.6666666344,6300308252.920701,9
scan_hillis.json,Clang-SYCL,inclusive_scan,double,8388608,,32699752.999999996,4533408.083333393,6144505038.634313,9
scan_hillis.json,Clang-SYCL,inclusive_scan,double,16777216,,71041758.5,9382661.999999708,5667212815.268335,9
scan_hillis.json,Clang-SYCL,inclusive_scan,double,33554432,,134580187.99999997,19461875.999999378,5898644939.495163,9
scan_hillis.json,Clang-SYCL,inclusive_scan,double,67108864,,265788236.0,40635011.00000089,6050379057.380029,9
scan_hillis.json,Clang-SYCL,inclusive_scan,double,134217728,,512354835.0,84998933.99999969,6281669448.270222,9
scan_hillis.json,Clang-SYCL,inclusive_scan,double,268435456,,1009759193.0,177587600.99999905,6369670136.030436,9
scan_tbb.json,GNU-TBB,inclusive_scan,double,8,,20100.196021293996,20253.637130986343,10728651.315986108,16
scan_tbb.json,GNU-TBB,inclusive_scan,double,16,,29607.49539812526,29779.230679515313,13774113.311381232,16
scan_tbb.json,GNU-TBB,inclusive_scan,double,32,,35090.591869530064,35221.288468212515,22563369.031431507,16
scan_tbb.json,GNU-TBB,inclusive_scan,double,64,,37903.02298092267,38044.51929737753,41060727.3482741,16
scan_tbb.json,GNU-TBB,inclusive_scan,double,128,,44111.1055154589,44238.116310000376,70112029.56738356,16
scan_tbb.json,GNU-TBB,inclusive_scan,double,256,,54416.83531930551,54546.86012942724,113255886.95707373,16
scan_tbb.json,GNU-TBB,inclusive_scan,double,512,,54866.09977359518,54994.62443595708,224176059.2083205,16
scan_tbb.json,GNU-TBB,inclusive_scan,double,1024,,54939.761078103606,55066.23785559679,447006680.2105503,16
scan_tbb.json,GNU-TBB,inclusive_scan,double,2048,,54895.96282374261,55018.3184582383,892835726.852516,16
scan_tbb.json,GNU-TBB,inclusive_scan,double,4096,,55237.590141622815,55363.93686930448,1772545782.6794112,16
scan_tbb.json,GNU-TBB,inclusive_scan,double,8192,,61354.71710904673,61539.847810218904,3184273411.019562,16
scan_tbb.json,GNU-TBB,inclusive_scan,double,16384,,60235.944647295706,60367.392911631134,6524440010.7135,16
scan_tbb.json,GNU-TBB,inclusive_scan,double,32768,,63007.03851311833,63139.75697088362,12469267256.609812,16
scan_tbb.json,GNU-TBB,inclusive_scan,double,65536,,67520.79883647911,67659.2351856321,23274435195.675392,16
scan_tbb.json,GNU-TBB,inclusive_scan,double,131072,,74404.46012678453,74540.29109844429,42256149440.56557,16
scan_tbb.json,GNU-TBB,inclusive_scan,double,262144,,88375.7613435291,88517.08796764357,71154130793.14423,16
scan_tbb.json,GNU-TBB,inclusive_scan,double,524288,,125986.1797717186,126130.47998007142,99817383114.93997,16
scan_tbb.json,GNU-TBB,inclusive_scan,double,1048576,,202875.11884352722,203019.49690541957,123976672366.52911,16
scan_tbb.json,GNU-TBB,inclusive_scan,double,2097152,,361272.476792161,361412.24935533706,139129696905.66934,16
scan_tbb.json,GNU-TBB,inclusive_scan,double,4194304,,1892076.9501375523,1892048.848349385,53170046723.550354,16
scan_tbb.json,GNU-TBB,inclusive_scan,double,8388608,,5331238.818339769,5331296.945173742,37755058808.98302,16
scan_tbb.json,GNU-TBB,inclusive_scan,double,16777216,,12984220.46728972,12981146.941588525,31004900106.972404,16
scan_tbb.json,GNU-TBB,inclusive_scan,double,33554432,,27645302.94607843,27642283.765686333,29119640719.906593,16
scan_tbb.json,GNU-TBB,inclusive_scan,double,67108864,,54672724.71153845,54624139.644229345,29439090419.2482,16
scan_tbb.json,GNU-TBB,inclusive_scan,double,134217728,,107790571.67857143,107035657.6249998,29858872151.40027,16
scan_tbb.json,GNU-TBB,inclusive_scan,double,268435456,,212351911.14285713,211150486.2857154,30303022998.290417,16
scan_wg1024.json,Clang-SYCL,inclusive_scan,double,8,,375024.5,158902.0000000163,564257.3875008742,16
scan_wg1024.json,Clang-SYCL,inclusive_scan,double,16,,156764.36032886046,67796.57678132679,2582836.7326508537,16
scan_wg1024.json,Clang-SYCL,inclusive_scan,double,32,,172250.96475633993,68882.15770760819,4574219.328627518,16
scan_wg1024.json,Clang-SYCL,inclusive_scan,double,64,,190951.51709490234,74397.59863240781,8139053.948877896,16
scan_wg1024.json,Clang-SYCL,inclusive_scan,double,128,,211540.14434955007,82758.80379746853,14548425.846916389,16
scan_wg1024.json,Clang-SYCL,inclusive_scan,double,256,,226372.15668899368,86988.6718410573,27215155.339053415,16
scan_wg1024.json,Clang-SYCL,inclusive_scan,double,512,,200593.08908341912,61670.78231204931,61322332.66197425,16
scan_wg1024.json,Clang-SYCL,inclusive_scan,double,1024,,215663.00939277484,64150.12663335928,114047184.65831393,16
scan_wg1024.json,Clang-SYCL,inclusive_scan,double,2048,,231545.26716862433,65852.8623614101,212073893.23571485,16
scan_wg1024.json,Clang-SYCL,inclusive_scan,double,4096,,256487.39352230853,73559.46904420819,382798047.64070034,16
scan_wg1024.json,Clang-SYCL,inclusive_scan,double,8192,,299274.17404726415,89648.25479029221,656872818.5657784,16
scan_wg1024.json,Clang-SYCL,inclusive_scan,double,16384,,365703.54215934663,115798.73493806415,1074794041.4634883,16
scan_wg1024.json,Clang-SYCL,inclusive_scan,double,32768,,459526.34515599336,140921.10131362913,1710393388.039122,16
scan_wg1024.json,Clang-SYCL,inclusive_scan,double,65536,,622940.0833704355,172009.1256678526,2523692706.172288,16
scan_wg1024.json,Clang-SYCL,inclusive_scan,double,131072,,965376.7699733692,228171.54410785635,3246612209.8056855,16
scan_wg1024.json,Clang-SYCL,inclusive_scan,double,262144,,1405860.9545682722,252327.57339357247,4474443119.455332,16
scan_wg1024.json,Clang-SYCL,inclusive_scan,double,524288,,2304879.914884872,306074.8988486838,5459033699.475276,16
scan_wg1024.json,Clang-SYCL,inclusive_scan,double,1048576,,4286863.734968355,609292.4813291287,5862202680.387293,16
scan_wg1024.json,Clang-SYCL,inclusive_scan,double,2097152,,8076116.8045977,1009570.5416667126,6214493330.6124325,16
scan_wg1024.json,Clang-SYCL,inclusive_scan,double,4194304,,15829273.054794524,1785977.866438245,6354855745.601561,16
scan_wg1024.json,Clang-SYCL,inclusive_scan,double,8388608,,31297916.93589743,3247249.9628205206,6429938417.96282,16
scan_wg1024.json,Clang-SYCL,inclusive_scan,double,16777216,,62510133.026190475,6027641.98809526,6429766167.387393,16
scan_wg1024.json,Clang-SYCL,inclusive_scan,double,33554432,,124592301.80000001,11478016.67500069,6461648115.703921,16
scan_wg1024.json,Clang-SYCL,inclusive_scan,double,67108864,,249963077.70000005,22220903.509999063,6221823385.89856,16
scan_wg1024.json,Clang-SYCL,inclusive_scan,double,134217728,,593775757.625,43669318.75000191,5423984659.949104,16
scan_wg1024.json,Clang-SYCL,inclusive_scan,double,268435456,,936179481.0,86847507.12500389,6873915608.083495,16
scan_wg128.json,Clang-SYCL,inclusive_scan,double,8,,397478.5,171829.49999994255,523044.51174566837,16
scan_wg128.json,Clang-SYCL,inclusive_scan,double,16,,176268.12870047247,65525.432508725164,2310826.5292521175,16
scan_wg128.json,Clang-SYCL,inclusive_scan,double,32,,162266.76599172514,66669.08927407216,4731781.001530909,16
scan_wg128.json,Clang-SYCL,inclusive_scan,double,64,,160573.36280773714,54819.1344665887,9708188.668753192,16
scan_wg128.json,Clang-SYCL,inclusive_scan,double,128,,173939.4777722343,57136.96697642513,17772693.81477631,16
scan_wg128.json,Clang-SYCL,inclusive_scan,double,256,,186643.9947854389,59227.19831938368,33026740.984189253,16
scan_wg128.json,Clang-SYCL,inclusive_scan,double,512,,200229.29968467774,61189.98907123403,61467174.10475586,16
scan_wg128.json,Clang-SYCL,inclusive_scan,double,1024,,217768.68103341595,64669.49006033433,112783004.29962847,16
scan_wg128.json,Clang-SYCL,inclusive_scan,double,2048,,232248.4003650246,65088.79923676814,211446337.36658078,16
scan_wg128.json,Clang-SYCL,inclusive_scan,double,4096,,254695.7078099403,69947.01308028348,385885970.09604305,16
scan_wg128.json,Clang-SYCL,inclusive_scan,double,8192,,286027.061521115,74423.02649651529,687348834.4156537,16
scan_wg128.json,Clang-SYCL,inclusive_scan,double,16384,,333437.0276583027,81816.60609318956,1179300363.2189121,16
scan_wg128.json,Clang-SYCL,inclusive_scan,double,32768,,418777.84273325326,95074.46605861263,1877514090.0176134,16
scan_wg128.json,Clang-SYCL,inclusive_scan,double,65536,,577343.760609807,118812.61701689375,2724083726.51507,16
scan_wg128.json,Clang-SYCL,inclusive_scan,double,131072,,883635.3570075762,166559.55792298046,3559980744.593568,16
scan_wg128.json,Clang-SYCL,inclusive_scan,double,262144,,1381671.405486045,209713.70866217377,4526569727.216637,16
scan_wg128.json,Clang-SYCL,inclusive_scan,double,524288,,2161593.469907406,257161.86805555294,5819981686.4820385,16
scan_wg128.json,Clang-SYCL,inclusive_scan,double,1048576,,4029898.2882882887,537469.6614113998,6204712447.898804,16
scan_wg128.json,Clang-SYCL,inclusive_scan,double,2097152,,7752810.806944447,1043184.8955555642,6459616936.359312,16
scan_wg128.json,Clang-SYCL,inclusive_scan,double,4194304,,15652868.594594594,1700554.1689189686,6428927192.255029,16
scan_wg128.json,Clang-SYCL,inclusive_scan,double,8388608,,30582870.081249997,3091816.3937501577,6579546833.699171,16
scan_wg128.json,Clang-SYCL,inclusive_scan,double,16777216,,60809809.202380955,5795526.833333313,6591959836.411806,16
scan_wg128.json,Clang-SYCL,inclusive_scan,double,33554432,,121903243.94999999,11077117.850000277,6569254429.080929,16
scan_wg128.json,Clang-SYCL,inclusive_scan,double,67108864,,258553879.43,21615395.34999974,6091722140.270707,16
scan_wg128.json,Clang-SYCL,inclusive_scan,double,134217728,,589255143.5500001,42671390.75000337,5464201699.857687,16
scan_wg128.json,Clang-SYCL,inclusive_scan,double,268435456,,931130195.0,85091096.62500691,6917178890.281989,16
scan_wg256.json,Clang-SYCL,inclusive_scan,double,8,,405583.0,175242.49999995023,528729.8244506705,16
scan_wg256.json,Clang-SYCL,inclusive_scan,double,16,,149662.13715386175,50572.12174682494,2725207.206042018,16
scan_wg256.json,Clang-SYCL,inclusive_scan,double,32,,165233.59513494332,52338.02089251898,4791792.007650647,16
scan_wg256.json,Clang-SYCL,inclusive_scan,double,64,,179919.86697348102,54060.75879248198,8668453.685466785,16
scan_wg256.json,Clang-SYCL,inclusive_scan,double,128,,196738.19178757572,56508.48714607694,15735825.829832114,16
scan_wg256.json,Clang-SYCL,inclusive_scan,double,256,,212395.36412878806,59006.94647727275,29003914.295263804,16
scan_wg256.json,Clang-SYCL,inclusive_scan,double,512,,228914.09123222696,61441.43287301817,53723346.12378108,16
scan_wg256.json,Clang-SYCL,inclusive_scan,double,1024,,246999.02240983018,63513.05927333812,99433015.97840598,16
scan_wg256.json,Clang-SYCL,inclusive_scan,double,2048,,266422.6980254409,65655.02824188335,184460885.70800138,16
scan_wg256.json,Clang-SYCL,inclusive_scan,double,4096,,287644.4948591405,69383.48232572505,341482386.5852367,16
scan_wg256.json,Clang-SYCL,inclusive_scan,double,8192,,321537.00382682215,75034.55026273734,610774906.333981,16
scan_wg256.json,Clang-SYCL,inclusive_scan,double,16384,,365574.7221570169,82679.64645279113,1075146249.3698668,16
scan_wg256.json,Clang-SYCL,inclusive_scan,double,32768,,433626.4830561656,94612.06244116757,1812831599.99791,16
scan_wg256.json,Clang-SYCL,inclusive_scan,double,65536,,571748.0866205769,115599.50701504569,2720903610.5937223,16
scan_wg256.json,Clang-SYCL,inclusive_scan,double,131072,,828433.9912249695,163867.71884570149,3795944866.9378767,16
scan_wg256.json,Clang-SYCL,inclusive_scan,double,262144,,1164702.840191189,168546.71379883567,5398103840.592247,16
scan_wg256.json,Clang-SYCL,inclusive_scan,double,524288,,1887086.4807951478,208114.39413746278,6667416430.9597435,16
scan_wg256.json,Clang-SYCL,inclusive_scan,double,1048576,,3446576.2674876843,451745.44704433216,7293224291.486439,16
scan_wg256.json,Clang-SYCL,inclusive_scan,double,2097152,,6517747.81807512,857941.5387324113,7703396887.7626915,16
scan_wg256.json,Clang-SYCL,inclusive_scan,double,4194304,,12859062.17204301,1644412.5376344048,7822039110.513446,16
scan_wg256.json,Clang-SYCL,inclusive_scan,double,8388608,,25589702.852040805,3038715.1785713723,7862447797.144004,16
scan_wg256.json,Clang-SYCL,inclusive_scan,double,16777216,,51048209.64583333,5722327.208333174,7883485150.398365,16
scan_wg256.json,Clang-SYCL,inclusive_scan,double,33554432,,107851309.91666666,10963900.89583347,7466491527.634335,16
scan_wg256.json,Clang-SYCL,inclusive_scan,double,67108864,,227419320.2083333,21533444.833334412,7051649685.380388,16
scan_wg256.json,Clang-SYCL,inclusive_scan,double,134217728,,462957531.75,42697618.916665904,6956531566.8122835,16
scan_wg256.json,Clang-SYCL,inclusive_scan,double,268435456,,890039882.5,85296619.87499893,7234995373.555572,16
scan_wg32.json,Clang-SYCL,inclusive_scan,double,8,,400236.5,169625.74999995762,535213.9155050453,16
scan_wg32.json,Clang-SYCL,inclusive_scan,double,16,,177345.95051476298,60771.94905788645,2298997.197153081,16
scan_wg32.json,Clang-SYCL,inclusive_scan,double,32,,193217.42026989802,62055.68465987337,4096173.215333012,16
scan_wg32.json,Clang-SYCL,inclusive_scan,double,64,,208302.07137584806,72934.37658695,7480670.223517988,16
scan_wg32.json,Clang-SYCL,inclusive_scan,double,128,,223423.37765443965,75491.08519144164,13840870.964174349,16
scan_wg32.json,Clang-SYCL,inclusive_scan,double,256,,242798.71160931542,79332.01472888421,25382638.09514646,16
scan_wg32.json,Clang-SYCL,inclusive_scan,double,512,,260738.2126331253,85156.77492655149,47152040.980054505,16
scan_wg32.json,Clang-SYCL,inclusive_scan,double,1024,,290653.8099311493,100013.02674733922,84479032.69394515,16
scan_wg32.json,Clang-SYCL,inclusive_scan,double,2048,,304396.03130841115,99278.19692923914,156424997.57365072,16
scan_wg32.json,Clang-SYCL,inclusive_scan,double,4096,,289325.13466542715,69197.79455803474,339555227.43511623,16
scan_wg32.json,Clang-SYCL,inclusive_scan,double,8192,,320930.41407933924,74047.3368493457,612647861.6938322,16
scan_wg32.json,Clang-SYCL,inclusive_scan,double,16384,,364275.48742138356,81843.57140985286,1079174992.854463,16
scan_wg32.json,Clang-SYCL,inclusive_scan,double,32768,,442412.6666140241,94531.90650663304,1777443104.191009,16
scan_wg32.json,Clang-SYCL,inclusive_scan,double,65536,,568750.095865424,117428.65038508308,2765039967.6638327,16
scan_wg32.json,Clang-SYCL,inclusive_scan,double,131072,,824708.1400646681,164420.08471487463,3813091071.3229327,16
scan_wg32.json,Clang-SYCL,inclusive_scan,double,262144,,1177829.0608732156,187999.79638958795,5340310576.72481,16
scan_wg32.json,Clang-SYCL,inclusive_scan,double,524288,,1869399.2479973312,244002.97663551295,6730637321.92372,16
scan_wg32.json,Clang-SYCL,inclusive_scan,double,1048576,,3393592.149271847,495687.7864077693,7414229919.327028,16
scan_wg32.json,Clang-SYCL,inclusive_scan,double,2097152,,6335497.176136363,931530.8420454795,7904795873.355141,16
scan_wg32.json,Clang-SYCL,inclusive_scan,double,4194304,,12856912.049999993,1747160.2916666898,7822983532.920078,16
scan_wg32.json,Clang-SYCL,inclusive_scan,double,8388608,,25533208.239583332,3303904.302083271,7880594176.448465,16
scan_wg32.json,Clang-SYCL,inclusive_scan,double,16777216,,50875823.86458333,6255204.312500002,7908449433.4914665,16
scan_wg32.json,Clang-SYCL,inclusive_scan,double,33554432,,105881901.19230771,12041476.11538449,7525471264.044552,16
scan_wg32.json,Clang-SYCL,inclusive_scan,double,67108864,,234362422.87500006,23683104.083334073,6869322187.336929,16
scan_wg32.json,Clang-SYCL,inclusive_scan,double,134217728,,462494448.29999995,47126147.25000108,6959558922.5678215,16
scan_wg32.json,Clang-SYCL,inclusive_scan,double,268435456,,888729032.25,94134161.8749938,7248166922.0092945,16
scan_wg512.json,Clang-SYCL,inclusive_scan,double,8,,447114.5,173550.999999994,480253.0246943376,16
scan_wg512.json,Clang-SYCL,inclusive_scan,double,16,,149980.74732663645,50616.510612443264,2712960.513827174,16
scan_wg512.json,Clang-SYCL,inclusive_scan,double,32,,165436.4429831835,52721.12068924679,4783833.9857359,16
scan_wg512.json,Clang-SYCL,inclusive_scan,double,64,,180678.171078811,54597.22499353999,8630614.788537804,16
scan_wg512.json,Clang-SYCL,inclusive_scan,double,128,,197422.91204420634,57058.334752921284,15667610.097546183,16
scan_wg512.json,Clang-SYCL,inclusive_scan,double,256,,213648.8794805588,59630.85214155524,28846252.87071956,16
scan_wg512.json,Clang-SYCL,inclusive_scan,double,512,,229865.4235013178,61655.19952239811,53555393.7187879,16
scan_wg512.json,Clang-SYCL,inclusive_scan,double,1024,,247909.69025101635,64157.53190737133,99112546.7527028,16
scan_wg512.json,Clang-SYCL,inclusive_scan,double,2048,,265210.10518841085,66162.90039765195,185384475.04563338,16
scan_wg512.json,Clang-SYCL,inclusive_scan,double,4096,,289461.09331820975,70190.75525881609,339070184.6916063,16
scan_wg512.json,Clang-SYCL,inclusive_scan,double,8192,,319677.87238128507,75366.5428305399,614950432.013741,16
scan_wg512.json,Clang-SYCL,inclusive_scan,double,16384,,366476.0845098044,82839.80653594693,1060637777.9634011,16
scan_wg512.json,Clang-SYCL,inclusive_scan,double,32768,,441206.13373379724,93817.24321846417,1782396846.5329895,16
scan_wg512.json,Clang-SYCL,inclusive_scan,double,65536,,585698.237594618,120353.67703952763,2683344164.5021133,16
scan_wg512.json,Clang-SYCL,inclusive_scan,double,131072,,861796.1796262255,169795.0824142169,3649169314.9999595,16
scan_wg512.json,Clang-SYCL,inclusive_scan,double,262144,,1237928.285745808,181421.6110326561,5080654816.626905,16
scan_wg512.json,Clang-SYCL,inclusive_scan,double,524288,,1991047.2588904698,229728.29480796744,6317268481.384472,16
scan_wg512.json,Clang-SYCL,inclusive_scan,double,1048576,,3652917.05533854,475253.46354165836,6887382968.065189,16
scan_wg512.json,Clang-SYCL,inclusive_scan,double,2097152,,6930584.329601988,938006.9589552339,7255859622.638979,16
scan_wg512.json,Clang-SYCL,inclusive_scan,double,4194304,,12753633.114130437,1667156.0326086674,7889845857.139916,16
scan_wg512.json,Clang-SYCL,inclusive_scan,double,8388608,,25266765.145833336,3063734.822916775,7962079086.556734,16
scan_wg512.json,Clang-SYCL,inclusive_scan,double,16777216,,50270899.099999994,5737497.879999865,8002499861.680559,16
scan_wg512.json,Clang-SYCL,inclusive_scan,double,33554432,,100049351.92307691,11034320.21923112,8047922039.886122,16
scan_wg512.json,Clang-SYCL,inclusive_scan,double,67108864,,225788941.00000003,21463700.000000566,7086420476.93696,16
scan_wg512.json,Clang-SYCL,inclusive_scan,double,134217728,,456796542.8333334,42571436.1000009,7048088305.479872,16
scan_wg512.json,Clang-SYCL,inclusive_scan,double,268435456,,878170640.0,84811628.37499596,7333571495.435827,16
scan_wg64.json,Clang-SYCL,inclusive_scan,double,8,,378443.0,170933.25000006042,553500.98157419,16
scan_wg64.json,Clang-SYCL,inclusive_scan,double,16,,156712.54327755328,66704.04371032893,2590426.637814677,16
scan_wg64.json,Clang-SYCL,inclusive_scan,double,32,,194590.20533514128,69358.57448250375,4044675.079247594,16
scan_wg64.json,Clang-SYCL,inclusive_scan,double,64,,197665.74438286386,72241.67040143798,7634817.92297508,16
scan_wg64.json,Clang-SYCL,inclusive_scan,double,128,,225641.1547024246,73631.03960323273,13712701.587589718,16
scan_wg64.json,Clang-SYCL,inclusive_scan,double,256,,213331.31854199644,58979.055291424695,28886824.401919074,16
scan_wg64.json,Clang-SYCL,inclusive_scan,double,512,,229719.20011503636,61328.78993426477,53556709.889254525,16
scan_wg64.json,Clang-SYCL,inclusive_scan,double,1024,,247909.5319992944,63383.5887253172,99210569.09647155,16
scan_wg64.json,Clang-SYCL,inclusive_scan,double,2048,,265755.7284451624,65323.39460178641,185005253.97643238,16
scan_wg64.json,Clang-SYCL,inclusive_scan,double,4096,,290481.97515527887,69818.80170807446,336883823.62737846,16
scan_wg64.json,Clang-SYCL,inclusive_scan,double,8192,,323242.69305108185,75677.60746663639,607998758.4683342,16
scan_wg64.json,Clang-SYCL,inclusive_scan,double,16384,,374752.06714739325,88013.20044985559,1049170790.9388994,16
scan_wg64.json,Clang-SYCL,inclusive_scan,double,32768,,449840.85168810305,99693.85585208982,1748153372.3651695,16
scan_wg64.json,Clang-SYCL,inclusive_scan,double,65536,,591079.4456475577,117905.1178343932,2654305666.337574,16
scan_wg64.json,Clang-SYCL,inclusive_scan,double,131072,,865821.8930332919,163815.487330455,3632822852.7361717,16
scan_wg64.json,Clang-SYCL,inclusive_scan,double,262144,,1192845.7772340423,174244.32685106184,5273288241.870659,16
scan_wg64.json,Clang-SYCL,inclusive_scan,double,524288,,1891168.0711875833,211623.5408232127,6651992114.569595,16
scan_wg64.json,Clang-SYCL,inclusive_scan,double,1048576,,3420770.2906403956,434340.1724137936,7347220819.342653,16
scan_wg64.json,Clang-SYCL,inclusive_scan,double,2097152,,6508167.476958523,879905.7407834185,7712836289.09866,16
scan_wg64.json,Clang-SYCL,inclusive_scan,double,4194304,,12926259.513157897,1645716.526315791,7785803366.675467,16
scan_wg64.json,Clang-SYCL,inclusive_scan,double,8388608,,25680147.147959188,3092639.500000233,7834149259.402028,16
scan_wg64.json,Clang-SYCL,inclusive_scan,double,16777216,,51249243.72916667,5852084.458333332,7853464002.338219,16
scan_wg64.json,Clang-SYCL,inclusive_scan,double,33554432,,101999369.1875,11265877.470833216,7892563015.106009,16
scan_wg64.json,Clang-SYCL,inclusive_scan,double,67108864,,213229039.08333337,22077547.00000149,7431111392.424881,16
scan_wg64.json,Clang-SYCL,inclusive_scan,double,134217728,,463945834.4166667,43864821.58333157,6936182930.649426,16
scan_wg64.json,Clang-SYCL,inclusive_scan,double,268435456,,893320490.125,87592936.25000453,7208877426.602123,16
sort_cpu.json,Clang-SYCL_CPU,sort,double,8,,290442.0,137978.49999996892,727281.118927832,16
sort_cpu.json,Clang-SYCL_CPU,sort,double,16,,143515.83439368394,60183.03483826466,2812190.6155946427,16
sort_cpu.json,Clang-SYCL_CPU,sort,double,32,,187714.10051546415,70221.93050489036,4201761.476319888,16
sort_cpu.json,Clang-SYCL_CPU,sort,double,64,,252779.4773055414,67367.54981050352,6168591.336561155,16
sort_cpu.json,Clang-SYCL_CPU,sort,double,128,,282984.45844269486,68777.28390201242,10934375.209765967,16
sort_cpu.json,Clang-SYCL_CPU,sort,double,256,,345424.4838209775,77918.30454996284,17844001.330791686,16
sort_cpu.json,Clang-SYCL_CPU,sort,double,512,,415331.4635771384,89205.18433520831,29635452.05341678,16
sort_cpu.json,Clang-SYCL_CPU,sort,double,1024,,493458.9597114709,104695.31615059772,49815270.97243932,16
sort_cpu.json,Clang-SYCL_CPU,sort,double,2048,,583204.6200959934,125982.11124791308,84288426.29554452,16
sort_cpu.json,Clang-SYCL_CPU,sort,double,4096,,685726.1588422081,155888.8357352214,143376021.33375543,16
sort_cpu.json,Clang-SYCL_CPU,sort,double,8192,,800177.1989999991,205327.54657142807,245646223.69872677,16
sort_cpu.json,Clang-SYCL_CPU,sort,double,16384,,934088.6113439777,296240.51996007934,420869601.4028831,16
sort_cpu.json,Clang-SYCL_CPU,sort,double,32768,,1087567.3486790978,453554.72804972896,722982778.6092153,16
sort_cpu.json,Clang-SYCL_CPU,sort,double,65536,,1317756.7524952914,934377.7311676056,1193363482.6904812,16
sort_cpu.json,Clang-SYCL_CPU,sort,double,131072,,1669424.211538461,1783377.4834319525,1883456323.578702,16
sort_cpu.json,Clang-SYCL_CPU,sort,double,262144,,2696109.290229885,4291600.277777763,2331481068.842761,16
sort_cpu.json,Clang-SYCL_CPU,sort,double,524288,,4237837.799382718,8885513.451388888,2967034038.7281847,16
sort_cpu.json,Clang-SYCL_CPU,sort,double,1048576,,8808120.723270442,20593211.311949678,2853212694.760456,16
sort_cpu.json,Clang-SYCL_CPU,sort,double,2097152,,18556611.200000003,41930369.45333338,2709774004.3501315,16
sort_cpu.json,Clang-SYCL_CPU,sort,double,4194304,,35732270.48076923,105164063.46794891,2816313695.7516885,16
sort_cpu.json,Clang-SYCL_CPU,sort,double,8388608,,72043513.86052632,280700636.1184209,2794459264.830143,16
sort_cpu.json,Clang-SYCL_CPU,sort,double,16777216,,145910690.47500002,702679567.0999973,2759223577.0963387,16
sort_cpu.json,Clang-SYCL_CPU,sort,double,33554432,,297370037.6,1568853970.649994,2708040459.123469,16
sort_cpu.json,Clang-SYCL_CPU,sort,double,67108864,,606624766.625,3378319808.9999895,2654780808.656514,16
sort_cpu.json,Clang-SYCL_CPU,sort,double,134217728,,1245168139.85,7340518798.499943,2586799804.063697,16
sort_cpu.json,Clang-SYCL_CPU,sort,double,268435456,,2583613865.25,15477834977.45001,2493453171.217555,16
sort_cpu_fixed.json,Clang-SYCL_CPU,sort,double,8,,244759.0,124177.25000002378,871091.9527885632,16
sort_cpu_fixed.json,Clang-SYCL_CPU,sort,double,16,,122251.89067468538,57301.49177381447,3329357.1893352075,16
sort_cpu_fixed.json,Clang-SYCL_CPU,sort,double,32,,147030.7622184563,64719.712415263624,5298580.386309456,16
sort_cpu_fixed.json,Clang-SYCL_CPU,sort,double,64,,172135.6199938943,68055.65253357752,8985467.449602203,16
sort_cpu_fixed.json,Clang-SYCL_CPU,sort,double,128,,203044.78406784649,75539.07792113666,15225574.576500345,16
sort_cpu_fixed.json,Clang-SYCL_CPU,sort,double,256,,241479.26962682564,86738.03881358926,25379010.127900284,16
sort_cpu_fixed.json,Clang-SYCL_CPU,sort,double,512,,5157595.624193546,115372.2029569918,2240181.535210056,16
sort_cpu_fixed.json,Clang-SYCL_CPU,sort,double,1024,,7970512.783216782,166922.68881118507,2923727.055023834,16
sort_cpu_fixed.json,Clang-SYCL_CPU,sort,double,2048,,6176146.27272727,165609.13875598076,7761313.152651593,16
sort_cpu_fixed.json,Clang-SYCL_CPU,sort,double,4096,,9777418.233050846,232287.65338984237,9889961.207726303,16
sort_cpu_fixed.json,Clang-SYCL_CPU,sort,double,8192,,12046187.936702128,317078.688829783,16117904.397920191,16
sort_cpu_fixed.json,Clang-SYCL_CPU,sort,double,16384,,14759477.318085112,470812.7367021451,25988439.96885851,16
sort_cpu_fixed.json,Clang-SYCL_CPU,sort,double,32768,,17694670.656557377,761891.184426212,43443817.94309631,16
sort_cpu_fixed.json,Clang-SYCL_CPU,sort,double,65536,,22344447.608620692,1777743.7008620908,69687298.26276375,16
sort_cpu_fixed.json,Clang-SYCL_CPU,sort,double,131072,,17833278.93918919,3466387.775675671,171899715.16385156,16
sort_cpu_fixed.json,Clang-SYCL_CPU,sort,double,262144,,6101042.086693549,7147657.223790322,954580705.1078023,16
sort_cpu_fixed.json,Clang-SYCL_CPU,sort,double,524288,,17432408.700310566,15311635.998136643,693508371.3552712,16
sort_cpu_fixed.json,Clang-SYCL_CPU,sort,double,1048576,,17152242.955,33792689.295,1350299324.8280656,16
sort_cpu_fixed.json,Clang-SYCL_CPU,sort,double,2097152,,30236768.46195652,77748647.42500001,1656707745.5748394,16
sort_cpu_fixed.json,Clang-SYCL_CPU,sort,double,4194304,,70281066.86842103,179764484.21578908,1392313047.66883,16
sort_cpu_fixed.json,Clang-SYCL_CPU,sort,double,8388608,,225104389.125,331415217.23333395,851861747.121346,16
sort_cpu_fixed.json,Clang-SYCL_CPU,sort,double,16777216,,1014396979.9999998,634087198.9999926,391328751.8380177,16
sort_cpu_fixed.json,Clang-SYCL_CPU,sort,double,33554432,,2622278144.25,1391005293.9999957,306312383.7644144,16
sort_cpu_fixed.json,Clang-SYCL_CPU,sort,double,67108864,,5090009948.5,3150754735.5000014,313403740.5252868,16
sort_cpu_fixed.json,Clang-SYCL_CPU,sort,double,134217728,,6981869116.25,6115533717.750026,435547725.03766686,16
sort_cpu_fixed.json,Clang-SYCL_CPU,sort,double,268435456,,13468257594.5,13008685478.250015,472364834.2445081,16
sort_gnu.json,GNU-OMP,sort,double,8,,87.25157918228611,164.08171686548337,2475472803.1236,16
sort_gnu.json,GNU-OMP,sort,double,16,,191.4140109014256,319.076351620423,2131086172.8293233,16
sort_gnu.json,GNU-OMP,sort,double,32,,590.3290366481608,827.542850680471,1341439685.5870395,16
sort_gnu.json,GNU-OMP,sort,double,64,,1390.127525412028,1829.1349429785869,1122126925.5355735,16
sort_gnu.json,GNU-OMP,sort,double,128,,3201.1520044949602,4044.5424698960105,967075713.5187249,16
sort_gnu.json,GNU-OMP,sort,double,256,,7263.537197067581,8910.621992207152,849163414.8304548,16
sort_gnu.json,GNU-OMP,sort,double,512,,16204.061838724,19449.087904868797,759768140.4931364,16
sort_gnu.json,GNU-OMP,sort,double,1024,,116240.75223518471,127431.24940395191,211514991.4133994,16
sort_gnu.json,GNU-OMP,sort,double,2048,,135074.11061498395,156662.52980787779,363930846.6763307,16
sort_gnu.json,GNU-OMP,sort,double,4096,,157447.34477234434,201146.32164137095,624177186.5606545,16
sort_gnu.json,GNU-OMP,sort,double,8192,,187697.95339062109,275120.5884359173,1046812174.83708,16
sort_gnu.json,GNU-OMP,sort,double,16384,,224870.67241517393,403232.07482394425,1746564836.1852546,16
sort_gnu.json,GNU-OMP,sort,double,32768,,291884.90861781803,675519.9619900116,2693292155.6570697,16
sort_gnu.json,GNU-OMP,sort,double,65536,,403630.78883285227,1061848.874927946,3889198196.353247,16
sort_gnu.json,GNU-OMP,sort,double,131072,,604052.1383024551,1998419.5558164557,5198283237.441018,16
sort_gnu.json,GNU-OMP,sort,double,262144,,951173.5993914803,4233521.093340116,6611258995.632144,16
sort_gnu.json,GNU-OMP,sort,double,524288,,1640366.5450234194,9165314.350702565,7668425319.525681,16
sort_gnu.json,GNU-OMP,sort,double,1048576,,3552718.1142638028,19969872.66180976,6980093706.964924,16
sort_gnu.json,GNU-OMP,sort,double,2097152,,13143862.490963858,40743158.84036146,3700617195.828824,16
sort_gnu.json,GNU-OMP,sort,double,4194304,,32952712.433333334,99741726.7444449,3017011924.7937927,16
sort_gnu.json,GNU-OMP,sort,double,8388608,,63419950.42045455,213412836.045451,3153413020.0409036,16
sort_gnu.json,GNU-OMP,sort,double,16777216,,105507840.25,454812236.1458387,3810939262.7301292,16
sort_gnu.json,GNU-OMP,sort,double,33554432,,184053456.75,939793568.2857143,4368641197.051544,16
sort_gnu.json,GNU-OMP,sort,double,67108864,,336015602.625,1945054426.249996,4791723996.35084,16
sort_gnu.json,GNU-OMP,sort,double,134217728,,662260504.875,4248341187.37499,4779150990.234055,16
sort_gnu.json,GNU-OMP,sort,double,268435456,,1569426828.0,9562112371.749947,4077681128.296196,16
sort_tbb.json,GNU-TBB,sort,double,8,,79.10222093759555,154.67608024021024,2721088509.3047876,16
sort_tbb.json,GNU-TBB,sort,double,16,,178.7966024215308,303.6717907963338,2281233375.1528597,16
sort_tbb.json,GNU-TBB,sort,double,32,,614.1145418199737,849.2315367432909,1289641104.743565,16
sort_tbb.json,GNU-TBB,sort,double,64,,1477.6547664532632,1909.4082378582616,1055644861.7496324,16
sort_tbb.json,GNU-TBB,sort,double,128,,3442.561829968332,4277.398130697244,899200233.184711,16
sort_tbb.json,GNU-TBB,sort,double,256,,7842.765509501906,9478.23982565468,786385543.6363468,16
sort_tbb.json,GNU-TBB,sort,double,512,,29574.170977364072,35312.201573701546,414419322.91242474,16
sort_tbb.json,GNU-TBB,sort,double,1024,,48004.60806274738,58383.57072351976,507989904.6808549,16
sort_tbb.json,GNU-TBB,sort,double,2048,,75014.55360610646,96384.39505340456,650244395.9285966,16
sort_tbb.json,GNU-TBB,sort,double,4096,,115963.01201011881,159423.082480726,844700399.2823133,16
sort_tbb.json,GNU-TBB,sort,double,8192,,183129.4825796886,279085.0277983679,1073365352.4748023,16
sort_tbb.json,GNU-TBB,sort,double,16384,,295407.4792145401,486542.0867975767,1325179089.9888957,16
sort_tbb.json,GNU-TBB,sort,double,32768,,800834.0321130364,1153060.16457932,978815319.2830403,16
sort_tbb.json,GNU-TBB,sort,double,65536,,1551394.277081138,2051306.0102739786,1011669244.2767553,16
sort_tbb.json,GNU-TBB,sort,double,131072,,2638897.1061643837,3640238.2925636065,1189559618.5840385,16
sort_tbb.json,GNU-TBB,sort,double,262144,,4559164.885117058,6786775.36672244,1375001357.674871,16
sort_tbb.json,GNU-TBB,sort,double,524288,,8502878.441717792,13427791.254601177,1479029399.7828636,16
sort_tbb.json,GNU-TBB,sort,double,1048576,,16878976.750000004,27363131.626582548,1481682138.982193,16
sort_tbb.json,GNU-TBB,sort,double,2097152,,49954545.16333334,73265636.81333283,1003306063.560508,16
sort_tbb.json,GNU-TBB,sort,double,4194304,,80442016.51785713,143155170.39285806,1244755453.9708915,16
sort_tbb.json,GNU-TBB,sort,double,8388608,,148012178.99545455,318909363.70454705,1352748841.148524,16
sort_tbb.json,GNU-TBB,sort,double,16777216,,299538283.2083334,713731666.9166675,1339273396.5741916,16
sort_tbb.json,GNU-TBB,sort,double,33554432,,544007992.9666667,1468492649.6666625,1461976812.9255424,16
sort_tbb.json,GNU-TBB,sort,double,67108864,,1063857637.6000001,3047934424.749957,1501099274.312787,16
sort_tbb.json,GNU-TBB,sort,double,134217728,,1954323860.2,5812581257.000005,1617044617.4968405,16
sort_tbb.json,GNU-TBB,sort,double,268435456,,3703973710.25,12958225516.500023,1722212265.277772,16
sort_wg1024.json,Clang-SYCL,sort,double,8,,506570.75,156066.49999977407,416008.2167772985,16
sort_wg1024.json,Clang-SYCL,sort,double,16,,148670.19475177245,47712.51553191489,2737266.0012508724,16
sort_wg1024.json,Clang-SYCL,sort,double,32,,183782.93543513224,54942.31607574533,4306000.388003962,16
sort_wg1024.json,Clang-SYCL,sort,double,64,,231775.18594527384,61859.04415422889,6721042.679253802,16
sort_wg1024.json,Clang-SYCL,sort,double,128,,287288.73305258906,69062.23818816786,10772845.143912021,16
sort_wg1024.json,Clang-SYCL,sort,double,256,,350904.716820795,78671.11797050704,17568622.73992133,16
sort_wg1024.json,Clang-SYCL,sort,double,512,,422904.9592129073,90368.7510102535,29110968.94273145,16
sort_wg1024.json,Clang-SYCL,sort,double,1024,,503394.8138489196,106092.5984712235,48861697.85133572,16
sort_wg1024.json,Clang-SYCL,sort,double,2048,,594948.3032073074,127423.00074341573,82621384.44230625,16
sort_wg1024.json,Clang-SYCL,sort,double,4096,,694999.4302181456,156915.45426375722,141393640.44055438,16
sort_wg1024.json,Clang-SYCL,sort,double,8192,,809513.1638279457,205651.90277136437,242828433.17117137,16
sort_wg1024.json,Clang-SYCL,sort,double,16384,,948299.7653061231,296434.5727891159,414435662.780195,16
sort_wg1024.json,Clang-SYCL,sort,double,32768,,1106211.4802683503,451790.4082478292,710348269.4196429,16
sort_wg1024.json,Clang-SYCL,sort,double,65536,,1342677.3292624536,929837.4585728005,1170695719.1820292,16
sort_wg1024.json,Clang-SYCL,sort,double,131072,,1701524.8087878795,1754003.8812121267,1839537727.3203187,16
sort_wg1024.json,Clang-SYCL,sort,double,262144,,2747843.3305169,4251997.485586474,2288614969.538862,16
sort_wg1024.json,Clang-SYCL,sort,double,524288,,4175239.6234756075,8729143.0722561,3011106162.6460595,16
sort_wg1024.json,Clang-SYCL,sort,double,1048576,,9284685.152013425,19880674.676174466,2700889573.649691,16
sort_wg1024.json,Clang-SYCL,sort,double,2097152,,19038880.537162162,41245242.8513514,2568471305.718836,16
sort_wg1024.json,Clang-SYCL,sort,double,4194304,,34779240.75625001,92833016.22499973,2893448005.360405,16
sort_wg1024.json,Clang-SYCL,sort,double,8388608,,77597526.6,255393048.34722131,2594209372.881961,16
sort_wg1024.json,Clang-SYCL,sort,double,16777216,,157236826.74444443,677601742.1388885,2560357557.2948747,16
sort_wg1024.json,Clang-SYCL,sort,double,33554432,,321251645.9875,1435923814.4375014,2506516997.4262295,16
sort_wg1024.json,Clang-SYCL,sort,double,67108864,,656929871.875,3036925786.6999903,2451422332.5565343,16
sort_wg1024.json,Clang-SYCL,sort,double,134217728,,1352088293.3000002,6556392908.500002,2381953148.643008,16
sort_wg1024.json,Clang-SYCL,sort,double,268435456,,2804009458.25,14369004033.649986,2297213391.018091,16
sort_wg128.json,Clang-SYCL,sort,double,8,,430984.0,153550.9999999185,481680.45204405714,16
sort_wg128.json,Clang-SYCL,sort,double,16,,150632.27409638587,52169.0936746988,2470630.0215253197,16
sort_wg128.json,Clang-SYCL,sort,double,32,,184457.30491738263,52388.31758096497,4290161.13679179,16
sort_wg128.json,Clang-SYCL,sort,double,64,,230948.38068181835,59103.412055336084,6750461.804786105,16
sort_wg128.json,Clang-SYCL,sort,double,128,,282818.21338470856,66157.16163050091,10943332.012544313,16
sort_wg128.json,Clang-SYCL,sort,double,256,,342662.04938800517,75107.88696450455,17998831.586980924,16
sort_wg128.json,Clang-SYCL,sort,double,512,,411230.93035190617,85682.22170088015,29924630.896251258,16
sort_wg128.json,Clang-SYCL,sort,double,1024,,494744.6279971788,104806.89933004274,49709858.82974167,16
sort_wg128.json,Clang-SYCL,sort,double,2048,,582906.5187160177,125991.49330823896,84357786.1415243,16
sort_wg128.json,Clang-SYCL,sort,double,4096,,680173.8077297022,156400.06404958715,144504882.87945926,16
sort_wg128.json,Clang-SYCL,sort,double,8192,,795357.3310618973,206576.79017603793,247107982.07063693,16
sort_wg128.json,Clang-SYCL,sort,double,16384,,934652.6452557198,298362.60952220624,420684645.63606215,16
sort_wg128.json,Clang-SYCL,sort,double,32768,,1091790.6903651906,456536.2646076138,720194379.605967,16
sort_wg128.json,Clang-SYCL,sort,double,65536,,1326029.977913534,930211.5216165418,1185661867.8693671,16
sort_wg128.json,Clang-SYCL,sort,double,131072,,1669789.565165875,1745911.285545032,1883557148.770395,16
sort_wg128.json,Clang-SYCL,sort,double,262144,,3080850.7380478075,4532739.49701194,2025855496.148707,16
sort_wg128.json,Clang-SYCL,sort,double,524288,,4907861.099074075,9303356.986111138,2538250981.6286197,16
sort_wg128.json,Clang-SYCL,sort,double,1048576,,9132786.943910258,20335282.86538455,2735091934.162822,16
sort_wg128.json,Clang-SYCL,sort,double,2097152,,18657406.826666668,42040412.32333358,2696851130.58584,16
sort_wg128.json,Clang-SYCL,sort,double,4194304,,35960502.62820511,104865925.52307713,2798351949.6921735,16
sort_wg128.json,Clang-SYCL,sort,double,8388608,,69094446.99999999,261583040.90277833,2912804203.3127513,16
sort_wg128.json,Clang-SYCL,sort,double,16777216,,159012482.7777778,677275657.6666679,2532039440.963459,16
sort_wg128.json,Clang-SYCL,sort,double,33554432,,326683194.375,1440207328.1875012,2464754017.6387987,16
sort_wg128.json,Clang-SYCL,sort,double,67108864,,670036685.75,3052271481.9750094,2403280701.6883917,16
sort_wg128.json,Clang-SYCL,sort,double,134217728,,1385191285.25,6592707857.249977,2324854090.7903557,16
sort_wg128.json,Clang-SYCL,sort,double,268435456,,2883502930.75,14398392629.0,2234115724.7666893,16
sort_wg256.json,Clang-SYCL,sort,double,8,,362879.75,163613.24999991656,582646.6990900754,16
sort_wg256.json,Clang-SYCL,sort,double,16,,171919.683291041,68674.49599843839,2368280.147401048,16
sort_wg256.json,Clang-SYCL,sort,double,32,,184591.89847950597,67621.33968708682,4252126.155086782,16
sort_wg256.json,Clang-SYCL,sort,double,64,,243364.80825542455,94820.74155053787,6401957.724716635,16
sort_wg256.json,Clang-SYCL,sort,double,128,,329630.24097493594,141710.26442860445,9373122.850374289,16
sort_wg256.json,Clang-SYCL,sort,double,256,,377208.219830155,150801.60868593588,16019517.59630311,16
sort_wg256.json,Clang-SYCL,sort,double,512,,465398.6093862823,189304.69891696668,26262203.01249214,16
sort_wg256.json,Clang-SYCL,sort,double,1024,,588632.1381663121,247648.00402985094,41756392.619758144,16
sort_wg256.json,Clang-SYCL,sort,double,2048,,657851.4319826338,271296.7164737112,74635762.70090844,16
sort_wg256.json,Clang-SYCL,sort,double,4096,,738094.192778936,286997.81921272224,133175019.15536408,16
sort_wg256.json,Clang-SYCL,sort,double,8192,,723639.1794871802,238738.75438596547,270686836.9728864,16
sort_wg256.json,Clang-SYCL,sort,double,16384,,793233.2275423747,297586.7668079082,495380826.1823863,16
sort_wg256.json,Clang-SYCL,sort,double,32768,,935300.4171676676,456127.83299933025,840768381.7979006,16
sort_wg256.json,Clang-SYCL,sort,double,65536,,1160145.0252007134,939853.0448260449,1355503608.505031,16
sort_wg256.json,Clang-SYCL,sort,double,131072,,2069477.8515129685,2263211.8245677184,1519275940.6782727,16
sort_wg256.json,Clang-SYCL,sort,double,262144,,3020229.7851323816,4525438.624439921,2076925355.3350687,16
sort_wg256.json,Clang-SYCL,sort,double,524288,,4515521.785830619,9151591.912052114,2785448676.1918764,16
sort_wg256.json,Clang-SYCL,sort,double,1048576,,9291119.357142856,20533724.71428575,2703537786.235797,16
sort_wg256.json,Clang-SYCL,sort,double,2097152,,19731093.039285704,40488824.05714268,2550302329.7550664,16
sort_wg256.json,Clang-SYCL,sort,double,4194304,,38347930.61621621,91776444.6351349,2624713355.2893915,16
sort_wg256.json,Clang-SYCL,sort,double,8388608,,77594138.7361111,257094880.4305557,2594335528.279152,16
sort_wg256.json,Clang-SYCL,sort,double,16777216,,157400034.6388889,677233167.2166679,2558084452.992945,16
sort_wg256.json,Clang-SYCL,sort,double,33554432,,322151937.25,1437922704.0624976,2499342364.8184137,16
sort_wg256.json,Clang-SYCL,sort,double,67108864,,659474010.75,3042839744.0000057,2441918057.843382,16
sort_wg256.json,Clang-SYCL,sort,double,134217728,,1360198946.75,6567692335.749996,2368043378.7859564,16
sort_wg256.json,Clang-SYCL,sort,double,268435456,,2824454654.0,14375209193.8,2279878916.9254923,16
sort_wg32.json,Clang-SYCL,sort,double,8,,361420.25,165513.25000002672,586502.2265077659,16
sort_wg32.json,Clang-SYCL,sort,double,16,,142395.4229791037,49060.57382458068,2861663.771402833,16
sort_wg32.json,Clang-SYCL,sort,double,32,,181794.83111702188,54327.2023871302,4354131.628772229,16
sort_wg32.json,Clang-SYCL,sort,double,64,,229891.54691103738,61186.574176276896,6780512.459787597,16
sort_wg32.json,Clang-SYCL,sort,double,128,,285513.19220860186,68686.78158113414,10843027.740398271,16
sort_wg32.json,Clang-SYCL,sort,double,256,,349722.4428908775,78680.67561521228,17604668.114288997,16
sort_wg32.json,Clang-SYCL,sort,double,512,,421603.05387164763,91745.33058150024,29192299.62798132,16
sort_wg32.json,Clang-SYCL,sort,double,1024,,501985.4087159259,107231.00966642794,48998904.02464304,16
sort_wg32.json,Clang-SYCL,sort,double,2048,,591240.3151118626,126976.78661882677,83153472.53892432,16
sort_wg32.json,Clang-SYCL,sort,double,4096,,690406.8795061724,157948.72728394982,142369964.40251398,16
sort_wg32.json,Clang-SYCL,sort,double,8192,,806672.7830161476,207276.02032871876,243703183.52266482,16
sort_wg32.json,Clang-SYCL,sort,double,16384,,942703.7725134396,297648.54203629063,417126619.24156934,16
sort_wg32.json,Clang-SYCL,sort,double,32768,,1099605.655538099,457865.37156323646,714389952.9546874,16
sort_wg32.json,Clang-SYCL,sort,double,65536,,1760920.8204804035,1365377.3915929205,893073636.0561943,16
sort_wg32.json,Clang-SYCL,sort,double,131072,,2892574.335892114,2974853.4289418994,1086444661.035771,16
sort_wg32.json,Clang-SYCL,sort,double,262144,,4709050.979452057,5732818.728767123,1331593815.7002296,16
sort_wg32.json,Clang-SYCL,sort,double,524288,,8556228.690119762,13039909.959580809,1466678190.4391963,16
sort_wg32.json,Clang-SYCL,sort,double,1048576,,17823939.897887327,27134548.00704235,1409831441.4305153,16
sort_wg32.json,Clang-SYCL,sort,double,2097152,,34752455.69999999,56754802.7099998,1448045416.8805866,16
sort_wg32.json,Clang-SYCL,sort,double,4194304,,69649450.95750001,127144095.04999934,1445171608.6405134,16
sort_wg32.json,Clang-SYCL,sort,double,8388608,,144211194.27499998,334118291.20000076,1396022167.306089,16
sort_wg32.json,Clang-SYCL,sort,double,16777216,,310429728.7,849395153.1000022,1296888989.995267,16
sort_wg32.json,Clang-SYCL,sort,double,33554432,,653346979.5,1882791511.1249993,1232566891.7304559,16
sort_wg32.json,Clang-SYCL,sort,double,67108864,,1340438557.0,3813264872.500028,1201516110.9971852,16
sort_wg32.json,Clang-SYCL,sort,double,134217728,,3033575360.75,8274928902.749977,1061482529.0281563,16
sort_wg32.json,Clang-SYCL,sort,double,268435456,,6223940381.3,17991449916.050034,1029905818.7676051,16
sort_wg512.json,Clang-SYCL,sort,double,8,,412056.25,155591.49999999633,514958.5803503349,16
sort_wg512.json,Clang-SYCL,sort,double,16,,158651.4952180265,60364.889565070785,2563089.40430672,16
sort_wg512.json,Clang-SYCL,sort,double,32,,189064.44800984822,61864.903638353186,4183792.7082458995,16
sort_wg512.json,Clang-SYCL,sort,double,64,,230124.4325801147,68991.85981922774,6769304.64909532,16
sort_wg512.json,Clang-SYCL,sort,double,128,,284880.5733616647,71911.04372623561,10646380.067126673,16
sort_wg512.json,Clang-SYCL,sort,double,256,,347309.80029806367,77897.54222553436,17756686.044141784,16
sort_wg512.json,Clang-SYCL,sort,double,512,,419624.485844817,90935.0266027565,29307623.0385542,16
sort_wg512.json,Clang-SYCL,sort,double,1024,,500600.7307137712,106302.69394376295,49103528.889253475,16
sort_wg512.json,Clang-SYCL,sort,double,2048,,591059.6476361334,126358.9168425485,83193041.09064464,16
sort_wg512.json,Clang-SYCL,sort,double,4096,,693147.3424691353,157850.1027160482,141783585.64938828,16
sort_wg512.json,Clang-SYCL,sort,double,8192,,809700.3484628776,207616.55872969778,242732293.2629416,16
sort_wg512.json,Clang-SYCL,sort,double,16384,,943338.6317782281,298492.9723799862,416769710.37236786,16
sort_wg512.json,Clang-SYCL,sort,double,32768,,1100485.8324088752,456396.2488114106,713918594.1693794,16
sort_wg512.json,Clang-SYCL,sort,double,65536,,1335571.92921456,936025.1442049802,1177573407.9068203,16
sort_wg512.json,Clang-SYCL,sort,double,131072,,1678116.782934131,1772130.860778446,1873234936.9646363,16
sort_wg512.json,Clang-SYCL,sort,double,262144,,2660112.1504798476,4250863.367562389,2362973758.074911,16
sort_wg512.json,Clang-SYCL,sort,double,524288,,4093995.661209439,8889065.079351041,3073128911.2079177,16
sort_wg512.json,Clang-SYCL,sort,double,1048576,,9024518.172580644,20775811.367096785,2780962431.11629,16
sort_wg512.json,Clang-SYCL,sort,double,2097152,,18654710.343333334,42533252.776666656,2697947973.1167846,16
sort_wg512.json,Clang-SYCL,sort,double,4194304,,35734950.87179487,105952955.09615363,2815850068.528487,16
sort_wg512.json,Clang-SYCL,sort,double,8388608,,71828561.31578946,279332767.5394747,2802518425.2079854,16
sort_wg512.json,Clang-SYCL,sort,double,16777216,,145314764.35000002,707901466.2950006,2770807067.5485086,16
sort_wg512.json,Clang-SYCL,sort,double,33554432,,296588619.34999996,1564516021.7999973,2691506954.448802,16
sort_wg512.json,Clang-SYCL,sort,double,67108864,,602200795.875,3542372712.750002,2674296528.39965,16
sort_wg512.json,Clang-SYCL,sort,double,134217728,,1234233060.0,7295469515.750056,2609247150.1840854,16
sort_wg512.json,Clang-SYCL,sort,double,268435456,,2556891014.5,15471852774.500042,2519062561.955344,16
sort_wg64.json,Clang-SYCL,sort,double,8,,409606.75,151998.49999991688,515172.6757424751,16
sort_wg64.json,Clang-SYCL,sort,double,16,,140861.6879694207,48703.976730150214,2895223.9504501075,16
sort_wg64.json,Clang-SYCL,sort,double,32,,179397.39565691553,53929.77377469852,4409398.066588718,16
sort_wg64.json,Clang-SYCL,sort,double,64,,226689.54334087577,60543.599401971966,6877911.156719828,16
sort_wg64.json,Clang-SYCL,sort,double,128,,279830.20633971225,67431.07520933021,11062170.041614734,16
sort_wg64.json,Clang-SYCL,sort,double,256,,342929.08363858296,77498.9445054943,17980461.56220173,16
sort_wg64.json,Clang-SYCL,sort,double,512,,413119.80380770366,89298.5986474565,29758550.286233768,16
sort_wg64.json,Clang-SYCL,sort,double,1024,,494500.6850936068,104366.29035676424,49725201.92891684,16
sort_wg64.json,Clang-SYCL,sort,double,2048,,581519.6784076695,125010.28584827081,84486879.3117093,16
sort_wg64.json,Clang-SYCL,sort,double,4096,,680264.5702859908,156043.37893843988,144463290.99282587,16
sort_wg64.json,Clang-SYCL,sort,double,8192,,794355.1334575708,206421.97763761345,247508907.0910284,16
sort_wg64.json,Clang-SYCL,sort,double,16384,,935985.3925888663,302970.5112340732,419178819.1411392,16
sort_wg64.json,Clang-SYCL,sort,double,32768,,1088476.109836704,456610.10645412165,722475807.0429066,16
sort_wg64.json,Clang-SYCL,sort,double,65536,,1321656.3491981137,931674.496226412,1189909714.0358276,16
sort_wg64.json,Clang-SYCL,sort,double,131072,,2314156.9145161277,2370854.119354842,1358565527.7245364,16
sort_wg64.json,Clang-SYCL,sort,double,262144,,3590686.9695431506,4952501.140736038,1750440258.8079052,16
sort_wg64.json,Clang-SYCL,sort,double,524288,,6367427.38012295,10612183.203893432,1967731255.1899855,16
sort_wg64.json,Clang-SYCL,sort,double,1048576,,12663996.854310345,23085943.745689496,1922451560.7221882,16
sort_wg64.json,Clang-SYCL,sort,double,2097152,,24627834.53508772,47758859.03508743,2042077158.9691758,16
sort_wg64.json,Clang-SYCL,sort,double,4194304,,48244376.714285694,117412703.9553571,2062133071.2225342,16
sort_wg64.json,Clang-SYCL,sort,double,8388608,,91522591.57142858,298136371.1607144,2199395521.3147683,16
sort_wg64.json,Clang-SYCL,sort,double,16777216,,188320737.39285713,738407502.6999987,2137948097.2614536,16
sort_wg64.json,Clang-SYCL,sort,double,33554432,,389264865.75,1653657107.3750005,2068468877.3644824,16
sort_wg64.json,Clang-SYCL,sort,double,67108864,,805558962.0,3671411295.250003,1999104964.102202,16
sort_wg64.json,Clang-SYCL,sort,double,134217728,,1675770484.0,7699866968.749973,1922024236.4428988,16
sort_wg64.json,Clang-SYCL,sort,double,268435456,,3512969205.5,16344477674.500011,1819028394.1715345,16
sycl_cpu.json,Clang-SYCL_CPU,inclusive_scan,double,8,,290339.75,162449.25000008516,728939.4675442013,16
sycl_cpu.json,Clang-SYCL_CPU,inclusive_scan,double,16,,128230.09892998812,57934.31461581036,3166815.4122183146,16
sycl_cpu.json,Clang-SYCL_CPU,inclusive_scan,double,32,,132634.52872757844,59165.93273542597,5812747.216790896,16
sycl_cpu.json,Clang-SYCL_CPU,inclusive_scan,double,64,,112675.39364379353,51402.050958893036,13842082.52552649,16
sycl_cpu.json,Clang-SYCL_CPU,inclusive_scan,double,128,,131041.41606338858,54344.916173744205,23621997.636625387,16
sycl_cpu.json,Clang-SYCL_CPU,inclusive_scan,double,256,,135597.3362717908,57762.37700574467,44684623.3622888,16
sycl_cpu.json,Clang-SYCL_CPU,inclusive_scan,double,512,,242682.13218272032,74282.02511368332,45879491.631029174,16
sycl_cpu.json,Clang-SYCL_CPU,inclusive_scan,double,1024,,254272.08655178448,76212.0833910634,89463802.89482838,16
sycl_cpu.json,Clang-SYCL_CPU,inclusive_scan,double,2048,,271859.0193990668,77277.00388953666,180754426.67708272,16
sycl_cpu.json,Clang-SYCL_CPU,inclusive_scan,double,4096,,317579.77636587474,85036.75022391463,308461433.8787011,16
sycl_cpu.json,Clang-SYCL_CPU,inclusive_scan,double,8192,,378047.2988173469,93025.13659658341,503656337.49959207,16
sycl_cpu.json,Clang-SYCL_CPU,inclusive_scan,double,16384,,487891.8621035056,98303.68013355655,802212393.0857991,16
sycl_cpu.json,Clang-SYCL_CPU,inclusive_scan,double,32768,,583681.3667328039,91350.29420194004,1339643624.4181151,16
sycl_cpu.json,Clang-SYCL_CPU,inclusive_scan,double,65536,,949691.7075630258,103596.94089635965,1278905983.50613,16
sycl_cpu.json,Clang-SYCL_CPU,inclusive_scan,double,131072,,2096330.3873429066,115480.58886894528,1458480789.0720038,16
sycl_cpu.json,Clang-SYCL_CPU,inclusive_scan,double,262144,,2332962.3132716045,137932.2308641973,2619359329.503351,16
sycl_cpu.json,Clang-SYCL_CPU,inclusive_scan,double,524288,,3052316.2722772285,121273.7054455553,4089115401.4767094,16
sycl_cpu.json,Clang-SYCL_CPU,inclusive_scan,double,1048576,,5661926.866666669,131259.06884058547,4408619991.7476425,16
sycl_cpu.json,Clang-SYCL_CPU,inclusive_scan,double,2097152,,7668381.449999999,157722.97449998974,6442385383.752267,16
sycl_cpu.json,Clang-SYCL_CPU,inclusive_scan,double,4194304,,17912733.477564096,220441.49358972747,5545034364.619143,16
sycl_cpu.json,Clang-SYCL_CPU,inclusive_scan,double,8388608,,37546643.14473684,231226.20263150882,5312746249.318958,16
sycl_cpu.json,Clang-SYCL_CPU,inclusive_scan,double,16777216,,84952655.828125,212663.2187500199,4731737574.736314,16
sycl_cpu.json,Clang-SYCL_CPU,inclusive_scan,double,33554432,,206412646.05,259319.21875077533,3801434297.4591875,16
sycl_cpu.json,Clang-SYCL_CPU,inclusive_scan,double,67108864,,378380798.9166666,309931.6666682247,4215136206.245828,16
sycl_cpu.json,Clang-SYCL_CPU,inclusive_scan,double,134217728,,953540846.5,402076.7500030331,3371607256.3129587,16
sycl_cpu.json,Clang-SYCL_CPU,inclusive_scan,double,268435456,,1884662187.0000002,364704.0000060997,3402184545.9695096,16
v100_usm_sort_wg1024.json,Clang-SYCL,sort,double,8,,396344.75,161427.49999997765,537367.03701246,16
v100_usm_sort_wg1024.json,Clang-SYCL,sort,double,16,,148811.6323288695,48696.91331845242,2714609.565571067,16
v100_usm_sort_wg1024.json,Clang-SYCL,sort,double,32,,183050.55620562728,52261.57734025775,4325153.556099493,16
v100_usm_sort_wg1024.json,Clang-SYCL,sort,double,64,,229572.40860434694,59609.04706651416,6748312.479620746,16
v100_usm_sort_wg1024.json,Clang-SYCL,sort,double,128,,281506.93926922325,69256.28483236278,10979877.491168205,16
v100_usm_sort_wg1024.json,Clang-SYCL,sort,double,256,,342649.56068711635,77774.1681595091,17992197.349130064,16
v100_usm_sort_wg1024.json,Clang-SYCL,sort,double,512,,412215.8633215446,89779.52671676963,29844461.17367987,16
v100_usm_sort_wg1024.json,Clang-SYCL,sort,double,1024,,490949.98520658235,105382.86230742245,50094750.86782101,16
v100_usm_sort_wg1024.json,Clang-SYCL,sort,double,2048,,579245.9696938357,126636.24151841221,84887698.27845861,16
v100_usm_sort_wg1024.json,Clang-SYCL,sort,double,4096,,677369.333888889,156431.2632850245,145080537.6995319,16
v100_usm_sort_wg1024.json,Clang-SYCL,sort,double,8192,,791551.5696559504,207438.27650874385,248350363.95259157,16
v100_usm_sort_wg1024.json,Clang-SYCL,sort,double,16384,,926081.9255636602,297911.3698607406,424564680.2642149,16
v100_usm_sort_wg1024.json,Clang-SYCL,sort,double,32768,,1080895.5540123447,457464.26967592374,727579959.3361177,16
v100_usm_sort_wg1024.json,Clang-SYCL,sort,double,65536,,1315266.3089755645,936173.3703007516,1195631440.3809767,16
v100_usm_sort_wg1024.json,Clang-SYCL,sort,double,131072,,1672493.8058263971,1774804.4135552929,1880262726.610865,16
v100_usm_sort_wg1024.json,Clang-SYCL,sort,double,262144,,3086827.3343621413,4495961.488683123,2033633594.4676442,16
v100_usm_sort_wg1024.json,Clang-SYCL,sort,double,524288,,5466675.297744362,13462328.822368426,2292529112.156986,16
v100_usm_sort_wg1024.json,Clang-SYCL,sort,double,1048576,,10525563.792338714,20012469.96774196,2385565658.489622,16
v100_usm_sort_wg1024.json,Clang-SYCL,sort,double,2097152,,20287720.335820902,40340646.7014926,2475712555.9825087,16
v100_usm_sort_wg1024.json,Clang-SYCL,sort,double,4194304,,38525052.534722224,92936274.40138867,2612048520.498001,16
v100_usm_sort_wg1024.json,Clang-SYCL,sort,double,8388608,,74506227.7638889,288934611.8333332,2701517458.2062263,16
v100_usm_sort_wg1024.json,Clang-SYCL,sort,double,16777216,,148964087.3333333,713310680.7222241,2702651936.9277782,16
v100_usm_sort_wg1024.json,Clang-SYCL,sort,double,33554432,,302023356.35,1599322102.800005,2666130388.6659384,16
v100_usm_sort_wg1024.json,Clang-SYCL,sort,double,67108864,,613399644.5,3498268462.5,2625614994.7499485,16
v100_usm_sort_wg1024.json,Clang-SYCL,sort,double,134217728,,1261575049.0,7468173087.000025,2547021438.284506,16
v100_usm_sort_wg1024.json,Clang-SYCL,sort,double,268435456,,2632647047.25,15916720248.99995,2444340891.829397,16
v100_usm_sort_wg128.json,Clang-SYCL,sort,double,8,,394075.25,148718.49999992247,543987.6715727481,16
v100_usm_sort_wg128.json,Clang-SYCL,sort,double,16,,141466.60195296028,49384.18085888284,2880978.6904240847,16
v100_usm_sort_wg128.json,Clang-SYCL,sort,double,32,,178975.95035324374,54703.084874759195,4424741.018679239,16
v100_usm_sort_wg128.json,Clang-SYCL,sort,double,64,,225265.68677652773,61067.95578778132,6924282.131331475,16
v100_usm_sort_wg128.json,Clang-SYCL,sort,double,128,,280382.6680848925,69181.86239187288,11035419.647774532,16
v100_usm_sort_wg128.json,Clang-SYCL,sort,double,256,,340484.5815071835,78276.00340881442,18110494.29478167,16
v100_usm_sort_wg128.json,Clang-SYCL,sort,double,512,,410691.6868598181,90449.37756804208,29971934.09735848,16
v100_usm_sort_wg128.json,Clang-SYCL,sort,double,1024,,488395.2423237967,104958.23433356576,50361476.35949363,16
v100_usm_sort_wg128.json,Clang-SYCL,sort,double,2048,,576039.3487037034,126763.39012345675,85317013.22316015,16
v100_usm_sort_wg128.json,Clang-SYCL,sort,double,4096,,671805.4333815735,156134.61488181376,146356979.45640534,16
v100_usm_sort_wg128.json,Clang-SYCL,sort,double,8192,,789614.184483726,208678.6409090921,248920723.70806694,16
v100_usm_sort_wg128.json,Clang-SYCL,sort,double,16384,,926740.2581018517,302099.55390211416,424283075.96261024,16
v100_usm_sort_wg128.json,Clang-SYCL,sort,double,32768,,1083161.562277993,465108.5359073336,725947864.8693029,16
v100_usm_sort_wg128.json,Clang-SYCL,sort,double,65536,,1307959.1106403037,944482.5286252366,1201833338.085212,16
v100_usm_sort_wg128.json,Clang-SYCL,sort,double,131072,,1650212.82182353,1778881.4117647079,1906104172.2756186,16
v100_usm_sort_wg128.json,Clang-SYCL,sort,double,262144,,3241451.9949083487,4947455.255091643,1762313237.1052284,16
v100_usm_sort_wg128.json,Clang-SYCL,sort,double,524288,,5163699.598113204,13470285.017924536,2432225780.7469563,16
v100_usm_sort_wg128.json,Clang-SYCL,sort,double,1048576,,10414795.766406253,20460721.91015619,2411424268.818108,16
v100_usm_sort_wg128.json,Clang-SYCL,sort,double,2097152,,18973462.903333336,39435307.69999996,2652085538.0935826,16
v100_usm_sort_wg128.json,Clang-SYCL,sort,double,4194304,,35047351.4125,93500145.5750001,2871807116.902315,16
v100_usm_sort_wg128.json,Clang-SYCL,sort,double,8388608,,68995275.46249999,260194164.22500116,2917692415.8941603,16
v100_usm_sort_wg128.json,Clang-SYCL,sort,double,16777216,,138269690.88,643262552.4499983,2911860977.3542185,16
v100_usm_sort_wg128.json,Clang-SYCL,sort,double,33554432,,281811523.95000005,1436029929.6000051,2857370532.2725906,16
v100_usm_sort_wg128.json,Clang-SYCL,sort,double,67108864,,576841928.0999999,3047430404.0000105,2791794197.960722,16
v100_usm_sort_wg128.json,Clang-SYCL,sort,double,134217728,,1187510600.65,6355373666.499987,2711322771.398151,16
v100_usm_sort_wg128.json,Clang-SYCL,sort,double,268435456,,2883765932.0,13821808983.750032,2233955025.0420475,16
v100_usm_sort_wg256.json,Clang-SYCL,sort,double,8,,235085.0,72185.49999998824,914437.7147170252,16
v100_usm_sort_wg256.json,Clang-SYCL,sort,double,16,,141141.83115543323,49412.834938101834,2886879.2384344675,16
v100_usm_sort_wg256.json,Clang-SYCL,sort,double,32,,179409.94849865267,54801.90539586812,4413196.820482701,16
v100_usm_sort_wg256.json,Clang-SYCL,sort,double,64,,225598.2342868661,61154.21297340862,6911296.034251079,16
v100_usm_sort_wg256.json,Clang-SYCL,sort,double,128,,279921.3186461044,68970.08141397967,11058943.964092165,16
v100_usm_sort_wg256.json,Clang-SYCL,sort,double,256,,341459.3177935076,78175.45655357596,18056635.058669157,16
v100_usm_sort_wg256.json,Clang-SYCL,sort,double,512,,410531.349355216,89903.01421453687,29982101.772971645,16
v100_usm_sort_wg256.json,Clang-SYCL,sort,double,1024,,488579.29747899144,104440.4907212886,50326011.38531016,16
v100_usm_sort_wg256.json,Clang-SYCL,sort,double,2048,,575529.8878600823,126305.82399176975,85438444.49029675,16
v100_usm_sort_wg256.json,Clang-SYCL,sort,double,4096,,671549.8021634611,155488.87555288392,146391490.6039279,16
v100_usm_sort_wg256.json,Clang-SYCL,sort,double,8192,,783853.0341354213,205562.65612758812,250829328.7226023,16
v100_usm_sort_wg256.json,Clang-SYCL,sort,double,16384,,923354.1345292958,296789.0193548405,425783305.48638904,16
v100_usm_sort_wg256.json,Clang-SYCL,sort,double,32768,,1071380.0776416538,455907.58441807074,733981421.0103719,16
v100_usm_sort_wg256.json,Clang-SYCL,sort,double,65536,,1308202.3458333346,949099.2930555537,1202277875.0730314,16
v100_usm_sort_wg256.json,Clang-SYCL,sort,double,131072,,1646870.5457058824,1777577.2191176405,1909628209.9603176,16
v100_usm_sort_wg256.json,Clang-SYCL,sort,double,262144,,3066148.2657200797,4533282.217038535,2049196797.9244132,16
v100_usm_sort_wg256.json,Clang-SYCL,sort,double,524288,,4890466.753436426,10258364.68041237,2434970930.529156,16
v100_usm_sort_wg256.json,Clang-SYCL,sort,double,1048576,,10361122.05384616,20903019.957692236,2422812365.21295,16
v100_usm_sort_wg256.json,Clang-SYCL,sort,double,2097152,,18411068.901315786,40117157.57894735,2733038503.2233777,16
v100_usm_sort_wg256.json,Clang-SYCL,sort,double,4194304,,34814521.825,93649479.14375019,2890738282.2612286,16
v100_usm_sort_wg256.json,Clang-SYCL,sort,double,8388608,,68548220.30000001,259403659.3374998,2936194012.455353,16
v100_usm_sort_wg256.json,Clang-SYCL,sort,double,16777216,,137438670.07,635633669.4750013,2929447965.9354396,16
v100_usm_sort_wg256.json,Clang-SYCL,sort,double,33554432,,280535064.4,1430381392.1499968,2870392202.4402,16
v100_usm_sort_wg256.json,Clang-SYCL,sort,double,67108864,,574789010.25,3032137617.249994,2801681680.808499,16
v100_usm_sort_wg256.json,Clang-SYCL,sort,double,134217728,,1183860797.65,6322212008.249994,2720196547.5400124,16
v100_usm_sort_wg256.json,Clang-SYCL,sort,double,268435456,,2868307698.75,13646853531.499971,2245700589.860019,16
v100_usm_sort_wg32.json,Clang-SYCL,sort,double,8,,411907.75,170215.50000007046,514859.96821240673,16
v100_usm_sort_wg32.json,Clang-SYCL,sort,double,16,,140274.46936930425,48943.67123535365,2901961.021233365,16
v100_usm_sort_wg32.json,Clang-SYCL,sort,double,32,,179058.22086321667,54194.804751536896,4421404.915811809,16
v100_usm_sort_wg32.json,Clang-SYCL,sort,double,64,,225465.44249717303,60767.63321757377,6918419.263117414,16
v100_usm_sort_wg32.json,Clang-SYCL,sort,double,128,,279936.8293587165,68142.54318637279,11055411.369541328,16
v100_usm_sort_wg32.json,Clang-SYCL,sort,double,256,,342810.09473877796,78719.56873926919,17986623.665992837,16
v100_usm_sort_wg32.json,Clang-SYCL,sort,double,512,,413825.6818718633,92351.75265721914,29738291.66855231,16
v100_usm_sort_wg32.json,Clang-SYCL,sort,double,1024,,493468.08859223314,107145.06030619881,49832357.1253411,16
v100_usm_sort_wg32.json,Clang-SYCL,sort,double,2048,,581573.2570510164,127184.27799668275,84517527.96450624,16
v100_usm_sort_wg32.json,Clang-SYCL,sort,double,4096,,677045.5125121006,155635.71171345562,145207081.8516398,16
v100_usm_sort_wg32.json,Clang-SYCL,sort,double,8192,,792604.4640633827,205942.61148839764,248051198.23559302,16
v100_usm_sort_wg32.json,Clang-SYCL,sort,double,16384,,928354.0945990732,299047.97548045043,419491442.362798,16
v100_usm_sort_wg32.json,Clang-SYCL,sort,double,32768,,1085972.5336046512,460145.049302325,724152540.2526469,16
v100_usm_sort_wg32.json,Clang-SYCL,sort,double,65536,,1312705.4742268026,939152.9215089012,1197840601.3115969,16
v100_usm_sort_wg32.json,Clang-SYCL,sort,double,131072,,1657298.355601415,1783028.3058962254,1897543159.45709,16
v100_usm_sort_wg32.json,Clang-SYCL,sort,double,262144,,3037841.915322582,4534494.55403226,2069620000.2221992,16
v100_usm_sort_wg32.json,Clang-SYCL,sort,double,524288,,4775759.081788084,9168717.807947036,2634382926.548431,16
v100_usm_sort_wg32.json,Clang-SYCL,sort,double,1048576,,9230605.952614373,20508107.580065392,2720453171.993534,16
v100_usm_sort_wg32.json,Clang-SYCL,sort,double,2097152,,18627453.123333335,42456322.04999983,2701260645.3799877,16
v100_usm_sort_wg32.json,Clang-SYCL,sort,double,4194304,,36090025.839743584,105572297.23076908,2788365898.8943353,16
v100_usm_sort_wg32.json,Clang-SYCL,sort,double,8388608,,72761353.2236842,284705884.19736826,2766618002.646511,16
v100_usm_sort_wg32.json,Clang-SYCL,sort,double,16777216,,147437586.5,714280819.0000001,2730698622.5427866,16
v100_usm_sort_wg32.json,Clang-SYCL,sort,double,33554432,,301170981.83,1662816895.9500017,2673808997.4598603,16
v100_usm_sort_wg32.json,Clang-SYCL,sort,double,67108864,,615863746.75,3441314442.7499914,2614852605.2288256,16
v100_usm_sort_wg32.json,Clang-SYCL,sort,double,134217728,,1192280924.25,6503024300.499959,2654869083.690055,16
v100_usm_sort_wg32.json,Clang-SYCL,sort,double,268435456,,2670339886.5,15669714388.50004,2328584447.848605,16
v100_usm_sort_wg512.json,Clang-SYCL,sort,double,8,,383073.75,148688.49999988277,551550.5844853716,16
v100_usm_sort_wg512.json,Clang-SYCL,sort,double,16,,145482.42593273765,47006.72383079353,2802708.2123921104,16
v100_usm_sort_wg512.json,Clang-SYCL,sort,double,32,,183916.44791474807,51956.817346401906,4305890.902172273,16
v100_usm_sort_wg512.json,Clang-SYCL,sort,double,64,,229714.3835330808,58322.89032999521,6789998.675060571,16
v100_usm_sort_wg512.json,Clang-SYCL,sort,double,128,,281466.7520330112,65597.74658816421,10998698.015415959,16
v100_usm_sort_wg512.json,Clang-SYCL,sort,double,256,,340824.52331467485,74541.95357751293,18092805.39222444,16
v100_usm_sort_wg512.json,Clang-SYCL,sort,double,512,,407705.84293414885,85196.16950757636,30190753.791413415,16
v100_usm_sort_wg512.json,Clang-SYCL,sort,double,1024,,481528.7421794436,98039.64523891393,51068388.39181779,16
v100_usm_sort_wg512.json,Clang-SYCL,sort,double,2048,,567076.253752536,118061.86182555818,86689436.60681209,16
v100_usm_sort_wg512.json,Clang-SYCL,sort,double,4096,,663412.7438330175,146968.76067362278,148155703.66106457,16
v100_usm_sort_wg512.json,Clang-SYCL,sort,double,8192,,778988.4094602113,198364.70520311757,252329501.04756582,16
v100_usm_sort_wg512.json,Clang-SYCL,sort,double,16384,,910539.9002599092,284434.19623132,431862399.6837994,16
v100_usm_sort_wg512.json,Clang-SYCL,sort,double,32768,,1068707.7163093407,437697.5869065842,735460351.8390626,16
v100_usm_sort_wg512.json,Clang-SYCL,sort,double,65536,,1299519.497691598,889605.3134810664,1209015419.04267,16
v100_usm_sort_wg512.json,Clang-SYCL,sort,double,131072,,1638975.1013824882,1677371.9862327238,1918305321.594123,16
v100_usm_sort_wg512.json,Clang-SYCL,sort,double,262144,,3122236.3262626287,4522855.704040411,2012865186.7139711,16
v100_usm_sort_wg512.json,Clang-SYCL,sort,double,524288,,4748397.91467577,9131379.80716724,2642689061.5070333,16
v100_usm_sort_wg512.json,Clang-SYCL,sort,double,1048576,,9396509.793333337,20656996.263333365,2599811108.7259684,16
v100_usm_sort_wg512.json,Clang-SYCL,sort,double,2097152,,18342491.50328947,39344889.37499994,2742244644.4570484,16
v100_usm_sort_wg512.json,Clang-SYCL,sort,double,4194304,,34680306.39375,93389522.71250013,2902277813.801489,16
v100_usm_sort_wg512.json,Clang-SYCL,sort,double,8388608,,72387429.5,285661213.5210522,2781175777.8503103,16
v100_usm_sort_wg512.json,Clang-SYCL,sort,double,16777216,,146578431.125,712132890.2249985,2746495152.3709025,16
v100_usm_sort_wg512.json,Clang-SYCL,sort,double,33554432,,299544890.3,1586183324.3499975,2688227625.4317837,16
v100_usm_sort_wg512.json,Clang-SYCL,sort,double,67108864,,612665855.125,3587309817.2500024,2628293458.767338,16
v100_usm_sort_wg512.json,Clang-SYCL,sort,double,134217728,,1261914682.75,7417444101.749992,2552512943.528819,16
v100_usm_sort_wg512.json,Clang-SYCL,sort,double,268435456,,2625119291.25,15667981824.900032,2452581762.380699,16
v100_usm_sort_wg64.json,Clang-SYCL,sort,double,8,,399666.5,172820.00000001796,534944.9133256178,16
v100_usm_sort_wg64.json,Clang-SYCL,sort,double,16,,144777.8552301253,47089.71861924685,2814752.4791019084,16
v100_usm_sort_wg64.json,Clang-SYCL,sort,double,32,,182135.9642623586,52083.45082396029,4344342.205377871,16
v100_usm_sort_wg64.json,Clang-SYCL,sort,double,64,,222562.93512965913,60687.74574554278,7007282.221073461,16
v100_usm_sort_wg64.json,Clang-SYCL,sort,double,128,,276377.3532414749,68436.36300555123,11191208.137167823,16
v100_usm_sort_wg64.json,Clang-SYCL,sort,double,256,,339067.36263068346,79727.71492827625,18185555.086775996,16
v100_usm_sort_wg64.json,Clang-SYCL,sort,double,512,,407914.56595806626,91767.97175305795,30163572.71585638,16
v100_usm_sort_wg64.json,Clang-SYCL,sort,double,1024,,484953.2577854671,106501.37188581363,50710703.99534739,16
v100_usm_sort_wg64.json,Clang-SYCL,sort,double,2048,,572912.939701065,125551.83947583952,85817322.76910406,16
v100_usm_sort_wg64.json,Clang-SYCL,sort,double,4096,,668521.8524082022,155438.72124463593,147042870.8990438,16
v100_usm_sort_wg64.json,Clang-SYCL,sort,double,8192,,780462.0993322202,205337.0175292173,251862374.60196584,16
v100_usm_sort_wg64.json,Clang-SYCL,sort,double,16384,,915774.6512770134,296137.1167648983,429359245.0719411,16
v100_usm_sort_wg64.json,Clang-SYCL,sort,double,32768,,1067935.4363981755,458756.82135258225,732535076.5052032,16
v100_usm_sort_wg64.json,Clang-SYCL,sort,double,65536,,1300496.526462395,949397.8370937775,1209413709.1358974,16
v100_usm_sort_wg64.json,Clang-SYCL,sort,double,131072,,1639939.287499999,1782736.3662383114,1917979001.8090434,16
v100_usm_sort_wg64.json,Clang-SYCL,sort,double,262144,,3064173.5015495876,4602633.045454548,2046473709.8070245,16
v100_usm_sort_wg64.json,Clang-SYCL,sort,double,524288,,4733823.020034842,9263978.475609735,2655399139.314413,16
v100_usm_sort_wg64.json,Clang-SYCL,sort,double,1048576,,8956249.734076433,20840001.344904438,2804938999.933672,16
v100_usm_sort_wg64.json,Clang-SYCL,sort,double,2097152,,18581056.042253524,42460743.94366187,2708692703.1662164,16
v100_usm_sort_wg64.json,Clang-SYCL,sort,double,4194304,,35905424.76282051,105661513.24999997,2800374558.628215,16
v100_usm_sort_wg64.json,Clang-SYCL,sort,double,8388608,,72332674.34210527,285665692.6052621,2783139912.8895745,16
v100_usm_sort_wg64.json,Clang-SYCL,sort,double,16777216,,146574656.875,716300509.4549997,2746864805.8689423,16
v100_usm_sort_wg64.json,Clang-SYCL,sort,double,33554432,,299795787.6,1594503534.8000004,2674235633.1615024,16
v100_usm_sort_wg64.json,Clang-SYCL,sort,double,67108864,,612674617.65,3627469660.000031,2628707255.5343585,16
v100_usm_sort_wg64.json,Clang-SYCL,sort,double,134217728,,1261417012.75,7451494066.999998,2552518151.0454135,16
v100_usm_sort_wg64.json,Clang-SYCL,sort,double,268435456,,2623552513.75,15791676776.400026,2453093106.619364,16
v100_usm_wg1024.json,Clang-SYCL,find,double,8,,173243.0,51056.999999854466,1157972.0478414006,11
v100_usm_wg1024.json,Clang-SYCL,find,double,16,,89466.69361211728,47291.55795192623,4499534.802666832,11
v100_usm_wg1024.json,Clang-SYCL,find,double,32,,68923.34985575674,38807.259900340905,10873040.45221422,11
v100_usm_wg1024.json,Clang-SYCL,find,double,64,,70162.40681565394,38922.22580645163,22156543.235823024,11
v100_usm_wg1024.json,Clang-SYCL,find,double,128,,68961.750489124,38328.32259178277,44665065.43073282,11
v100_usm_wg1024.json,Clang-SYCL,find,double,256,,69046.74184270561,38355.332996132136,89259638.50472361,11
v100_usm_wg1024.json,Clang-SYCL,find,double,512,,68341.18832373338,38042.8810895247,175926377.49360448,11
v100_usm_wg1024.json,Clang-SYCL,find,double,1024,,68716.25347256396,38366.17131317097,357718022.18155867,11
v100_usm_wg1024.json,Clang-SYCL,find,double,2048,,68629.98856081346,38698.376026593716,716232740.169595,11
v100_usm_wg1024.json,Clang-SYCL,find,double,4096,,68997.99832318601,39398.89446052493,1419603532.373611,11
v100_usm_wg1024.json,Clang-SYCL,find,double,8192,,68788.58909632562,40637.881549156016,2852244728.273431,11
v100_usm_wg1024.json,Clang-SYCL,find,double,16384,,68821.48605951687,42999.227142001226,5699219828.681172,11
v100_usm_wg1024.json,Clang-SYCL,find,double,32768,,69830.76817327658,48118.0862229255,10935719580.621078,11
v100_usm_wg1024.json,Clang-SYCL,find,double,65536,,77924.82620107266,57072.42001597631,20096173792.058964,11
v100_usm_wg1024.json,Clang-SYCL,find,double,131072,,76409.47664379005,74348.81359309278,40993151068.43493,11
v100_usm_wg1024.json,Clang-SYCL,find,double,262144,,78585.93513635853,113421.80106370877,79956682076.66661,11
v100_usm_wg1024.json,Clang-SYCL,find,double,524288,,81029.33515715947,190371.4703143194,155039820595.32532,11
v100_usm_wg1024.json,Clang-SYCL,find,double,1048576,,88826.04210801625,349315.4137570286,276099112466.62494,11
v100_usm_wg1024.json,Clang-SYCL,find,double,2097152,,95082.851619959,689834.3581408059,528374375265.2311,11
v100_usm_wg1024.json,Clang-SYCL,find,double,4194304,,118921.13099052545,1416595.4080964683,845808030783.2771,11
v100_usm_wg1024.json,Clang-SYCL,find,double,8388608,,197885.5027684819,2965303.8512321203,1009902259891.4556,11
v100_usm_wg1024.json,Clang-SYCL,find,double,16777216,,365745.2290968093,5957677.136289887,1093882095703.3132,11
v100_usm_wg1024.json,Clang-SYCL,find,double,33554432,,586308.3704809287,12047077.646766193,1373011301972.5647,11
v100_usm_wg1024.json,Clang-SYCL,find,double,67108864,,904475.2067183455,24560654.22351418,1780406772672.2017,11
v100_usm_wg1024.json,Clang-SYCL,find,double,134217728,,1613188.0274599534,49361288.01235701,1995186604594.454,11
v100_usm_wg1024.json,Clang-SYCL,find,double,268435456,,2848259.0081300815,98029395.01219505,2261538413042.605,11
v100_usm_wg1024.json,Clang-SYCL,for_each,double,8,,20698.35936913268,11741.427562899169,10423634.574055368,11
v100_usm_wg1024.json,Clang-SYCL,for_each,double,16,,20706.714062083054,11812.82300097775,19693718.44011998,11
v100_usm_wg1024.json,Clang-SYCL,for_each,double,32,,20629.64814214565,11780.911194271768,38375216.87664793,11
v100_usm_wg1024.json,Clang-SYCL,for_each,double,64,,20713.708967102837,11866.067645325395,75303261.42475742,11
v100_usm_wg1024.json,Clang-SYCL,for_each,double,128,,20816.324792042815,11843.922175187352,148721212.49864495,11
v100_usm_wg1024.json,Clang-SYCL,for_each,double,256,,20706.940122648255,11797.132489879457,297798849.859236,11
v100_usm_wg1024.json,Clang-SYCL,for_each,double,512,,20628.20753162701,11754.166902030005,596730552.5188625,11
v100_usm_wg1024.json,Clang-SYCL,for_each,double,1024,,20656.081475138773,11766.30203732059,1190745837.1521063,11
v100_usm_wg1024.json,Clang-SYCL,for_each,double,2048,,20998.313308956906,11931.03064894929,2330418906.5681753,11
v100_usm_wg1024.json,Clang-SYCL,for_each,double,4096,,20644.03821770859,11708.184118018731,4756504003.509954,11
v100_usm_wg1024.json,Clang-SYCL,for_each,double,8192,,20720.47913351028,11734.446772768944,9489402410.042936,11
v100_usm_wg1024.json,Clang-SYCL,for_each,double,16384,,20766.632564772975,11769.43017589576,18923525768.730553,11
v100_usm_wg1024.json,Clang-SYCL,for_each,double,32768,,20786.029389483745,11784.23358883183,37817580930.726776,11
v100_usm_wg1024.json,Clang-SYCL,for_each,double,65536,,20796.63342490296,11814.14737533689,75584964065.7384,11
v100_usm_wg1024.json,Clang-SYCL,for_each,double,131072,,21077.019848247626,12088.529790437387,149083672554.06232,11
v100_usm_wg1024.json,Clang-SYCL,for_each,double,262144,,23438.766862876208,14432.2665016739,268401419892.477,11
v100_usm_wg1024.json,Clang-SYCL,for_each,double,524288,,25728.229794846327,16730.952498761617,488867935106.90063,11
v100_usm_wg1024.json,Clang-SYCL,for_each,double,1048576,,32834.265895683246,23783.831444892872,761260599461.6654,11
v100_usm_wg1024.json,Clang-SYCL,for_each,double,2097152,,45451.678565861206,36434.74425825212,1106746036089.2417,11
v100_usm_wg1024.json,Clang-SYCL,for_each,double,4194304,,70958.10271071567,61770.272236338504,1408891395211.4778,11
v100_usm_wg1024.json,Clang-SYCL,for_each,double,8388608,,125419.5042998899,111041.94707828535,1604553215139.3735,11
v100_usm_wg1024.json,Clang-SYCL,for_each,double,16777216,,226289.8073663627,212125.09667534946,1778978417173.0037,11
v100_usm_wg1024.json,Clang-SYCL,for_each,double,33554432,,428925.46049079765,414310.3055214829,1877000663290.1294,11
v100_usm_wg1024.json,Clang-SYCL,for_each,double,67108864,,835318.5028915664,818013.2060241627,1928112279510.4417,11
v100_usm_wg1024.json,Clang-SYCL,for_each,double,134217728,,1739031.6069651744,1606611.4502487876,1852156931106.4673,11
v100_usm_wg1024.json,Clang-SYCL,for_each,double,268435456,,3360274.780748664,3227244.7486632015,1917115339944.5461,11
v100_usm_wg1024.json,Clang-SYCL,inclusive_scan,double,8,,218862.2603056974,122577.2524316811,972903.2658783168,11
v100_usm_wg1024.json,Clang-SYCL,inclusive_scan,double,16,,260305.19412421022,145563.91409447452,1566011.7798487435,11
v100_usm_wg1024.json,Clang-SYCL,inclusive_scan,double,32,,328837.4721496951,174794.76022629061,2408484.6377831954,11
v100_usm_wg1024.json,Clang-SYCL,inclusive_scan,double,64,,355832.9803611737,200519.17437924488,4344723.835442084,11
v100_usm_wg1024.json,Clang-SYCL,inclusive_scan,double,128,,399890.11661971814,226004.40957747604,7483711.513875643,11
v100_usm_wg1024.json,Clang-SYCL,inclusive_scan,double,256,,428683.65790123417,242647.29135803677,14381115.247531326,11
v100_usm_wg1024.json,Clang-SYCL,inclusive_scan,double,512,,468968.59899999946,263650.07699996565,24811951.739211515,11
v100_usm_wg1024.json,Clang-SYCL,inclusive_scan,double,1024,,626319.2207697894,307720.068845304,38804548.28043724,11
v100_usm_wg1024.json,Clang-SYCL,inclusive_scan,double,2048,,670869.416826004,335381.7495220317,73057498.43916905,11
v100_usm_wg1024.json,Clang-SYCL,inclusive_scan,double,4096,,734172.4213685485,361983.03121250344,133868500.34799133,11
v100_usm_wg1024.json,Clang-SYCL,inclusive_scan,double,8192,,796398.3454133624,386024.50509624404,245650948.30430484,11
v100_usm_wg1024.json,Clang-SYCL,inclusive_scan,double,16384,,869544.3541401278,413336.94522300165,450547540.3235716,11
v100_usm_wg1024.json,Clang-SYCL,inclusive_scan,double,32768,,959961.165753425,438348.4142465944,819171059.8726926,11
v100_usm_wg1024.json,Clang-SYCL,inclusive_scan,double,65536,,1090657.8072100317,461154.0203762468,1440863094.5339818,11
v100_usm_wg1024.json,Clang-SYCL,inclusive_scan,double,131072,,1315224.883239172,484824.0470809409,2388849300.8736444,11
v100_usm_wg1024.json,Clang-SYCL,inclusive_scan,double,262144,,1599820.2765957438,522853.32293140265,3909597324.8010774,11
v100_usm_wg1024.json,Clang-SYCL,inclusive_scan,double,524288,,2254585.358064516,584149.4193547195,5577470944.704282,11
v100_usm_wg1024.json,Clang-SYCL,inclusive_scan,double,1048576,,3230264.093023255,791840.8372091128,7785233350.269416,11
v100_usm_wg1024.json,Clang-SYCL,inclusive_scan,double,2097152,,5354033.151515153,1118256.4606056903,9394190675.453484,11
v100_usm_wg1024.json,Clang-SYCL,inclusive_scan,double,4194304,,11057843.593220335,1724492.525423649,9102053843.796753,11
v100_usm_wg1024.json,Clang-SYCL,inclusive_scan,double,8388608,,19540636.909090906,3084643.278787029,10111954965.106476,11
v100_usm_wg1024.json,Clang-SYCL,inclusive_scan,double,16777216,,41905608.058823526,6516796.564705254,9603229753.800968,11
v100_usm_wg1024.json,Clang-SYCL,inclusive_scan,double,33554432,,79903410.375,11801066.850000555,9991020811.449038,11
v100_usm_wg1024.json,Clang-SYCL,inclusive_scan,double,67108864,,154370883.0,22177664.74998939,10388756444.921854,11
v100_usm_wg1024.json,Clang-SYCL,inclusive_scan,double,134217728,,309194302.4,42873183.00004017,10403938587.585629,11
v100_usm_wg1024.json,Clang-SYCL,inclusive_scan,double,268435456,,616531399.0,85270610.9999417,10433347597.775457,11
v100_usm_wg1024.json,Clang-SYCL,reduce,double,8,,87382.54790471199,46772.05073899844,2355951.957967333,11
v100_usm_wg1024.json,Clang-SYCL,reduce,double,16,,73523.80709094899,40920.48337371165,5532841.4567853315,11
v100_usm_wg1024.json,Clang-SYCL,reduce,double,32,,75414.82451747487,43039.64840897985,10139262.688279966,11
v100_usm_wg1024.json,Clang-SYCL,reduce,double,64,,72523.31802474627,40197.29327834387,21502068.28519094,11
v100_usm_wg1024.json,Clang-SYCL,reduce,double,128,,71807.55033078845,39710.65689567912,43115161.85285365,11
v100_usm_wg1024.json,Clang-SYCL,reduce,double,256,,70165.05925005181,38714.266003729994,87222437.57097702,11
v100_usm_wg1024.json,Clang-SYCL,reduce,double,512,,70000.20669371175,38675.27302231682,175362037.84554267,11
v100_usm_wg1024.json,Clang-SYCL,reduce,double,1024,,70456.19506699141,38737.51197726432,347471474.7357718,11
v100_usm_wg1024.json,Clang-SYCL,reduce,double,2048,,80664.71298612661,41070.93904935219,608581947.7896199,11
v100_usm_wg1024.json,Clang-SYCL,reduce,double,4096,,80910.067401392,41079.47958237228,1215259287.817623,11
v100_usm_wg1024.json,Clang-SYCL,reduce,double,8192,,80719.16535341831,41063.884797219005,2435456113.588306,11
v100_usm_wg1024.json,Clang-SYCL,reduce,double,16384,,80061.46088248726,40564.83779150234,4907644045.876911,11
v100_usm_wg1024.json,Clang-SYCL,reduce,double,32768,,80332.76627693743,40914.91056854416,9788983331.126097,11
v100_usm_wg1024.json,Clang-SYCL,reduce,double,65536,,81546.15792487394,41514.25538250233,18849476321.77023,11
v100_usm_wg1024.json,Clang-SYCL,reduce,double,131072,,80525.14055023968,40936.80143539771,39030444300.66801,11
v100_usm_wg1024.json,Clang-SYCL,reduce,double,262144,,83863.13430517381,44084.909547136755,73253513837.78984,11
v100_usm_wg1024.json,Clang-SYCL,reduce,double,524288,,87898.31029430343,48440.71873184414,143104739674.17804,11
v100_usm_wg1024.json,Clang-SYCL,reduce,double,1048576,,98113.41696672884,58547.846031972425,256210125389.85034,11
v100_usm_wg1024.json,Clang-SYCL,reduce,double,2097152,,125038.82363800902,78131.26515837178,402457594402.6024,11
v100_usm_wg1024.json,Clang-SYCL,reduce,double,4194304,,160683.94453165864,113645.8869701701,626410890572.7333,11
v100_usm_wg1024.json,Clang-SYCL,reduce,double,8388608,,233668.5601993591,184786.06443572245,861260126312.1494,11
v100_usm_wg1024.json,Clang-SYCL,reduce,double,16777216,,391451.46166854573,321253.2919954883,1028309066147.9156,11
v100_usm_wg1024.json,Clang-SYCL,reduce,double,33554432,,676960.5317220546,605741.4078549376,1189497664276.4077,11
v100_usm_wg1024.json,Clang-SYCL,reduce,double,67108864,,1251392.12087912,1173901.9358974923,1286819641542.1697,11
v100_usm_wg1024.json,Clang-SYCL,reduce,double,134217728,,2406098.7722007735,2313466.185328287,1331070682157.518,11
v100_usm_wg1024.json,Clang-SYCL,reduce,double,268435456,,4746643.041666665,4583928.541666342,1352106519506.5625,11
v100_usm_wg1024.json,Clang-SYCL,sort,double,8,,396344.75,161427.49999997765,537367.03701246,16
v100_usm_wg1024.json,Clang-SYCL,sort,double,16,,148811.6323288695,48696.91331845242,2714609.565571067,16
v100_usm_wg1024.json,Clang-SYCL,sort,double,32,,183050.55620562728,52261.57734025775,4325153.556099493,16
v100_usm_wg1024.json,Clang-SYCL,sort,double,64,,229572.40860434694,59609.04706651416,6748312.479620746,16
v100_usm_wg1024.json,Clang-SYCL,sort,double,128,,281506.93926922325,69256.28483236278,10979877.491168205,16
v100_usm_wg1024.json,Clang-SYCL,sort,double,256,,342649.56068711635,77774.1681595091,17992197.349130064,16
v100_usm_wg1024.json,Clang-SYCL,sort,double,512,,412215.8633215446,89779.52671676963,29844461.17367987,16
v100_usm_wg1024.json,Clang-SYCL,sort,double,1024,,490949.98520658235,105382.86230742245,50094750.86782101,16
v100_usm_wg1024.json,Clang-SYCL,sort,double,2048,,579245.9696938357,126636.24151841221,84887698.27845861,16
v100_usm_wg1024.json,Clang-SYCL,sort,double,4096,,677369.333888889,156431.2632850245,145080537.6995319,16
v100_usm_wg1024.json,Clang-SYCL,sort,double,8192,,791551.5696559504,207438.27650874385,248350363.95259157,16
v100_usm_wg1024.json,Clang-SYCL,sort,double,16384,,926081.9255636602,297911.3698607406,424564680.2642149,16
v100_usm_wg1024.json,Clang-SYCL,sort,double,32768,,1080895.5540123447,457464.26967592374,727579959.3361177,16
v100_usm_wg1024.json,Clang-SYCL,sort,double,65536,,1315266.3089755645,936173.3703007516,1195631440.3809767,16
v100_usm_wg1024.json,Clang-SYCL,sort,double,131072,,1672493.8058263971,1774804.4135552929,1880262726.610865,16
v100_usm_wg1024.json,Clang-SYCL,sort,double,262144,,3086827.3343621413,4495961.488683123,2033633594.4676442,16
v100_usm_wg1024.json,Clang-SYCL,sort,double,524288,,5466675.297744362,13462328.822368426,2292529112.156986,16
v100_usm_wg1024.json,Clang-SYCL,sort,double,1048576,,10525563.792338714,20012469.96774196,2385565658.489622,16
v100_usm_wg1024.json,Clang-SYCL,sort,double,2097152,,20287720.335820902,40340646.7014926,2475712555.9825087,16
v100_usm_wg1024.json,Clang-SYCL,sort,double,4194304,,38525052.534722224,92936274.40138867,2612048520.498001,16
v100_usm_wg1024.json,Clang-SYCL,sort,double,8388608,,74506227.7638889,288934611.8333332,2701517458.2062263,16
v100_usm_wg1024.json,Clang-SYCL,sort,double,16777216,,148964087.3333333,713310680.7222241,2702651936.9277782,16
v100_usm_wg1024.json,Clang-SYCL,sort,double,33554432,,302023356.35,1599322102.800005,2666130388.6659384,16
v100_usm_wg1024.json,Clang-SYCL,sort,double,67108864,,613399644.5,3498268462.5,2625614994.7499485,16
v100_usm_wg1024.json,Clang-SYCL,sort,double,134217728,,1261575049.0,7468173087.000025,2547021438.284506,16
v100_usm_wg1024.json,Clang-SYCL,sort,double,268435456,,2632647047.25,15916720248.99995,2444340891.829397,16
v100_usm_wg1024_fixed.json,Clang-SYCL,inclusive_scan,double,8,,375024.5,158902.0000000163,564257.3875008742,16
v100_usm_wg1024_fixed.json,Clang-SYCL,inclusive_scan,double,16,,156764.36032886046,67796.57678132679,2582836.7326508537,16
v100_usm_wg1024_fixed.json,Clang-SYCL,inclusive_scan,double,32,,172250.96475633993,68882.15770760819,4574219.328627518,16
v100_usm_wg1024_fixed.json,Clang-SYCL,inclusive_scan,double,64,,190951.51709490234,74397.59863240781,8139053.948877896,16
v100_usm_wg1024_fixed.json,Clang-SYCL,inclusive_scan,double,128,,211540.14434955007,82758.80379746853,14548425.846916389,16
v100_usm_wg1024_fixed.json,Clang-SYCL,inclusive_scan,double,256,,226372.15668899368,86988.6718410573,27215155.339053415,16
v100_usm_wg1024_fixed.json,Clang-SYCL,inclusive_scan,double,512,,200593.08908341912,61670.78231204931,61322332.66197425,16
v100_usm_wg1024_fixed.json,Clang-SYCL,inclusive_scan,double,1024,,215663.00939277484,64150.12663335928,114047184.65831393,16
v100_usm_wg1024_fixed.json,Clang-SYCL,inclusive_scan,double,2048,,231545.26716862433,65852.8623614101,212073893.23571485,16
v100_usm_wg1024_fixed.json,Clang-SYCL,inclusive_scan,double,4096,,256487.39352230853,73559.46904420819,382798047.64070034,16
v100_usm_wg1024_fixed.json,Clang-SYCL,inclusive_scan,double,8192,,299274.17404726415,89648.25479029221,656872818.5657784,16
v100_usm_wg1024_fixed.json,Clang-SYCL,inclusive_scan,double,16384,,365703.54215934663,115798.73493806415,1074794041.4634883,16
v100_usm_wg1024_fixed.json,Clang-SYCL,inclusive_scan,double,32768,,459526.34515599336,140921.10131362913,1710393388.039122,16
v100_usm_wg1024_fixed.json,Clang-SYCL,inclusive_scan,double,65536,,622940.0833704355,172009.1256678526,2523692706.172288,16
v100_usm_wg1024_fixed.json,Clang-SYCL,inclusive_scan,double,131072,,965376.7699733692,228171.54410785635,3246612209.8056855,16
v100_usm_wg1024_fixed.json,Clang-SYCL,inclusive_scan,double,262144,,1405860.9545682722,252327.57339357247,4474443119.455332,16
v100_usm_wg1024_fixed.json,Clang-SYCL,inclusive_scan,double,524288,,2304879.914884872,306074.8988486838,5459033699.475276,16
v100_usm_wg1024_fixed.json,Clang-SYCL,inclusive_scan,double,1048576,,4286863.734968355,609292.4813291287,5862202680.387293,16
v100_usm_wg1024_fixed.json,Clang-SYCL,inclusive_scan,double,2097152,,8076116.8045977,1009570.5416667126,6214493330.6124325,16
v100_usm_wg1024_fixed.json,Clang-SYCL,inclusive_scan,double,4194304,,15829273.054794524,1785977.866438245,6354855745.601561,16
v100_usm_wg1024_fixed.json,Clang-SYCL,inclusive_scan,double,8388608,,31297916.93589743,3247249.9628205206,6429938417.96282,16
v100_usm_wg1024_fixed.json,Clang-SYCL,inclusive_scan,double,16777216,,62510133.026190475,6027641.98809526,6429766167.387393,16
v100_usm_wg1024_fixed.json,Clang-SYCL,inclusive_scan,double,33554432,,124592301.80000001,11478016.67500069,6461648115.703921,16
v100_usm_wg1024_fixed.json,Clang-SYCL,inclusive_scan,double,67108864,,249963077.70000005,22220903.509999063,6221823385.89856,16
v100_usm_wg1024_fixed.json,Clang-SYCL,inclusive_scan,double,134217728,,593775757.625,43669318.75000191,5423984659.949104,16
v100_usm_wg1024_fixed.json,Clang-SYCL,inclusive_scan,double,268435456,,936179481.0,86847507.12500389,6873915608.083495,16
v100_usm_wg128.json,Clang-SYCL,find,double,8,,189977.0,71150.99999976948,1101254.2061792598,11
v100_usm_wg128.json,Clang-SYCL,find,double,16,,88296.32626337153,46834.774621910736,4524032.838527767,11
v100_usm_wg128.json,Clang-SYCL,find,double,32,,68559.93700954404,38712.95832449624,11453420.531973815,11
v100_usm_wg128.json,Clang-SYCL,find,double,64,,68898.43372416543,38550.95627980921,22602695.347304266,11
v100_usm_wg128.json,Clang-SYCL,find,double,128,,68983.93431653977,38699.54094823323,44677249.566454194,11
v100_usm_wg128.json,Clang-SYCL,find,double,256,,69182.91729218519,38633.89517172735,89132718.96259311,11
v100_usm_wg128.json,Clang-SYCL,find,double,512,,70422.87587959343,39770.54546520715,171497480.77390277,11
v100_usm_wg128.json,Clang-SYCL,find,double,1024,,69988.77606020556,39806.82361435985,350881317.54233783,11
v100_usm_wg128.json,Clang-SYCL,find,double,2048,,69023.54173747872,39474.245326402175,710295940.8752482,11
v100_usm_wg128.json,Clang-SYCL,find,double,4096,,69346.79612056105,40020.061374713994,1417629480.6721487,11
v100_usm_wg128.json,Clang-SYCL,find,double,8192,,68517.21175665123,40917.72114632236,2863623423.1502986,11
v100_usm_wg128.json,Clang-SYCL,find,double,16384,,69054.52741303855,43607.213199723556,5554368198.9355,11
v100_usm_wg128.json,Clang-SYCL,find,double,32768,,68761.88064741486,48175.84827666501,11426936094.334547,11
v100_usm_wg128.json,Clang-SYCL,find,double,65536,,69004.00975753993,58036.17118076086,22785957685.699177,11
v100_usm_wg128.json,Clang-SYCL,find,double,131072,,70005.31910853498,78473.02468518859,44935087661.09918,11
v100_usm_wg128.json,Clang-SYCL,find,double,262144,,72596.94832795058,120612.4394207734,86636161095.19635,11
v100_usm_wg128.json,Clang-SYCL,find,double,524288,,77506.34407909343,203982.73172628315,162341587511.5871,11
v100_usm_wg128.json,Clang-SYCL,find,double,1048576,,88543.80543959509,370780.91175205586,284215409035.87756,11
v100_usm_wg128.json,Clang-SYCL,find,double,2097152,,103994.85486276858,698670.6127684953,482986514280.8851,11
v100_usm_wg128.json,Clang-SYCL,find,double,4194304,,138422.8231912787,1423984.2431318143,726801738648.4596,11
v100_usm_wg128.json,Clang-SYCL,find,double,8388608,,233640.87089337147,2967666.440922191,859141447857.6628,11
v100_usm_wg128.json,Clang-SYCL,find,double,16777216,,434260.3007211544,5960321.174278847,918720792956.7289,11
v100_usm_wg128.json,Clang-SYCL,find,double,33554432,,734343.5649895187,12138638.380503135,1096110628502.5778,11
v100_usm_wg128.json,Clang-SYCL,find,double,67108864,,1201624.8833619214,24716843.40651808,1340048269670.9243,11
v100_usm_wg128.json,Clang-SYCL,find,double,134217728,,2204225.842073171,49208806.57378049,1461331407127.956,11
v100_usm_wg128.json,Clang-SYCL,find,double,268435456,,4034781.5678160926,95609449.74712639,1596719474789.2388,11
v100_usm_wg128.json,Clang-SYCL,for_each,double,8,,21147.31279494597,11915.42681534345,10185553.427172408,11
v100_usm_wg128.json,Clang-SYCL,for_each,double,16,,21133.371974019614,11918.49095544222,19255855.084766775,11
v100_usm_wg128.json,Clang-SYCL,for_each,double,32,,21100.615396791556,11884.962089433193,37531230.98703346,11
v100_usm_wg128.json,Clang-SYCL,for_each,double,64,,21161.256958280577,11939.261395883237,73629685.08225201,11
v100_usm_wg128.json,Clang-SYCL,for_each,double,128,,21484.444895220124,12176.027544764687,141842932.1475265,11
v100_usm_wg128.json,Clang-SYCL,for_each,double,256,,21077.59959275461,11906.294736204161,292502447.91374314,11
v100_usm_wg128.json,Clang-SYCL,for_each,double,512,,21071.5587372623,11920.345922407752,584095669.4439933,11
v100_usm_wg128.json,Clang-SYCL,for_each,double,1024,,21104.214586221413,11919.876577661647,1164414218.2619047,11
v100_usm_wg128.json,Clang-SYCL,for_each,double,2048,,21164.035793657917,11946.764055770294,2321937753.841177,11
v100_usm_wg128.json,Clang-SYCL,for_each,double,4096,,21142.10061040417,11929.589966289452,4649004702.212005,11
v100_usm_wg128.json,Clang-SYCL,for_each,double,8192,,21221.918746616917,11972.5676309622,9264221312.827362,11
v100_usm_wg128.json,Clang-SYCL,for_each,double,16384,,21127.11597891284,11922.825425681673,18612719872.288673,11
v100_usm_wg128.json,Clang-SYCL,for_each,double,32768,,21220.137320879898,11936.967842040738,37022249533.59098,11
v100_usm_wg128.json,Clang-SYCL,for_each,double,65536,,21237.838113424856,11968.960716560277,74035068972.86288,11
v100_usm_wg128.json,Clang-SYCL,for_each,double,131072,,21801.77068066084,12525.629393865962,144109840035.55087,11
v100_usm_wg128.json,Clang-SYCL,for_each,double,262144,,23902.23111808824,14623.416256762026,262116036853.22607,11
v100_usm_wg128.json,Clang-SYCL,for_each,double,524288,,26155.499405986546,16802.788981635542,480639320923.67285,11
v100_usm_wg128.json,Clang-SYCL,for_each,double,1048576,,33422.27033458652,24038.42215981884,752867641856.8223,11
v100_usm_wg128.json,Clang-SYCL,for_each,double,2097152,,46331.636954072375,36886.61631652151,1086145771644.4476,11
v100_usm_wg128.json,Clang-SYCL,for_each,double,4194304,,72527.52408207332,62650.72915766968,1386855911323.2256,11
v100_usm_wg128.json,Clang-SYCL,for_each,double,8388608,,127318.77678571413,113010.82719494814,1575579432937.4578,11
v100_usm_wg128.json,Clang-SYCL,for_each,double,16777216,,229689.8906508096,215248.83006276828,1752946732605.763,11
v100_usm_wg128.json,Clang-SYCL,for_each,double,33554432,,434318.3496894408,419700.8440993972,1853691738408.8164,11
v100_usm_wg128.json,Clang-SYCL,for_each,double,67108864,,847465.1687041565,829778.4792176173,1900228121858.8337,11
v100_usm_wg128.json,Clang-SYCL,for_each,double,134217728,,1762862.2569269526,1628947.3455920299,1827130606288.5208,11
v100_usm_wg128.json,Clang-SYCL,for_each,double,268435456,,3401204.413043478,3267181.472826115,1893882312261.7751,11
v100_usm_wg128.json,Clang-SYCL,inclusive_scan,double,8,,220061.88638163096,122251.14568489461,976799.5148571008,11
v100_usm_wg128.json,Clang-SYCL,inclusive_scan,double,16,,261730.28777194294,145653.12978243246,1558607.0619122316,11
v100_usm_wg128.json,Clang-SYCL,inclusive_scan,double,32,,305081.6873913047,170626.98999997455,2595517.916150881,11
v100_usm_wg128.json,Clang-SYCL,inclusive_scan,double,64,,346767.0081894426,193674.47035027941,4492817.780830616,11
v100_usm_wg128.json,Clang-SYCL,inclusive_scan,double,128,,390588.3485778029,218659.1026212748,7894970.094995113,11
v100_usm_wg128.json,Clang-SYCL,inclusive_scan,double,256,,430348.74982027354,240752.29978433475,14207557.27021653,11
v100_usm_wg128.json,Clang-SYCL,inclusive_scan,double,512,,472879.1941813265,264111.5439783637,26005185.401216738,11
v100_usm_wg128.json,Clang-SYCL,inclusive_scan,double,1024,,516220.7155719558,289113.932693727,47643536.846065335,11
v100_usm_wg128.json,Clang-SYCL,inclusive_scan,double,2048,,560253.8612903219,310484.7750000589,87769582.25440252,11
v100_usm_wg128.json,Clang-SYCL,inclusive_scan,double,4096,,603444.3319327733,333242.8119747868,162553464.97570655,11
v100_usm_wg128.json,Clang-SYCL,inclusive_scan,double,8192,,655324.2386129331,357575.7851921452,299819525.5354571,11
v100_usm_wg128.json,Clang-SYCL,inclusive_scan,double,16384,,715647.7075180223,380449.18784757936,549170191.7046275,11
v100_usm_wg128.json,Clang-SYCL,inclusive_scan,double,32768,,794912.0559360728,404742.1598174536,986018391.9705529,11
v100_usm_wg128.json,Clang-SYCL,inclusive_scan,double,65536,,914191.7300884959,427325.117994061,1717228764.6758757,11
v100_usm_wg128.json,Clang-SYCL,inclusive_scan,double,131072,,1114506.670399999,450228.61279994686,2822503902.9822245,11
v100_usm_wg128.json,Clang-SYCL,inclusive_scan,double,262144,,1460491.265135699,489939.58872635785,4305319737.83545,11
v100_usm_wg128.json,Clang-SYCL,inclusive_scan,double,524288,,2060965.7382352909,556167.6511764718,6103043148.438656,11
v100_usm_wg128.json,Clang-SYCL,inclusive_scan,double,1048576,,3320242.3829383897,764504.5592420569,7577496811.70749,11
v100_usm_wg128.json,Clang-SYCL,inclusive_scan,double,2097152,,5751362.406504064,1098777.6991868953,8729830079.795404,11
v100_usm_wg128.json,Clang-SYCL,inclusive_scan,double,4194304,,10424792.603278687,1751638.9508202455,9393528282.571821,11
v100_usm_wg128.json,Clang-SYCL,inclusive_scan,double,8388608,,19258830.49999999,3097795.905882643,10378035144.48832,11
v100_usm_wg128.json,Clang-SYCL,inclusive_scan,double,16777216,,40399656.764705874,6565231.882351487,9871490866.023932,11
v100_usm_wg128.json,Clang-SYCL,inclusive_scan,double,33554432,,78587570.55555555,11867298.999997426,10184419316.54585,11
v100_usm_wg128.json,Clang-SYCL,inclusive_scan,double,67108864,,149339822.44000003,22218877.759996757,10606110830.725353,11
v100_usm_wg128.json,Clang-SYCL,inclusive_scan,double,134217728,,308741161.25,43386154.19999315,10372268693.95022,11
v100_usm_wg128.json,Clang-SYCL,inclusive_scan,double,268435456,,621626640.0,85192446.00006458,9819638620.099035,11
v100_usm_wg128.json,Clang-SYCL,reduce,double,8,,74768.24960317432,43223.52361111283,2869508.174749428,11
v100_usm_wg128.json,Clang-SYCL,reduce,double,16,,70400.9427662326,41972.53872924514,5781917.2720583305,11
v100_usm_wg128.json,Clang-SYCL,reduce,double,32,,72481.77392294968,45622.17263878269,10919052.97395183,11
v100_usm_wg128.json,Clang-SYCL,reduce,double,64,,71743.57421059953,45126.41048823445,20589928.57788888,11
v100_usm_wg128.json,Clang-SYCL,reduce,double,128,,77311.51753665708,48309.915894424725,38535428.21782554,11
v100_usm_wg128.json,Clang-SYCL,reduce,double,256,,85431.92837375875,46768.58652124264,69865355.36566298,11
v100_usm_wg128.json,Clang-SYCL,reduce,double,512,,79114.29367648768,43661.703854663574,155158150.64733317,11
v100_usm_wg128.json,Clang-SYCL,reduce,double,1024,,79445.74838855598,44001.58690489221,295016089.1785405,11
v100_usm_wg128.json,Clang-SYCL,reduce,double,2048,,83995.41990204313,45341.1834906164,585460493.6477474,11
v100_usm_wg128.json,Clang-SYCL,reduce,double,4096,,78312.22704257765,43154.825086301746,1252274156.466345,11
v100_usm_wg128.json,Clang-SYCL,reduce,double,8192,,78710.46073216519,43186.09073841993,2485011634.38257,11
v100_usm_wg128.json,Clang-SYCL,reduce,double,16384,,78796.7283455543,44375.19592118186,4989024631.946347,11
v100_usm_wg128.json,Clang-SYCL,reduce,double,32768,,87845.90033137878,44993.41259240459,8951704642.001486,11
v100_usm_wg128.json,Clang-SYCL,reduce,double,65536,,88389.44663485663,45812.093294825914,17711367468.98687,11
v100_usm_wg128.json,Clang-SYCL,reduce,double,131072,,87125.98311539929,45475.84141170412,35985003056.10671,11
v100_usm_wg128.json,Clang-SYCL,reduce,double,262144,,90178.2026137094,48942.96912236132,69729767883.57507,11
v100_usm_wg128.json,Clang-SYCL,reduce,double,524288,,97831.89611997806,53675.44193725847,128558020863.25833,11
v100_usm_wg128.json,Clang-SYCL,reduce,double,1048576,,112071.83537848621,65987.03920318653,223999828931.63925,11
v100_usm_wg128.json,Clang-SYCL,reduce,double,2097152,,129327.06568219622,83179.34380199506,382101143487.1322,11
v100_usm_wg128.json,Clang-SYCL,reduce,double,4194304,,156003.6149497489,103859.56616415191,615994566056.0985,11
v100_usm_wg128.json,Clang-SYCL,reduce,double,8388608,,198233.9406586245,149361.84349529797,1013484476286.8478,11
v100_usm_wg128.json,Clang-SYCL,reduce,double,16777216,,318003.0237288136,244358.58314242747,1265764053812.9893,11
v100_usm_wg128.json,Clang-SYCL,reduce,double,33554432,,526103.5532591416,452507.70985691424,1530690365249.3005,11
v100_usm_wg128.json,Clang-SYCL,reduce,double,67108864,,942339.7287449386,866904.4720647816,1708647414889.1106,11
v100_usm_wg128.json,Clang-SYCL,reduce,double,134217728,,1783471.5722070865,1694769.4577658833,1805878834991.7402,11
v100_usm_wg128.json,Clang-SYCL,reduce,double,268435456,,3459624.958762888,3351519.0876289234,1858709487995.6216,11
v100_usm_wg128.json,Clang-SYCL,sort,double,8,,394075.25,148718.49999992247,543987.6715727481,16
v100_usm_wg128.json,Clang-SYCL,sort,double,16,,141466.60195296028,49384.18085888284,2880978.6904240847,16
v100_usm_wg128.json,Clang-SYCL,sort,double,32,,178975.95035324374,54703.084874759195,4424741.018679239,16
v100_usm_wg128.json,Clang-SYCL,sort,double,64,,225265.68677652773,61067.95578778132,6924282.131331475,16
v100_usm_wg128.json,Clang-SYCL,sort,double,128,,280382.6680848925,69181.86239187288,11035419.647774532,16
v100_usm_wg128.json,Clang-SYCL,sort,double,256,,340484.5815071835,78276.00340881442,18110494.29478167,16
v100_usm_wg128.json,Clang-SYCL,sort,double,512,,410691.6868598181,90449.37756804208,29971934.09735848,16
v100_usm_wg128.json,Clang-SYCL,sort,double,1024,,488395.2423237967,104958.23433356576,50361476.35949363,16
v100_usm_wg128.json,Clang-SYCL,sort,double,2048,,576039.3487037034,126763.39012345675,85317013.22316015,16
v100_usm_wg128.json,Clang-SYCL,sort,double,4096,,671805.4333815735,156134.61488181376,146356979.45640534,16
v100_usm_wg128.json,Clang-SYCL,sort,double,8192,,789614.184483726,208678.6409090921,248920723.70806694,16
v100_usm_wg128.json,Clang-SYCL,sort,double,16384,,926740.2581018517,302099.55390211416,424283075.96261024,16
v100_usm_wg128.json,Clang-SYCL,sort,double,32768,,1083161.562277993,465108.5359073336,725947864.8693029,16
v100_usm_wg128.json,Clang-SYCL,sort,double,65536,,1307959.1106403037,944482.5286252366,1201833338.085212,16
v100_usm_wg128.json,Clang-SYCL,sort,double,131072,,1650212.82182353,1778881.4117647079,1906104172.2756186,16
v100_usm_wg128.json,Clang-SYCL,sort,double,262144,,3241451.9949083487,4947455.255091643,1762313237.1052284,16
v100_usm_wg128.json,Clang-SYCL,sort,double,524288,,5163699.598113204,13470285.017924536,2432225780.7469563,16
v100_usm_wg128.json,Clang-SYCL,sort,double,1048576,,10414795.766406253,20460721.91015619,2411424268.818108,16
v100_usm_wg128.json,Clang-SYCL,sort,double,2097152,,18973462.903333336,39435307.69999996,2652085538.0935826,16
v100_usm_wg128.json,Clang-SYCL,sort,double,4194304,,35047351.4125,93500145.5750001,2871807116.902315,16
v100_usm_wg128.json,Clang-SYCL,sort,double,8388608,,68995275.46249999,260194164.22500116,2917692415.8941603,16
v100_usm_wg128.json,Clang-SYCL,sort,double,16777216,,138269690.88,643262552.4499983,2911860977.3542185,16
v100_usm_wg128.json,Clang-SYCL,sort,double,33554432,,281811523.95000005,1436029929.6000051,2857370532.2725906,16
v100_usm_wg128.json,Clang-SYCL,sort,double,67108864,,576841928.0999999,3047430404.0000105,2791794197.960722,16
v100_usm_wg128.json,Clang-SYCL,sort,double,134217728,,1187510600.65,6355373666.499987,2711322771.398151,16
v100_usm_wg128.json,Clang-SYCL,sort,double,268435456,,2883765932.0,13821808983.750032,2233955025.0420475,16
v100_usm_wg128_fixed.json,Clang-SYCL,inclusive_scan,double,8,,397478.5,171829.49999994255,523044.51174566837,16
v100_usm_wg128_fixed.json,Clang-SYCL,inclusive_scan,double,16,,176268.12870047247,65525.432508725164,2310826.5292521175,16
v100_usm_wg128_fixed.json,Clang-SYCL,inclusive_scan,double,32,,162266.76599172514,66669.08927407216,4731781.001530909,16
v100_usm_wg128_fixed.json,Clang-SYCL,inclusive_scan,double,64,,160573.36280773714,54819.1344665887,9708188.668753192,16
v100_usm_wg128_fixed.json,Clang-SYCL,inclusive_scan,double,128,,173939.4777722343,57136.96697642513,17772693.81477631,16
v100_usm_wg128_fixed.json,Clang-SYCL,inclusive_scan,double,256,,186643.9947854389,59227.19831938368,33026740.984189253,16
v100_usm_wg128_fixed.json,Clang-SYCL,inclusive_scan,double,512,,200229.29968467774,61189.98907123403,61467174.10475586,16
v100_usm_wg128_fixed.json,Clang-SYCL,inclusive_scan,double,1024,,217768.68103341595,64669.49006033433,112783004.29962847,16
v100_usm_wg128_fixed.json,Clang-SYCL,inclusive_scan,double,2048,,232248.4003650246,65088.79923676814,211446337.36658078,16
v100_usm_wg128_fixed.json,Clang-SYCL,inclusive_scan,double,4096,,254695.7078099403,69947.01308028348,385885970.09604305,16
v100_usm_wg128_fixed.json,Clang-SYCL,inclusive_scan,double,8192,,286027.061521115,74423.02649651529,687348834.4156537,16
v100_usm_wg128_fixed.json,Clang-SYCL,inclusive_scan,double,16384,,333437.0276583027,81816.60609318956,1179300363.2189121,16
v100_usm_wg128_fixed.json,Clang-SYCL,inclusive_scan,double,32768,,418777.84273325326,95074.46605861263,1877514090.0176134,16
v100_usm_wg128_fixed.json,Clang-SYCL,inclusive_scan,double,65536,,577343.760609807,118812.61701689375,2724083726.51507,16
v100_usm_wg128_fixed.json,Clang-SYCL,inclusive_scan,double,131072,,883635.3570075762,166559.55792298046,3559980744.593568,16
v100_usm_wg128_fixed.json,Clang-SYCL,inclusive_scan,double,262144,,1381671.405486045,209713.70866217377,4526569727.216637,16
v100_usm_wg128_fixed.json,Clang-SYCL,inclusive_scan,double,524288,,2161593.469907406,257161.86805555294,5819981686.4820385,16
v100_usm_wg128_fixed.json,Clang-SYCL,inclusive_scan,double,1048576,,4029898.2882882887,537469.6614113998,6204712447.898804,16
v100_usm_wg128_fixed.json,Clang-SYCL,inclusive_scan,double,2097152,,7752810.806944447,1043184.8955555642,6459616936.359312,16
v100_usm_wg128_fixed.json,Clang-SYCL,inclusive_scan,double,4194304,,15652868.594594594,1700554.1689189686,6428927192.255029,16
v100_usm_wg128_fixed.json,Clang-SYCL,inclusive_scan,double,8388608,,30582870.081249997,3091816.3937501577,6579546833.699171,16
v100_usm_wg128_fixed.json,Clang-SYCL,inclusive_scan,double,16777216,,60809809.202380955,5795526.833333313,6591959836.411806,16
v100_usm_wg128_fixed.json,Clang-SYCL,inclusive_scan,double,33554432,,121903243.94999999,11077117.850000277,6569254429.080929,16
v100_usm_wg128_fixed.json,Clang-SYCL,inclusive_scan,double,67108864,,258553879.43,21615395.34999974,6091722140.270707,16
v100_usm_wg128_fixed.json,Clang-SYCL,inclusive_scan,double,134217728,,589255143.5500001,42671390.75000337,5464201699.857687,16
v100_usm_wg128_fixed.json,Clang-SYCL,inclusive_scan,double,268435456,,931130195.0,85091096.62500691,6917178890.281989,16
v100_usm_wg256.json,Clang-SYCL,find,double,8,,157042.0,70106.99999998593,1159233.6177749154,11
v100_usm_wg256.json,Clang-SYCL,find,double,16,,87628.45277054668,45421.20918557085,4629887.952535366,11
v100_usm_wg256.json,Clang-SYCL,find,double,32,,83160.75815856775,44790.19526854218,8817918.378498033,11
v100_usm_wg256.json,Clang-SYCL,find,double,64,,71102.69344565438,41090.58290528045,21867771.999660943,11
v100_usm_wg256.json,Clang-SYCL,find,double,128,,70801.25558185006,41003.30568988579,43496091.20659807,11
v100_usm_wg256.json,Clang-SYCL,find,double,256,,71106.28809986674,41088.679995907085,86567234.79180318,11
v100_usm_wg256.json,Clang-SYCL,find,double,512,,71493.18333162485,41406.24492055351,171663008.89984372,11
v100_usm_wg256.json,Clang-SYCL,find,double,1024,,71114.75533428167,41368.890062995444,344793001.1320556,11
v100_usm_wg256.json,Clang-SYCL,find,double,2048,,71772.03318422966,42458.877998543685,682389284.9759195,11
v100_usm_wg256.json,Clang-SYCL,find,double,4096,,71026.38731747153,42524.35106708873,1382466527.8124318,11
v100_usm_wg256.json,Clang-SYCL,find,double,8192,,70936.50675881704,43588.67466205914,2768409034.719136,11
v100_usm_wg256.json,Clang-SYCL,find,double,16384,,71274.50082321462,46218.88886602177,5516069254.254406,11
v100_usm_wg256.json,Clang-SYCL,find,double,32768,,71286.86196231043,50811.06704219585,11022704226.885595,11
v100_usm_wg256.json,Clang-SYCL,find,double,65536,,68511.92873725646,58133.49712324592,22366440140.104557,11
v100_usm_wg256.json,Clang-SYCL,find,double,131072,,69615.55968777787,77820.99741132314,45184982331.08821,11
v100_usm_wg256.json,Clang-SYCL,find,double,262144,,70643.86757006454,118866.64605276682,88598222275.91724,11
v100_usm_wg256.json,Clang-SYCL,find,double,524288,,74427.31626804576,199916.78541262666,167376190451.72552,11
v100_usm_wg256.json,Clang-SYCL,find,double,1048576,,83845.17530743938,365017.87970291026,299648509114.5203,11
v100_usm_wg256.json,Clang-SYCL,find,double,2097152,,100964.91406356553,671826.5389714917,496693692079.0751,11
v100_usm_wg256.json,Clang-SYCL,find,double,4194304,,118133.53151184003,1408019.6118397075,847293537166.9072,11
v100_usm_wg256.json,Clang-SYCL,find,double,8388608,,204756.9113999259,2964736.2721871594,962606281783.527,11
v100_usm_wg256.json,Clang-SYCL,find,double,16777216,,357604.3935802469,5996403.595061728,1119363231364.3914,11
v100_usm_wg256.json,Clang-SYCL,find,double,33554432,,581386.6307053942,12067551.842323687,1385014083411.995,11
v100_usm_wg256.json,Clang-SYCL,find,double,67108864,,897496.5102827756,24717349.164524425,1794284186717.7686,11
v100_usm_wg256.json,Clang-SYCL,find,double,134217728,,1597663.3318181846,49529047.25454539,2016116798877.13,11
v100_usm_wg256.json,Clang-SYCL,find,double,268435456,,2824985.140562249,98075576.39759028,2280489782302.8267,11
v100_usm_wg256.json,Clang-SYCL,for_each,double,8,,21158.908378059507,12053.12538540937,10207580.577760253,11
v100_usm_wg256.json,Clang-SYCL,for_each,double,16,,21048.03562222692,11953.039479642213,19383733.038965702,11
v100_usm_wg256.json,Clang-SYCL,for_each,double,32,,21051.213697806954,11956.170339442182,37586604.37839619,11
v100_usm_wg256.json,Clang-SYCL,for_each,double,64,,21134.93312511377,12059.145460609314,73811210.87328729,11
v100_usm_wg256.json,Clang-SYCL,for_each,double,128,,21018.268847493644,11967.23457216301,147248988.25604457,11
v100_usm_wg256.json,Clang-SYCL,for_each,double,256,,21148.395209292525,12022.386657039046,291616560.02888453,11
v100_usm_wg256.json,Clang-SYCL,for_each,double,512,,20979.690877765686,11936.686482891873,586426412.1227514,11
v100_usm_wg256.json,Clang-SYCL,for_each,double,1024,,21059.49115474683,11964.29801837534,1165809272.9247594,11
v100_usm_wg256.json,Clang-SYCL,for_each,double,2048,,20997.767901830182,11941.90930744434,2340630142.940339,11
v100_usm_wg256.json,Clang-SYCL,for_each,double,4096,,21079.947542960424,11956.569520651525,4664123720.713759,11
v100_usm_wg256.json,Clang-SYCL,for_each,double,8192,,21085.99435250067,11973.708232666293,9287638162.53752,11
v100_usm_wg256.json,Clang-SYCL,for_each,double,16384,,21189.66682925314,11929.314971191514,18549882197.561123,11
v100_usm_wg256.json,Clang-SYCL,for_each,double,32768,,22959.231576692353,12175.213673646364,33894577905.423355,11
v100_usm_wg256.json,Clang-SYCL,for_each,double,65536,,21354.11102640737,12132.51539915835,72053555704.84595,11
v100_usm_wg256.json,Clang-SYCL,for_each,double,131072,,21245.29904205326,12099.144493312626,143038274672.08472,11
v100_usm_wg256.json,Clang-SYCL,for_each,double,262144,,23497.050470873295,14417.547591821934,267543510538.7265,11
v100_usm_wg256.json,Clang-SYCL,for_each,double,524288,,25781.128429921333,16734.42168583312,487746012191.78265,11
v100_usm_wg256.json,Clang-SYCL,for_each,double,1048576,,33022.77304168992,23858.46111422906,755254808033.3906,11
v100_usm_wg256.json,Clang-SYCL,for_each,double,2097152,,45726.574265186355,36518.41123448807,1097706985052.1941,11
v100_usm_wg256.json,Clang-SYCL,for_each,double,4194304,,72485.72311654882,62014.47943765223,1382455279853.358,11
v100_usm_wg256.json,Clang-SYCL,for_each,double,8388608,,126341.81239134462,111830.50823006473,1593328096968.673,11
v100_usm_wg256.json,Clang-SYCL,for_each,double,16777216,,228128.17031198693,213419.92545156882,1764837714407.1814,11
v100_usm_wg256.json,Clang-SYCL,for_each,double,33554432,,436517.6676961093,415721.85052501236,1844677475903.8296,11
v100_usm_wg256.json,Clang-SYCL,for_each,double,67108864,,846550.8898408815,822475.9277845194,1902253995383.8337,11
v100_usm_wg256.json,Clang-SYCL,for_each,double,134217728,,1757333.3341708542,1616400.4246233066,1832949590198.043,11
v100_usm_wg256.json,Clang-SYCL,for_each,double,268435456,,3386916.5297297295,3245907.1945945774,1901797120074.2314,11
v100_usm_wg256.json,Clang-SYCL,inclusive_scan,double,8,,265201.99146919424,129656.49668245898,813895.4933221115,11
v100_usm_wg256.json,Clang-SYCL,inclusive_scan,double,16,,317821.3847203275,158873.1173260451,1271740.5925809867,11
v100_usm_wg256.json,Clang-SYCL,inclusive_scan,double,32,,359644.24728962337,177861.07888485928,2201793.7278135074,11
v100_usm_wg256.json,Clang-SYCL,inclusive_scan,double,64,,408723.4449003507,202166.94689330916,3809231.234188123,11
v100_usm_wg256.json,Clang-SYCL,inclusive_scan,double,128,,459756.8503937007,226846.38713905116,6728210.075477517,11
v100_usm_wg256.json,Clang-SYCL,inclusive_scan,double,256,,541668.8250181813,294067.5745454593,11292131.27331484,11
v100_usm_wg256.json,Clang-SYCL,inclusive_scan,double,512,,568860.1247960842,283984.1696574137,21637448.71322403,11
v100_usm_wg256.json,Clang-SYCL,inclusive_scan,double,1024,,618425.6699029133,309129.1165048463,39773501.67812818,11
v100_usm_wg256.json,Clang-SYCL,inclusive_scan,double,2048,,662414.7096774189,328586.3178367751,74215899.27281447,11
v100_usm_wg256.json,Clang-SYCL,inclusive_scan,double,4096,,751060.3824786335,362122.94123930094,130904533.00575334,11
v100_usm_wg256.json,Clang-SYCL,inclusive_scan,double,8192,,679412.900096994,392515.9515033728,289027963.4298274,11
v100_usm_wg256.json,Clang-SYCL,inclusive_scan,double,16384,,750587.6439075633,428469.38130253897,515295726.9719183,11
v100_usm_wg256.json,Clang-SYCL,inclusive_scan,double,32768,,812263.9740871611,452026.01224973035,967055356.8580395,11
v100_usm_wg256.json,Clang-SYCL,inclusive_scan,double,65536,,901352.779507133,465756.02853431785,1734052719.7782667,11
v100_usm_wg256.json,Clang-SYCL,inclusive_scan,double,131072,,1165190.2584070798,501214.576991161,2698705359.758692,11
v100_usm_wg256.json,Clang-SYCL,inclusive_scan,double,262144,,1405494.2596000005,529993.5076000111,4471277148.479733,11
v100_usm_wg256.json,Clang-SYCL,inclusive_scan,double,524288,,1600877.809392264,593883.8839781372,7345846732.264948,11
v100_usm_wg256.json,Clang-SYCL,inclusive_scan,double,1048576,,2170331.8255451713,787667.9408099196,11574816318.943699,11
v100_usm_wg256.json,Clang-SYCL,inclusive_scan,double,2097152,,3250402.1516587674,1117711.663507408,15461700961.152557,11
v100_usm_wg256.json,Clang-SYCL,inclusive_scan,double,4194304,,7025358.151162791,1776570.1627904174,14112724174.81308,11
v100_usm_wg256.json,Clang-SYCL,inclusive_scan,double,8388608,,19390131.978723403,3105345.3489361578,10360118749.141003,11
v100_usm_wg256.json,Clang-SYCL,inclusive_scan,double,16777216,,40787324.823529415,6510487.000000735,9871828794.63839,11
v100_usm_wg256.json,Clang-SYCL,inclusive_scan,double,33554432,,73236588.76923075,11869205.230762137,10754169418.838003,11
v100_usm_wg256.json,Clang-SYCL,inclusive_scan,double,67108864,,155241240.25000003,22096160.649999775,10374314187.403479,11
v100_usm_wg256.json,Clang-SYCL,inclusive_scan,double,134217728,,307208168.5,42987955.49999568,10360255547.838438,11
v100_usm_wg256.json,Clang-SYCL,inclusive_scan,double,268435456,,618134764.9999999,85125175.00003013,9469878174.444721,11
v100_usm_wg256.json,Clang-SYCL,reduce,double,8,,82152.95968722846,42076.6147697642,2585978.911858617,11
v100_usm_wg256.json,Clang-SYCL,reduce,double,16,,82760.10745060703,42102.0169721479,4917170.252071265,11
v100_usm_wg256.json,Clang-SYCL,reduce,double,32,,83672.59061066843,42683.53594014191,9449745.582427023,11
v100_usm_wg256.json,Clang-SYCL,reduce,double,64,,83179.83770452338,42558.92143889326,18660833.121755313,11
v100_usm_wg256.json,Clang-SYCL,reduce,double,128,,83660.06685149478,42727.989416581935,36975041.072488524,11
v100_usm_wg256.json,Clang-SYCL,reduce,double,256,,83543.54764473221,42675.97971952738,73774521.16305055,11
v100_usm_wg256.json,Clang-SYCL,reduce,double,512,,79574.07879772552,40259.85553750332,143682053.31575844,11
v100_usm_wg256.json,Clang-SYCL,reduce,double,1024,,80106.38044229438,40704.91250863863,307006606.3130663,11
v100_usm_wg256.json,Clang-SYCL,reduce,double,2048,,79303.82596316803,40163.62734154097,619397436.0456167,11
v100_usm_wg256.json,Clang-SYCL,reduce,double,4096,,80198.29513340203,40736.87985801,1224576289.2662876,11
v100_usm_wg256.json,Clang-SYCL,reduce,double,8192,,79885.94158186871,40340.660730807715,2460312132.916936,11
v100_usm_wg256.json,Clang-SYCL,reduce,double,16384,,79876.21478849024,40433.66114868659,4915128195.879845,11
v100_usm_wg256.json,Clang-SYCL,reduce,double,32768,,80193.28418046833,40489.194403201065,9798379296.044582,11
v100_usm_wg256.json,Clang-SYCL,reduce,double,65536,,79342.69091146524,39717.3597545051,19598360550.09159,11
v100_usm_wg256.json,Clang-SYCL,reduce,double,131072,,88245.85950476187,41420.00972698288,35620061835.8586,11
v100_usm_wg256.json,Clang-SYCL,reduce,double,262144,,89620.68664379205,42358.50072436614,70104633776.00682,11
v100_usm_wg256.json,Clang-SYCL,reduce,double,524288,,91767.05094691917,45505.3127500667,136373636862.44586,11
v100_usm_wg256.json,Clang-SYCL,reduce,double,1048576,,103151.68650969936,55651.848956016336,243861610803.21167,11
v100_usm_wg256.json,Clang-SYCL,reduce,double,2097152,,113157.81807492056,65959.4506971113,444454956446.00464,11
v100_usm_wg256.json,Clang-SYCL,reduce,double,4194304,,139962.52940354162,92121.8801957085,718826825263.9767,11
v100_usm_wg256.json,Clang-SYCL,reduce,double,8388608,,205880.56949458513,136560.9771359865,977527988457.4733,11
v100_usm_wg256.json,Clang-SYCL,reduce,double,16777216,,308053.6770601338,238307.03652561828,1305412393105.561,11
v100_usm_wg256.json,Clang-SYCL,reduce,double,33554432,,520613.2197160884,440364.9408517306,1546585036785.356,11
v100_usm_wg256.json,Clang-SYCL,reduce,double,67108864,,930402.9054794511,847559.9271232631,1731018271701.6807,11
v100_usm_wg256.json,Clang-SYCL,reduce,double,134217728,,1755524.037270341,1661027.333858302,1834476980882.244,11
v100_usm_wg256.json,Clang-SYCL,reduce,double,268435456,,3409795.5303867413,3279248.0585636655,1866770582523.6895,11
v100_usm_wg256.json,Clang-SYCL,sort,double,8,,235085.0,72185.49999998824,914437.7147170252,16
v100_usm_wg256.json,Clang-SYCL,sort,double,16,,141141.83115543323,49412.834938101834,2886879.2384344675,16
v100_usm_wg256.json,Clang-SYCL,sort,double,32,,179409.94849865267,54801.90539586812,4413196.820482701,16
v100_usm_wg256.json,Clang-SYCL,sort,double,64,,225598.2342868661,61154.21297340862,6911296.034251079,16
v100_usm_wg256.json,Clang-SYCL,sort,double,128,,279921.3186461044,68970.08141397967,11058943.964092165,16
v100_usm_wg256.json,Clang-SYCL,sort,double,256,,341459.3177935076,78175.45655357596,18056635.058669157,16
v100_usm_wg256.json,Clang-SYCL,sort,double,512,,410531.349355216,89903.01421453687,29982101.772971645,16
v100_usm_wg256.json,Clang-SYCL,sort,double,1024,,488579.29747899144,104440.4907212886,50326011.38531016,16
v100_usm_wg256.json,Clang-SYCL,sort,double,2048,,575529.8878600823,126305.82399176975,85438444.49029675,16
v100_usm_wg256.json,Clang-SYCL,sort,double,4096,,671549.8021634611,155488.87555288392,146391490.6039279,16
v100_usm_wg256.json,Clang-SYCL,sort,double,8192,,783853.0341354213,205562.65612758812,250829328.7226023,16
v100_usm_wg256.json,Clang-SYCL,sort,double,16384,,923354.1345292958,296789.0193548405,425783305.48638904,16
v100_usm_wg256.json,Clang-SYCL,sort,double,32768,,1071380.0776416538,455907.58441807074,733981421.0103719,16
v100_usm_wg256.json,Clang-SYCL,sort,double,65536,,1308202.3458333346,949099.2930555537,1202277875.0730314,16
v100_usm_wg256.json,Clang-SYCL,sort,double,131072,,1646870.5457058824,1777577.2191176405,1909628209.9603176,16
v100_usm_wg256.json,Clang-SYCL,sort,double,262144,,3066148.2657200797,4533282.217038535,2049196797.9244132,16
v100_usm_wg256.json,Clang-SYCL,sort,double,524288,,4890466.753436426,10258364.68041237,2434970930.529156,16
v100_usm_wg256.json,Clang-SYCL,sort,double,1048576,,10361122.05384616,20903019.957692236,2422812365.21295,16
v100_usm_wg256.json,Clang-SYCL,sort,double,2097152,,18411068.901315786,40117157.57894735,2733038503.2233777,16
v100_usm_wg256.json,Clang-SYCL,sort,double,4194304,,34814521.825,93649479.14375019,2890738282.2612286,16
v100_usm_wg256.json,Clang-SYCL,sort,double,8388608,,68548220.30000001,259403659.3374998,2936194012.455353,16
v100_usm_wg256.json,Clang-SYCL,sort,double,16777216,,137438670.07,635633669.4750013,2929447965.9354396,16
v100_usm_wg256.json,Clang-SYCL,sort,double,33554432,,280535064.4,1430381392.1499968,2870392202.4402,16
v100_usm_wg256.json,Clang-SYCL,sort,double,67108864,,574789010.25,3032137617.249994,2801681680.808499,16
v100_usm_wg256.json,Clang-SYCL,sort,double,134217728,,1183860797.65,6322212008.249994,2720196547.5400124,16
v100_usm_wg256.json,Clang-SYCL,sort,double,268435456,,2868307698.75,13646853531.499971,2245700589.860019,16
v100_usm_wg256_fixed.json,Clang-SYCL,inclusive_scan,double,8,,405583.0,175242.49999995023,528729.8244506705,16
v100_usm_wg256_fixed.json,Clang-SYCL,inclusive_scan,double,16,,149662.13715386175,50572.12174682494,2725207.206042018,16
v100_usm_wg256_fixed.json,Clang-SYCL,inclusive_scan,double,32,,165233.59513494332,52338.02089251898,4791792.007650647,16
v100_usm_wg256_fixed.json,Clang-SYCL,inclusive_scan,double,64,,179919.86697348102,54060.75879248198,8668453.685466785,16
v100_usm_wg256_fixed.json,Clang-SYCL,inclusive_scan,double,128,,196738.19178757572,56508.48714607694,15735825.829832114,16
v100_usm_wg256_fixed.json,Clang-SYCL,inclusive_scan,double,256,,212395.36412878806,59006.94647727275,29003914.295263804,16
v100_usm_wg256_fixed.json,Clang-SYCL,inclusive_scan,double,512,,228914.09123222696,61441.43287301817,53723346.12378108,16
v100_usm_wg256_fixed.json,Clang-SYCL,inclusive_scan,double,1024,,246999.02240983018,63513.05927333812,99433015.97840598,16
v100_usm_wg256_fixed.json,Clang-SYCL,inclusive_scan,double,2048,,266422.6980254409,65655.02824188335,184460885.70800138,16
v100_usm_wg256_fixed.json,Clang-SYCL,inclusive_scan,double,4096,,287644.4948591405,69383.48232572505,341482386.5852367,16
v100_usm_wg256_fixed.json,Clang-SYCL,inclusive_scan,double,8192,,321537.00382682215,75034.55026273734,610774906.333981,16
v100_usm_wg256_fixed.json,Clang-SYCL,inclusive_scan,double,16384,,365574.7221570169,82679.64645279113,1075146249.3698668,16
v100_usm_wg256_fixed.json,Clang-SYCL,inclusive_scan,double,32768,,433626.4830561656,94612.06244116757,1812831599.99791,16
v100_usm_wg256_fixed.json,Clang-SYCL,inclusive_scan,double,65536,,571748.0866205769,115599.50701504569,2720903610.5937223,16
v100_usm_wg256_fixed.json,Clang-SYCL,inclusive_scan,double,131072,,828433.9912249695,163867.71884570149,3795944866.9378767,16
v100_usm_wg256_fixed.json,Clang-SYCL,inclusive_scan,double,262144,,1164702.840191189,168546.71379883567,5398103840.592247,16
v100_usm_wg256_fixed.json,Clang-SYCL,inclusive_scan,double,524288,,1887086.4807951478,208114.39413746278,6667416430.9597435,16
v100_usm_wg256_fixed.json,Clang-SYCL,inclusive_scan,double,1048576,,3446576.2674876843,451745.44704433216,7293224291.486439,16
v100_usm_wg256_fixed.json,Clang-SYCL,inclusive_scan,double,2097152,,6517747.81807512,857941.5387324113,7703396887.7626915,16
v100_usm_wg256_fixed.json,Clang-SYCL,inclusive_scan,double,4194304,,12859062.17204301,1644412.5376344048,7822039110.513446,16
v100_usm_wg256_fixed.json,Clang-SYCL,inclusive_scan,double,8388608,,25589702.852040805,3038715.1785713723,7862447797.144004,16
v100_usm_wg256_fixed.json,Clang-SYCL,inclusive_scan,double,16777216,,51048209.64583333,5722327.208333174,7883485150.398365,16
v100_usm_wg256_fixed.json,Clang-SYCL,inclusive_scan,double,33554432,,107851309.91666666,10963900.89583347,7466491527.634335,16
v100_usm_wg256_fixed.json,Clang-SYCL,inclusive_scan,double,67108864,,227419320.2083333,21533444.833334412,7051649685.380388,16
v100_usm_wg256_fixed.json,Clang-SYCL,inclusive_scan,double,134217728,,462957531.75,42697618.916665904,6956531566.8122835,16
v100_usm_wg256_fixed.json,Clang-SYCL,inclusive_scan,double,268435456,,890039882.5,85296619.87499893,7234995373.555572,16
v100_usm_wg32.json,Clang-SYCL,find,double,8,,156282.0,62598.99999982999,1258653.2410320956,11
v100_usm_wg32.json,Clang-SYCL,find,double,16,,91695.65112390851,46240.06093256545,4297033.839595398,11
v100_usm_wg32.json,Clang-SYCL,find,double,32,,69296.32430063163,38773.10243650897,11414185.217781939,11
v100_usm_wg32.json,Clang-SYCL,find,double,64,,69145.11805111817,38514.44754392971,22523714.926984943,11
v100_usm_wg32.json,Clang-SYCL,find,double,128,,69782.92366107098,39462.37889688244,44102115.52450705,11
v100_usm_wg32.json,Clang-SYCL,find,double,256,,69306.99376821813,38951.49221027225,88808702.88780221,11
v100_usm_wg32.json,Clang-SYCL,find,double,512,,68875.63038762804,38640.47895159674,178379782.29264775,11
v100_usm_wg32.json,Clang-SYCL,find,double,1024,,77458.10701288494,46852.17173207438,310740130.4136788,11
v100_usm_wg32.json,Clang-SYCL,find,double,2048,,80349.80303030298,46254.0334887335,601066973.8080232,11
v100_usm_wg32.json,Clang-SYCL,find,double,4096,,67907.77591418843,39356.59555338866,1447782204.2392483,11
v100_usm_wg32.json,Clang-SYCL,find,double,8192,,68431.69262175554,41094.768445611015,2803625815.4704533,11
v100_usm_wg32.json,Clang-SYCL,find,double,16384,,68796.87870226057,43531.23031956346,5552082909.24345,11
v100_usm_wg32.json,Clang-SYCL,find,double,32768,,69755.02008467044,49334.68189425992,11244125659.839153,11
v100_usm_wg32.json,Clang-SYCL,find,double,65536,,70540.142915643,60020.23720311238,21854323395.802925,11
v100_usm_wg32.json,Clang-SYCL,find,double,131072,,76195.34286967019,84776.18656143769,41235139002.3179,11
v100_usm_wg32.json,Clang-SYCL,find,double,262144,,84669.19839922391,132100.74909046813,74247444574.20163,11
v100_usm_wg32.json,Clang-SYCL,find,double,524288,,100206.2016045843,226559.04899713525,125501054097.10782,11
v100_usm_wg32.json,Clang-SYCL,find,double,1048576,,131387.26708074514,412434.6171654434,191410812168.80276,11
v100_usm_wg32.json,Clang-SYCL,find,double,2097152,,191027.54469014474,780902.7670215655,263412023457.35007,11
v100_usm_wg32.json,Clang-SYCL,find,double,4194304,,310431.25624446396,1591562.3458813066,324184525794.404,11
v100_usm_wg32.json,Clang-SYCL,find,double,8388608,,578470.6335814713,3371073.4813895714,347590081969.5886,11
v100_usm_wg32.json,Clang-SYCL,find,double,16777216,,1126357.1629881156,6969539.455008495,357037677302.5337,11
v100_usm_wg32.json,Clang-SYCL,find,double,33554432,,2196919.5799373044,13787623.927899703,366376449981.1814,11
v100_usm_wg32.json,Clang-SYCL,find,double,67108864,,4029154.4655172415,27045505.540229935,399710322176.70935,11
v100_usm_wg32.json,Clang-SYCL,find,double,134217728,,7684612.550537633,54802770.37634401,419169137813.70264,11
v100_usm_wg32.json,Clang-SYCL,find,double,268435456,,14992307.769230764,109747518.67307694,429639701522.16327,11
v100_usm_wg32.json,Clang-SYCL,for_each,double,8,,22862.139705769663,12128.96597195605,9238690.399177453,11
v100_usm_wg32.json,Clang-SYCL,for_each,double,16,,21904.726122878106,12124.623674327273,18091840.574238468,11
v100_usm_wg32.json,Clang-SYCL,for_each,double,32,,22643.743023115832,12329.738442090922,34740934.938328914,11
v100_usm_wg32.json,Clang-SYCL,for_each,double,64,,20995.784950669862,11863.64542482655,74197744.81595579,11
v100_usm_wg32.json,Clang-SYCL,for_each,double,128,,21174.42418412171,11874.18043344105,146129358.77114066,11
v100_usm_wg32.json,Clang-SYCL,for_each,double,256,,20699.00805732279,11556.08571683335,297303675.5350548,11
v100_usm_wg32.json,Clang-SYCL,for_each,double,512,,20847.72479329018,11694.488073285811,590568041.45662,11
v100_usm_wg32.json,Clang-SYCL,for_each,double,1024,,21850.746821305704,12394.80612420201,1116846082.2672825,11
v100_usm_wg32.json,Clang-SYCL,for_each,double,2048,,21502.296117418417,12279.482412344381,2275730427.2461557,11
v100_usm_wg32.json,Clang-SYCL,for_each,double,4096,,21073.44821137713,11857.976334680763,4665288918.4768095,11
v100_usm_wg32.json,Clang-SYCL,for_each,double,8192,,20806.63515451035,11734.600591806573,9404885172.009953,11
v100_usm_wg32.json,Clang-SYCL,for_each,double,16384,,20652.34883720926,11649.00915957818,19010264318.654438,11
v100_usm_wg32.json,Clang-SYCL,for_each,double,32768,,22634.271415311938,12292.795562740646,34696839467.56346,11
v100_usm_wg32.json,Clang-SYCL,for_each,double,65536,,26078.970728933167,13779.108694342789,60071318521.35774,11
v100_usm_wg32.json,Clang-SYCL,for_each,double,131072,,29725.521714753984,17115.116185793708,105733629052.10037,11
v100_usm_wg32.json,Clang-SYCL,for_each,double,262144,,35598.27136217357,22967.271413250863,176655033743.49307,11
v100_usm_wg32.json,Clang-SYCL,for_each,double,524288,,48585.79094983361,35688.80562382411,258534241360.96887,11
v100_usm_wg32.json,Clang-SYCL,for_each,double,1048576,,73566.83761742085,61477.88919726513,336182952667.9927,11
v100_usm_wg32.json,Clang-SYCL,for_each,double,2097152,,122594.25378827655,113293.89046369347,410438488797.8336,11
v100_usm_wg32.json,Clang-SYCL,for_each,double,4194304,,224744.72835917343,215382.32751937548,447689090445.8821,11
v100_usm_wg32.json,Clang-SYCL,for_each,double,8388608,,432691.2222910209,418319.50885448593,465264379572.10675,11
v100_usm_wg32.json,Clang-SYCL,for_each,double,16777216,,842871.9389294401,826839.0364963626,477043967124.6813,11
v100_usm_wg32.json,Clang-SYCL,for_each,double,33554432,,1756972.0150753758,1623305.1507537991,458343171994.3118,11
v100_usm_wg32.json,Clang-SYCL,for_each,double,67108864,,3392463.169902911,3258898.7427184028,474736531937.83685,11
v100_usm_wg32.json,Clang-SYCL,for_each,double,134217728,,6665555.80952381,6530030.615238047,483257037140.86115,11
v100_usm_wg32.json,Clang-SYCL,for_each,double,268435456,,13205495.102040814,13069878.23673455,487855025962.80615,11
v100_usm_wg32.json,Clang-SYCL,inclusive_scan,double,8,,221918.26581790135,123243.73302468678,969649.5039490763,11
v100_usm_wg32.json,Clang-SYCL,inclusive_scan,double,16,,259924.25474397634,144630.68787650552,1558790.540695784,11
v100_usm_wg32.json,Clang-SYCL,inclusive_scan,double,32,,299131.10335917276,167239.753229984,2643353.6427028533,11
v100_usm_wg32.json,Clang-SYCL,inclusive_scan,double,64,,341420.77113502944,191337.79706456565,4566087.921447459,11
v100_usm_wg32.json,Clang-SYCL,inclusive_scan,double,128,,384845.83093922667,215818.01436464197,8040887.193133282,11
v100_usm_wg32.json,Clang-SYCL,inclusive_scan,double,256,,425343.5873402308,239032.35276932982,14491330.183288272,11
v100_usm_wg32.json,Clang-SYCL,inclusive_scan,double,512,,463534.3493032515,259942.24419376458,26542599.63596681,11
v100_usm_wg32.json,Clang-SYCL,inclusive_scan,double,1024,,509567.3525594803,285989.89545783843,48223474.02516298,11
v100_usm_wg32.json,Clang-SYCL,inclusive_scan,double,2048,,554159.3093401877,309388.31191086164,88678381.35676098,11
v100_usm_wg32.json,Clang-SYCL,inclusive_scan,double,4096,,601143.9732297065,330840.4352331596,163549299.925927,11
v100_usm_wg32.json,Clang-SYCL,inclusive_scan,double,8192,,652537.1270346114,354555.5438727699,300970728.19818795,11
v100_usm_wg32.json,Clang-SYCL,inclusive_scan,double,16384,,711009.1460674152,375298.6026557735,552532414.1824929,11
v100_usm_wg32.json,Clang-SYCL,inclusive_scan,double,32768,,803156.0610599067,404281.63479258225,944567676.339164,11
v100_usm_wg32.json,Clang-SYCL,inclusive_scan,double,65536,,926832.6622516552,426214.0105960112,1696209755.2908754,11
v100_usm_wg32.json,Clang-SYCL,inclusive_scan,double,131072,,1141581.0962479606,452446.0701468394,2754138416.7114964,11
v100_usm_wg32.json,Clang-SYCL,inclusive_scan,double,262144,,1389760.8115079368,493216.3150793408,4526519416.8582,11
v100_usm_wg32.json,Clang-SYCL,inclusive_scan,double,524288,,1920636.969780218,553491.807142881,6549852435.973893,11
v100_usm_wg32.json,Clang-SYCL,inclusive_scan,double,1048576,,3042151.0339130447,762233.1652172584,8268911297.346824,11
v100_usm_wg32.json,Clang-SYCL,inclusive_scan,double,2097152,,5182279.61029412,1088398.1397059266,9663009018.545254,11
v100_usm_wg32.json,Clang-SYCL,inclusive_scan,double,4194304,,10813985.65,1759609.8833337235,9305352149.98897,11
v100_usm_wg32.json,Clang-SYCL,inclusive_scan,double,8388608,,19425801.75757576,3102314.751514989,10266290720.54807,11
v100_usm_wg32.json,Clang-SYCL,inclusive_scan,double,16777216,,40024202.08235294,6559014.623529519,9879643369.22851,11
v100_usm_wg32.json,Clang-SYCL,inclusive_scan,double,33554432,,79582003.88888888,11875870.77777784,10096398805.965872,11
v100_usm_wg32.json,Clang-SYCL,inclusive_scan,double,67108864,,155618411.0,22175669.749998406,10347724326.350357,11
v100_usm_wg32.json,Clang-SYCL,inclusive_scan,double,134217728,,311173316.0,42961089.999977276,10324890643.902767,11
v100_usm_wg32.json,Clang-SYCL,inclusive_scan,double,268435456,,623921332.0,85479273.99996524,10302608007.567398,11
v100_usm_wg32.json,Clang-SYCL,reduce,double,8,,81276.97068530372,42383.22888759513,2628683.59102666,11
v100_usm_wg32.json,Clang-SYCL,reduce,double,16,,74447.38151683591,42759.90024127138,5218844.509881701,11
v100_usm_wg32.json,Clang-SYCL,reduce,double,32,,71206.99363015224,39993.584990082665,11113919.632526046,11
v100_usm_wg32.json,Clang-SYCL,reduce,double,64,,79740.77036454223,40553.60548124898,19437381.32018246,11
v100_usm_wg32.json,Clang-SYCL,reduce,double,128,,78849.51754187419,39848.58085106383,39164491.88208766,11
v100_usm_wg32.json,Clang-SYCL,reduce,double,256,,79497.80781355545,40301.56822787353,74623725.79609999,11
v100_usm_wg32.json,Clang-SYCL,reduce,double,512,,79497.7625394599,40071.61101367435,153879544.70425475,11
v100_usm_wg32.json,Clang-SYCL,reduce,double,1024,,79036.08410746795,39880.34435336811,311056260.7427606,11
v100_usm_wg32.json,Clang-SYCL,reduce,double,2048,,87069.47842844721,40688.40693771092,564746330.1315335,11
v100_usm_wg32.json,Clang-SYCL,reduce,double,4096,,87942.4782707622,41266.91679939168,1115870876.479328,11
v100_usm_wg32.json,Clang-SYCL,reduce,double,8192,,89096.44747130794,42065.646538026645,2206860183.9736457,11
v100_usm_wg32.json,Clang-SYCL,reduce,double,16384,,90626.4214157934,43075.04955277207,4336942369.960122,11
v100_usm_wg32.json,Clang-SYCL,reduce,double,32768,,90976.44143096972,43316.42668216189,8638288027.987255,11
v100_usm_wg32.json,Clang-SYCL,reduce,double,65536,,97184.21895059988,42949.03404968107,16150617935.355602,11
v100_usm_wg32.json,Clang-SYCL,reduce,double,131072,,97120.38631622889,43707.76737588709,31132871541.318436,11
v100_usm_wg32.json,Clang-SYCL,reduce,double,262144,,103828.23271958942,49747.365982489675,60245189887.460915,11
v100_usm_wg32.json,Clang-SYCL,reduce,double,524288,,129468.9125652495,58966.50820283245,97187335573.08032,11
v100_usm_wg32.json,Clang-SYCL,reduce,double,1048576,,156776.25251346498,85912.81229802381,160473125232.23267,11
v100_usm_wg32.json,Clang-SYCL,reduce,double,2097152,,217532.37484433354,138406.5406600239,231354468878.68912,11
v100_usm_wg32.json,Clang-SYCL,reduce,double,4194304,,325077.14458413905,242922.1905222245,309628161908.64215,11
v100_usm_wg32.json,Clang-SYCL,reduce,double,8388608,,535828.8047337274,453514.8469991813,375566315634.8596,11
v100_usm_wg32.json,Clang-SYCL,reduce,double,16777216,,978149.2561151079,853289.8961151097,411618508586.46967,11
v100_usm_wg32.json,Clang-SYCL,reduce,double,33554432,,1832664.959785524,1694303.8873994765,439413745966.4204,11
v100_usm_wg32.json,Clang-SYCL,reduce,double,67108864,,3543848.2999999984,3357717.288421148,449975180614.2086,11
v100_usm_wg32.json,Clang-SYCL,reduce,double,134217728,,7066609.0860215025,6695295.612903415,455557767553.34106,11
v100_usm_wg32.json,Clang-SYCL,reduce,double,268435456,,13830683.364705885,13451594.560784793,465804793708.2673,11
v100_usm_wg32.json,Clang-SYCL,sort,double,8,,411907.75,170215.50000007046,514859.96821240673,16
v100_usm_wg32.json,Clang-SYCL,sort,double,16,,140274.46936930425,48943.67123535365,2901961.021233365,16
v100_usm_wg32.json,Clang-SYCL,sort,double,32,,179058.22086321667,54194.804751536896,4421404.915811809,16
v100_usm_wg32.json,Clang-SYCL,sort,double,64,,225465.44249717303,60767.63321757377,6918419.263117414,16
v100_usm_wg32.json,Clang-SYCL,sort,double,128,,279936.8293587165,68142.54318637279,11055411.369541328,16
v100_usm_wg32.json,Clang-SYCL,sort,double,256,,342810.09473877796,78719.56873926919,17986623.665992837,16
v100_usm_wg32.json,Clang-SYCL,sort,double,512,,413825.6818718633,92351.75265721914,29738291.66855231,16
v100_usm_wg32.json,Clang-SYCL,sort,double,1024,,493468.08859223314,107145.06030619881,49832357.1253411,16
v100_usm_wg32.json,Clang-SYCL,sort,double,2048,,581573.2570510164,127184.27799668275,84517527.96450624,16
v100_usm_wg32.json,Clang-SYCL,sort,double,4096,,677045.5125121006,155635.71171345562,145207081.8516398,16
v100_usm_wg32.json,Clang-SYCL,sort,double,8192,,792604.4640633827,205942.61148839764,248051198.23559302,16
v100_usm_wg32.json,Clang-SYCL,sort,double,16384,,928354.0945990732,299047.97548045043,419491442.362798,16
v100_usm_wg32.json,Clang-SYCL,sort,double,32768,,1085972.5336046512,460145.049302325,724152540.2526469,16
v100_usm_wg32.json,Clang-SYCL,sort,double,65536,,1312705.4742268026,939152.9215089012,1197840601.3115969,16
v100_usm_wg32.json,Clang-SYCL,sort,double,131072,,1657298.355601415,1783028.3058962254,1897543159.45709,16
v100_usm_wg32.json,Clang-SYCL,sort,double,262144,,3037841.915322582,4534494.55403226,2069620000.2221992,16
v100_usm_wg32.json,Clang-SYCL,sort,double,524288,,4775759.081788084,9168717.807947036,2634382926.548431,16
v100_usm_wg32.json,Clang-SYCL,sort,double,1048576,,9230605.952614373,20508107.580065392,2720453171.993534,16
v100_usm_wg32.json,Clang-SYCL,sort,double,2097152,,18627453.123333335,42456322.04999983,2701260645.3799877,16
v100_usm_wg32.json,Clang-SYCL,sort,double,4194304,,36090025.839743584,105572297.23076908,2788365898.8943353,16
v100_usm_wg32.json,Clang-SYCL,sort,double,8388608,,72761353.2236842,284705884.19736826,2766618002.646511,16
v100_usm_wg32.json,Clang-SYCL,sort,double,16777216,,147437586.5,714280819.0000001,2730698622.5427866,16
v100_usm_wg32.json,Clang-SYCL,sort,double,33554432,,301170981.83,1662816895.9500017,2673808997.4598603,16
v100_usm_wg32.json,Clang-SYCL,sort,double,67108864,,615863746.75,3441314442.7499914,2614852605.2288256,16
v100_usm_wg32.json,Clang-SYCL,sort,double,134217728,,1192280924.25,6503024300.499959,2654869083.690055,16
v100_usm_wg32.json,Clang-SYCL,sort,double,268435456,,2670339886.5,15669714388.50004,2328584447.848605,16
v100_usm_wg32_fixed.json,Clang-SYCL,inclusive_scan,double,8,,400236.5,169625.74999995762,535213.9155050453,16
v100_usm_wg32_fixed.json,Clang-SYCL,inclusive_scan,double,16,,177345.95051476298,60771.94905788645,2298997.197153081,16
v100_usm_wg32_fixed.json,Clang-SYCL,inclusive_scan,double,32,,193217.42026989802,62055.68465987337,4096173.215333012,16
v100_usm_wg32_fixed.json,Clang-SYCL,inclusive_scan,double,64,,208302.07137584806,72934.37658695,7480670.223517988,16
v100_usm_wg32_fixed.json,Clang-SYCL,inclusive_scan,double,128,,223423.37765443965,75491.08519144164,13840870.964174349,16
v100_usm_wg32_fixed.json,Clang-SYCL,inclusive_scan,double,256,,242798.71160931542,79332.01472888421,25382638.09514646,16
v100_usm_wg32_fixed.json,Clang-SYCL,inclusive_scan,double,512,,260738.2126331253,85156.77492655149,47152040.980054505,16
v100_usm_wg32_fixed.json,Clang-SYCL,inclusive_scan,double,1024,,290653.8099311493,100013.02674733922,84479032.69394515,16
v100_usm_wg32_fixed.json,Clang-SYCL,inclusive_scan,double,2048,,304396.03130841115,99278.19692923914,156424997.57365072,16
v100_usm_wg32_fixed.json,Clang-SYCL,inclusive_scan,double,4096,,289325.13466542715,69197.79455803474,339555227.43511623,16
v100_usm_wg32_fixed.json,Clang-SYCL,inclusive_scan,double,8192,,320930.41407933924,74047.3368493457,612647861.6938322,16
v100_usm_wg32_fixed.json,Clang-SYCL,inclusive_scan,double,16384,,364275.48742138356,81843.57140985286,1079174992.854463,16
v100_usm_wg32_fixed.json,Clang-SYCL,inclusive_scan,double,32768,,442412.6666140241,94531.90650663304,1777443104.191009,16
v100_usm_wg32_fixed.json,Clang-SYCL,inclusive_scan,double,65536,,568750.095865424,117428.65038508308,2765039967.6638327,16
v100_usm_wg32_fixed.json,Clang-SYCL,inclusive_scan,double,131072,,824708.1400646681,164420.08471487463,3813091071.3229327,16
v100_usm_wg32_fixed.json,Clang-SYCL,inclusive_scan,double,262144,,1177829.0608732156,187999.79638958795,5340310576.72481,16
v100_usm_wg32_fixed.json,Clang-SYCL,inclusive_scan,double,524288,,1869399.2479973312,244002.97663551295,6730637321.92372,16
v100_usm_wg32_fixed.json,Clang-SYCL,inclusive_scan,double,1048576,,3393592.149271847,495687.7864077693,7414229919.327028,16
v100_usm_wg32_fixed.json,Clang-SYCL,inclusive_scan,double,2097152,,6335497.176136363,931530.8420454795,7904795873.355141,16
v100_usm_wg32_fixed.json,Clang-SYCL,inclusive_scan,double,4194304,,12856912.049999993,1747160.2916666898,7822983532.920078,16
v100_usm_wg32_fixed.json,Clang-SYCL,inclusive_scan,double,8388608,,25533208.239583332,3303904.302083271,7880594176.448465,16
v100_usm_wg32_fixed.json,Clang-SYCL,inclusive_scan,double,16777216,,50875823.86458333,6255204.312500002,7908449433.4914665,16
v100_usm_wg32_fixed.json,Clang-SYCL,inclusive_scan,double,33554432,,105881901.19230771,12041476.11538449,7525471264.044552,16
v100_usm_wg32_fixed.json,Clang-SYCL,inclusive_scan,double,67108864,,234362422.87500006,23683104.083334073,6869322187.336929,16
v100_usm_wg32_fixed.json,Clang-SYCL,inclusive_scan,double,134217728,,462494448.29999995,47126147.25000108,6959558922.5678215,16
v100_usm_wg32_fixed.json,Clang-SYCL,inclusive_scan,double,268435456,,888729032.25,94134161.8749938,7248166922.0092945,16
v100_usm_wg512.json,Clang-SYCL,find,double,8,,149405.0,57359.0000001456,1210775.9055594795,11
v100_usm_wg512.json,Clang-SYCL,find,double,16,,69154.94530800224,43604.62521588946,5786780.370615776,11
v100_usm_wg512.json,Clang-SYCL,find,double,32,,65879.93320648909,38667.24524334068,12021870.112066068,11
v100_usm_wg512.json,Clang-SYCL,find,double,64,,64860.19723756881,38333.99373848985,23976276.834392395,11
v100_usm_wg512.json,Clang-SYCL,find,double,128,,63487.00109100827,37191.47415219567,48565847.74240194,11
v100_usm_wg512.json,Clang-SYCL,find,double,256,,64082.52207029455,37572.196109020835,96211699.55103655,11
v100_usm_wg512.json,Clang-SYCL,find,double,512,,64704.301056337805,37960.04132690871,189996565.8658105,11
v100_usm_wg512.json,Clang-SYCL,find,double,1024,,64320.765215787964,37932.19531538178,377560787.67405236,11
v100_usm_wg512.json,Clang-SYCL,find,double,2048,,64169.353464295025,38574.90151314052,755259471.6723993,11
v100_usm_wg512.json,Clang-SYCL,find,double,4096,,64409.16405240813,39072.69564495301,1522651243.8349156,11
v100_usm_wg512.json,Clang-SYCL,find,double,8192,,64193.94172700959,40070.76448225925,3037354742.9560227,11
v100_usm_wg512.json,Clang-SYCL,find,double,16384,,63424.103692976154,41797.26466328757,6195810827.39297,11
v100_usm_wg512.json,Clang-SYCL,find,double,32768,,63740.47952311612,46927.363305424,12337232392.528,11
v100_usm_wg512.json,Clang-SYCL,find,double,65536,,63752.77004219402,56693.92322509644,24653419810.898186,11
v100_usm_wg512.json,Clang-SYCL,find,double,131072,,64887.08628650906,77163.54193787662,48461084274.59777,11
v100_usm_wg512.json,Clang-SYCL,find,double,262144,,66491.89717297563,118528.09420220366,94548477095.82886,11
v100_usm_wg512.json,Clang-SYCL,find,double,524288,,68656.39324511112,199098.5337744419,183214783343.1996,11
v100_usm_wg512.json,Clang-SYCL,find,double,1048576,,78702.49762253533,364548.26523943595,319754913470.34906,11
v100_usm_wg512.json,Clang-SYCL,find,double,2097152,,89466.6630231665,687676.5175988743,561966087375.4268,11
v100_usm_wg512.json,Clang-SYCL,find,double,4194304,,110974.36366251209,1394180.678970917,906590464206.93,11
v100_usm_wg512.json,Clang-SYCL,find,double,8388608,,191436.1036144585,3065321.655153952,1045415863746.3495,11
v100_usm_wg512.json,Clang-SYCL,find,double,16777216,,359839.4221030044,6377744.65225322,1115562470537.4873,11
v100_usm_wg512.json,Clang-SYCL,find,double,33554432,,570226.1723856211,13146288.394607821,1411721134781.2925,11
v100_usm_wg512.json,Clang-SYCL,find,double,67108864,,886909.0012690349,27249885.989593916,1815480663047.917,11
v100_usm_wg512.json,Clang-SYCL,find,double,134217728,,1590325.7090909083,54763115.3545454,2025059346091.2778,11
v100_usm_wg512.json,Clang-SYCL,find,double,268435456,,2821004.169354839,108475997.87096794,2283691687223.667,11
v100_usm_wg512.json,Clang-SYCL,for_each,double,8,,20009.65221468788,11904.032383494972,10741773.573943663,11
v100_usm_wg512.json,Clang-SYCL,for_each,double,16,,19401.19134793802,11674.573268340046,20947274.7172508,11
v100_usm_wg512.json,Clang-SYCL,for_each,double,32,,21006.400690718157,13676.873278912502,36772811.36030227,11
v100_usm_wg512.json,Clang-SYCL,for_each,double,64,,19700.138506447547,11959.05659628659,79142225.41112316,11
v100_usm_wg512.json,Clang-SYCL,for_each,double,128,,19345.40524512386,11687.907188983707,159195347.24215943,11
v100_usm_wg512.json,Clang-SYCL,for_each,double,256,,19466.70270944847,11778.08505504871,306281257.2755675,11
v100_usm_wg512.json,Clang-SYCL,for_each,double,512,,19566.175598568007,11814.329055716722,628770963.9751949,11
v100_usm_wg512.json,Clang-SYCL,for_each,double,1024,,19530.127261018013,11797.599792799443,1259422551.430723,11
v100_usm_wg512.json,Clang-SYCL,for_each,double,2048,,19524.80426484135,11792.741740159994,2501240314.411721,11
v100_usm_wg512.json,Clang-SYCL,for_each,double,4096,,19483.242787122705,11701.118747911985,5037425566.530373,11
v100_usm_wg512.json,Clang-SYCL,for_each,double,8192,,19977.30588528954,11952.059324386386,9696460648.993618,11
v100_usm_wg512.json,Clang-SYCL,for_each,double,16384,,19368.454568312332,11700.67052204667,20077195554.989677,11
v100_usm_wg512.json,Clang-SYCL,for_each,double,32768,,19753.001187178488,11889.676454294397,39656742096.465546,11
v100_usm_wg512.json,Clang-SYCL,for_each,double,65536,,19925.47402917543,12119.796554623137,78714619162.03543,11
v100_usm_wg512.json,Clang-SYCL,for_each,double,131072,,20880.976036346412,13162.67202161995,148876897131.53033,11
v100_usm_wg512.json,Clang-SYCL,for_each,double,262144,,23284.17503863475,15220.032157494821,268387800227.26187,11
v100_usm_wg512.json,Clang-SYCL,for_each,double,524288,,25970.81303196587,17881.38151886133,483629838251.8766,11
v100_usm_wg512.json,Clang-SYCL,for_each,double,1048576,,31639.19870141829,23992.272103520445,792159007816.6516,11
v100_usm_wg512.json,Clang-SYCL,for_each,double,2097152,,44502.21895071532,36810.16826709637,1130929423116.4392,11
v100_usm_wg512.json,Clang-SYCL,for_each,double,4194304,,70067.42367256669,62234.438153658724,1436535870663.71,11
v100_usm_wg512.json,Clang-SYCL,for_each,double,8388608,,120728.48902266276,112778.03169263706,1663940321511.0166,11
v100_usm_wg512.json,Clang-SYCL,for_each,double,16777216,,222405.4995128287,214061.63299774044,1809699841923.7349,11
v100_usm_wg512.json,Clang-SYCL,for_each,double,33554432,,428465.3484384568,415372.85462337645,1879451626982.9648,11
v100_usm_wg512.json,Clang-SYCL,for_each,double,67108864,,835990.3488649934,820839.5459976454,1926445630314.6404,11
v100_usm_wg512.json,Clang-SYCL,for_each,double,134217728,,1744422.299999999,1611830.8249997424,1846323260919.7024,11
v100_usm_wg512.json,Clang-SYCL,for_each,double,268435456,,3811956.0,3636528.00001546,1673831256259.8647,11
v100_usm_wg512.json,Clang-SYCL,inclusive_scan,double,8,,210622.1988174428,122954.96932743603,1014774.0022239703,11
v100_usm_wg512.json,Clang-SYCL,inclusive_scan,double,16,,248922.89315166732,146605.12656868872,1618315.0889395112,11
v100_usm_wg512.json,Clang-SYCL,inclusive_scan,double,32,,284671.3231831101,169395.657978072,2772845.236517664,11
v100_usm_wg512.json,Clang-SYCL,inclusive_scan,double,64,,320409.95386766084,192018.84305684123,4861967.940690896,11
v100_usm_wg512.json,Clang-SYCL,inclusive_scan,double,128,,358388.7326175873,214415.27750512105,8618967.21437115,11
v100_usm_wg512.json,Clang-SYCL,inclusive_scan,double,256,,400785.20748299314,238296.2658730001,15389534.849766292,11
v100_usm_wg512.json,Clang-SYCL,inclusive_scan,double,512,,444683.75015615136,263231.55140537285,27253908.887238387,11
v100_usm_wg512.json,Clang-SYCL,inclusive_scan,double,1024,,468541.6551724136,278626.82839757827,52439363.38168925,11
v100_usm_wg512.json,Clang-SYCL,inclusive_scan,double,2048,,525536.839970501,308122.6312684698,92729622.0033465,11
v100_usm_wg512.json,Clang-SYCL,inclusive_scan,double,4096,,561574.3352226716,331659.70267207024,174549442.84522557,11
v100_usm_wg512.json,Clang-SYCL,inclusive_scan,double,8192,,604339.9163920208,349584.036600149,324815654.5799244,11
v100_usm_wg512.json,Clang-SYCL,inclusive_scan,double,16384,,666341.7183634632,375521.86584209395,587587968.9600979,11
v100_usm_wg512.json,Clang-SYCL,inclusive_scan,double,32768,,800966.7018229174,403953.5455728031,967138957.7816435,11
v100_usm_wg512.json,Clang-SYCL,inclusive_scan,double,65536,,851509.7878787882,426880.84484849015,1837065539.4409413,11
v100_usm_wg512.json,Clang-SYCL,inclusive_scan,double,131072,,1053787.2892586992,457222.4841148813,2982906432.8008614,11
v100_usm_wg512.json,Clang-SYCL,inclusive_scan,double,262144,,1329502.9540229891,491374.65517256444,4721600383.523582,11
v100_usm_wg512.json,Clang-SYCL,inclusive_scan,double,524288,,1846688.892105264,563722.650000081,6777801206.227212,11
v100_usm_wg512.json,Clang-SYCL,inclusive_scan,double,1048576,,2930090.2175732222,767741.3221760567,8584519088.831482,11
v100_usm_wg512.json,Clang-SYCL,inclusive_scan,double,2097152,,5026907.440000001,1106487.916000106,9960534207.19229,11
v100_usm_wg512.json,Clang-SYCL,inclusive_scan,double,4194304,,9165620.565333335,1762434.0133337076,10975767691.13934,11
v100_usm_wg512.json,Clang-SYCL,inclusive_scan,double,8388608,,17553546.277777776,3109607.3611125676,11467528374.274666,11
v100_usm_wg512.json,Clang-SYCL,inclusive_scan,double,16777216,,35098406.75789474,6709698.5894750105,11436678956.429771,11
v100_usm_wg512.json,Clang-SYCL,inclusive_scan,double,33554432,,69045743.33333333,12050040.999990113,11593570507.043005,11
v100_usm_wg512.json,Clang-SYCL,inclusive_scan,double,67108864,,135201507.62500003,22604522.475003816,11588165069.747831,11
v100_usm_wg512.json,Clang-SYCL,inclusive_scan,double,134217728,,291700584.0,42885746.99990022,11031393105.910583,11
v100_usm_wg512.json,Clang-SYCL,inclusive_scan,double,268435456,,579929007.0,84842341.00001231,10079869532.498102,11
v100_usm_wg512.json,Clang-SYCL,reduce,double,8,,75091.88120533121,44274.9024531553,2848244.199013802,11
v100_usm_wg512.json,Clang-SYCL,reduce,double,16,,70201.0315121953,40062.59276097918,5645879.087718921,11
v100_usm_wg512.json,Clang-SYCL,reduce,double,32,,70057.67040898149,41527.28241780274,11243332.400789933,11
v100_usm_wg512.json,Clang-SYCL,reduce,double,64,,69787.11011327687,41684.063782027384,22340500.476759974,11
v100_usm_wg512.json,Clang-SYCL,reduce,double,128,,71054.6787472919,43191.242072092915,43462152.104473196,11
v100_usm_wg512.json,Clang-SYCL,reduce,double,256,,73230.65461436013,45536.85772815782,81786552.19235218,11
v100_usm_wg512.json,Clang-SYCL,reduce,double,512,,71764.66010716,44314.5754505595,169936043.79066956,11
v100_usm_wg512.json,Clang-SYCL,reduce,double,1024,,76802.49248462771,41385.79116375474,320231661.23058045,11
v100_usm_wg512.json,Clang-SYCL,reduce,double,2048,,76846.0408642661,42126.0514570644,638706815.6509471,11
v100_usm_wg512.json,Clang-SYCL,reduce,double,4096,,76696.96468735965,41191.38281600959,1280494554.578741,11
v100_usm_wg512.json,Clang-SYCL,reduce,double,8192,,76862.46322309479,41043.19900453438,2557916305.4169984,11
v100_usm_wg512.json,Clang-SYCL,reduce,double,16384,,78037.41993868513,42220.24083115503,5034791940.309298,11
v100_usm_wg512.json,Clang-SYCL,reduce,double,32768,,77703.13642326172,41628.964473113585,10109387351.735329,11
v100_usm_wg512.json,Clang-SYCL,reduce,double,65536,,77761.5587877447,41895.91726579104,20208430366.226803,11
v100_usm_wg512.json,Clang-SYCL,reduce,double,131072,,78754.1475151784,42384.51293007165,39902567496.72933,11
v100_usm_wg512.json,Clang-SYCL,reduce,double,262144,,81985.20953273216,44986.313854075925,76702746475.5559,11
v100_usm_wg512.json,Clang-SYCL,reduce,double,524288,,99279.3168234642,52409.199501933195,123934612647.29832,11
v100_usm_wg512.json,Clang-SYCL,reduce,double,1048576,,116338.25964343564,67381.27063208507,212268276553.38727,11
v100_usm_wg512.json,Clang-SYCL,reduce,double,2097152,,116992.95200599938,73523.87499062344,422772242897.74414,11
v100_usm_wg512.json,Clang-SYCL,reduce,double,4194304,,144477.66702214902,102351.92313371194,696580669611.0518,11
v100_usm_wg512.json,Clang-SYCL,reduce,double,8388608,,203150.17786808353,158598.01075335598,989202938898.484,11
v100_usm_wg512.json,Clang-SYCL,reduce,double,16777216,,330771.954653938,266458.1575178841,1217311807609.2722,11
v100_usm_wg512.json,Clang-SYCL,reduce,double,33554432,,559557.2806397306,494948.00841750583,1439003474949.507,11
v100_usm_wg512.json,Clang-SYCL,reduce,double,67108864,,1020803.8271903319,954118.3096676719,1577619705966.4302,11
v100_usm_wg512.json,Clang-SYCL,reduce,double,134217728,,1951931.8988095238,1870101.2071427875,1650111181886.7703,11
v100_usm_wg512.json,Clang-SYCL,reduce,double,268435456,,3836754.638418077,3692313.3265537536,1667991857589.5278,11
v100_usm_wg512.json,Clang-SYCL,sort,double,8,,383073.75,148688.49999988277,551550.5844853716,16
v100_usm_wg512.json,Clang-SYCL,sort,double,16,,145482.42593273765,47006.72383079353,2802708.2123921104,16
v100_usm_wg512.json,Clang-SYCL,sort,double,32,,183916.44791474807,51956.817346401906,4305890.902172273,16
v100_usm_wg512.json,Clang-SYCL,sort,double,64,,229714.3835330808,58322.89032999521,6789998.675060571,16
v100_usm_wg512.json,Clang-SYCL,sort,double,128,,281466.7520330112,65597.74658816421,10998698.015415959,16
v100_usm_wg512.json,Clang-SYCL,sort,double,256,,340824.52331467485,74541.95357751293,18092805.39222444,16
v100_usm_wg512.json,Clang-SYCL,sort,double,512,,407705.84293414885,85196.16950757636,30190753.791413415,16
v100_usm_wg512.json,Clang-SYCL,sort,double,1024,,481528.7421794436,98039.64523891393,51068388.39181779,16
v100_usm_wg512.json,Clang-SYCL,sort,double,2048,,567076.253752536,118061.86182555818,86689436.60681209,16
v100_usm_wg512.json,Clang-SYCL,sort,double,4096,,663412.7438330175,146968.76067362278,148155703.66106457,16
v100_usm_wg512.json,Clang-SYCL,sort,double,8192,,778988.4094602113,198364.70520311757,252329501.04756582,16
v100_usm_wg512.json,Clang-SYCL,sort,double,16384,,910539.9002599092,284434.19623132,431862399.6837994,16
v100_usm_wg512.json,Clang-SYCL,sort,double,32768,,1068707.7163093407,437697.5869065842,735460351.8390626,16
v100_usm_wg512.json,Clang-SYCL,sort,double,65536,,1299519.497691598,889605.3134810664,1209015419.04267,16
v100_usm_wg512.json,Clang-SYCL,sort,double,131072,,1638975.1013824882,1677371.9862327238,1918305321.594123,16
v100_usm_wg512.json,Clang-SYCL,sort,double,262144,,3122236.3262626287,4522855.704040411,2012865186.7139711,16
v100_usm_wg512.json,Clang-SYCL,sort,double,524288,,4748397.91467577,9131379.80716724,2642689061.5070333,16
v100_usm_wg512.json,Clang-SYCL,sort,double,1048576,,9396509.793333337,20656996.263333365,2599811108.7259684,16
v100_usm_wg512.json,Clang-SYCL,sort,double,2097152,,18342491.50328947,39344889.37499994,2742244644.4570484,16
v100_usm_wg512.json,Clang-SYCL,sort,double,4194304,,34680306.39375,93389522.71250013,2902277813.801489,16
v100_usm_wg512.json,Clang-SYCL,sort,double,8388608,,72387429.5,285661213.5210522,2781175777.8503103,16
v100_usm_wg512.json,Clang-SYCL,sort,double,16777216,,146578431.125,712132890.2249985,2746495152.3709025,16
v100_usm_wg512.json,Clang-SYCL,sort,double,33554432,,299544890.3,1586183324.3499975,2688227625.4317837,16
v100_usm_wg512.json,Clang-SYCL,sort,double,67108864,,612665855.125,3587309817.2500024,2628293458.767338,16
v100_usm_wg512.json,Clang-SYCL,sort,double,134217728,,1261914682.75,7417444101.749992,2552512943.528819,16
v100_usm_wg512.json,Clang-SYCL,sort,double,268435456,,2625119291.25,15667981824.900032,2452581762.380699,16
v100_usm_wg512_fixed.json,Clang-SYCL,inclusive_scan,double,8,,447114.5,173550.999999994,480253.0246943376,16
v100_usm_wg512_fixed.json,Clang-SYCL,inclusive_scan,double,16,,149980.74732663645,50616.510612443264,2712960.513827174,16
v100_usm_wg512_fixed.json,Clang-SYCL,inclusive_scan,double,32,,165436.4429831835,52721.12068924679,4783833.9857359,16
v100_usm_wg512_fixed.json,Clang-SYCL,inclusive_scan,double,64,,180678.171078811,54597.22499353999,8630614.788537804,16
v100_usm_wg512_fixed.json,Clang-SYCL,inclusive_scan,double,128,,197422.91204420634,57058.334752921284,15667610.097546183,16
v100_usm_wg512_fixed.json,Clang-SYCL,inclusive_scan,double,256,,213648.8794805588,59630.85214155524,28846252.87071956,16
v100_usm_wg512_fixed.json,Clang-SYCL,inclusive_scan,double,512,,229865.4235013178,61655.19952239811,53555393.7187879,16
v100_usm_wg512_fixed.json,Clang-SYCL,inclusive_scan,double,1024,,247909.69025101635,64157.53190737133,99112546.7527028,16
v100_usm_wg512_fixed.json,Clang-SYCL,inclusive_scan,double,2048,,265210.10518841085,66162.90039765195,185384475.04563338,16
v100_usm_wg512_fixed.json,Clang-SYCL,inclusive_scan,double,4096,,289461.09331820975,70190.75525881609,339070184.6916063,16
v100_usm_wg512_fixed.json,Clang-SYCL,inclusive_scan,double,8192,,319677.87238128507,75366.5428305399,614950432.013741,16
v100_usm_wg512_fixed.json,Clang-SYCL,inclusive_scan,double,16384,,366476.0845098044,82839.80653594693,1060637777.9634011,16
v100_usm_wg512_fixed.json,Clang-SYCL,inclusive_scan,double,32768,,441206.13373379724,93817.24321846417,1782396846.5329895,16
v100_usm_wg512_fixed.json,Clang-SYCL,inclusive_scan,double,65536,,585698.237594618,120353.67703952763,2683344164.5021133,16
v100_usm_wg512_fixed.json,Clang-SYCL,inclusive_scan,double,131072,,861796.1796262255,169795.0824142169,3649169314.9999595,16
v100_usm_wg512_fixed.json,Clang-SYCL,inclusive_scan,double,262144,,1237928.285745808,181421.6110326561,5080654816.626905,16
v100_usm_wg512_fixed.json,Clang-SYCL,inclusive_scan,double,524288,,1991047.2588904698,229728.29480796744,6317268481.384472,16
v100_usm_wg512_fixed.json,Clang-SYCL,inclusive_scan,double,1048576,,3652917.05533854,475253.46354165836,6887382968.065189,16
v100_usm_wg512_fixed.json,Clang-SYCL,inclusive_scan,double,2097152,,6930584.329601988,938006.9589552339,7255859622.638979,16
v100_usm_wg512_fixed.json,Clang-SYCL,inclusive_scan,double,4194304,,12753633.114130437,1667156.0326086674,7889845857.139916,16
v100_usm_wg512_fixed.json,Clang-SYCL,inclusive_scan,double,8388608,,25266765.145833336,3063734.822916775,7962079086.556734,16
v100_usm_wg512_fixed.json,Clang-SYCL,inclusive_scan,double,16777216,,50270899.099999994,5737497.879999865,8002499861.680559,16
v100_usm_wg512_fixed.json,Clang-SYCL,inclusive_scan,double,33554432,,100049351.92307691,11034320.21923112,8047922039.886122,16
v100_usm_wg512_fixed.json,Clang-SYCL,inclusive_scan,double,67108864,,225788941.00000003,21463700.000000566,7086420476.93696,16
v100_usm_wg512_fixed.json,Clang-SYCL,inclusive_scan,double,134217728,,456796542.8333334,42571436.1000009,7048088305.479872,16
v100_usm_wg512_fixed.json,Clang-SYCL,inclusive_scan,double,268435456,,878170640.0,84811628.37499596,7333571495.435827,16
v100_usm_wg64.json,Clang-SYCL,find,double,8,,145102.00000000003,66580.99999978795,1199873.3467022926,11
v100_usm_wg64.json,Clang-SYCL,find,double,16,,70779.25498528931,42305.52242562931,5488680.585642848,11
v100_usm_wg64.json,Clang-SYCL,find,double,32,,71128.61144248335,46515.484662203286,10698467.33908636,11
v100_usm_wg64.json,Clang-SYCL,find,double,64,,63642.808363636526,37028.08018181815,24511038.947051,11
v100_usm_wg64.json,Clang-SYCL,find,double,128,,62773.629082002815,36916.78800798257,49212525.38969573,11
v100_usm_wg64.json,Clang-SYCL,find,double,256,,64466.04043675379,37437.62848153978,92537533.26152578,11
v100_usm_wg64.json,Clang-SYCL,find,double,512,,64283.41906441422,37968.564507146875,190556862.68014848,11
v100_usm_wg64.json,Clang-SYCL,find,double,1024,,63792.55686988171,37316.3586897179,385464428.2234628,11
v100_usm_wg64.json,Clang-SYCL,find,double,2048,,63543.80835176988,37777.61528392329,773370879.2447624,11
v100_usm_wg64.json,Clang-SYCL,find,double,4096,,63657.30206118858,38263.18754043791,1537044390.4894416,11
v100_usm_wg64.json,Clang-SYCL,find,double,8192,,65284.84349408564,41114.78016378541,2957442157.3815484,11
v100_usm_wg64.json,Clang-SYCL,find,double,16384,,64346.60859875575,42781.32249976775,6102746970.515341,11
v100_usm_wg64.json,Clang-SYCL,find,double,32768,,64834.40689590391,48180.02339346132,12059030599.130503,11
v100_usm_wg64.json,Clang-SYCL,find,double,65536,,65992.4098452884,59150.82869198323,23826378982.684746,11
v100_usm_wg64.json,Clang-SYCL,find,double,131072,,68257.1855163605,80863.02515476101,43717772123.61559,11
v100_usm_wg64.json,Clang-SYCL,find,double,262144,,77032.42059723542,125278.96496781657,80031868181.80359,11
v100_usm_wg64.json,Clang-SYCL,find,double,524288,,82390.35177069769,212243.3572189981,152721564512.35022,11
v100_usm_wg64.json,Clang-SYCL,find,double,1048576,,100027.96967095825,386712.72618025803,251302104025.61496,11
v100_usm_wg64.json,Clang-SYCL,find,double,2097152,,130068.46574523703,725944.3863653338,383198906050.9209,11
v100_usm_wg64.json,Clang-SYCL,find,double,4194304,,186999.46299916293,1462236.6883552086,535341240274.6725,11
v100_usm_wg64.json,Clang-SYCL,find,double,8388608,,338466.5965652601,3207294.2568204124,586931771043.4541,11
v100_usm_wg64.json,Clang-SYCL,find,double,16777216,,662472.2912142151,6802804.527147072,604543224104.7734,11
v100_usm_wg64.json,Clang-SYCL,find,double,33554432,,1177219.8465430022,14134469.080944393,683700485862.9374,11
v100_usm_wg64.json,Clang-SYCL,find,double,67108864,,2188043.4267912772,28292133.369470447,736011629152.0164,11
v100_usm_wg64.json,Clang-SYCL,find,double,134217728,,4016999.833333331,56431877.534482844,801877615765.1765,11
v100_usm_wg64.json,Clang-SYCL,find,double,268435456,,7766388.0,7643012.000016824,825155486221.0474,11
v100_usm_wg64.json,Clang-SYCL,for_each,double,8,,19035.41791288041,11562.669043640775,11345928.652255598,11
v100_usm_wg64.json,Clang-SYCL,for_each,double,16,,18868.81504275347,11441.357279014603,18732242.628336836,11
v100_usm_wg64.json,Clang-SYCL,for_each,double,32,,27073.57994377464,15253.025185813176,27918903.84212249,11
v100_usm_wg64.json,Clang-SYCL,for_each,double,64,,25865.645776621306,15187.299646383955,58523887.27253865,11
v100_usm_wg64.json,Clang-SYCL,for_each,double,128,,22346.47697731345,13625.768761221561,138535059.47122407,11
v100_usm_wg64.json,Clang-SYCL,for_each,double,256,,22017.190117432787,13421.117751536445,277653935.7429761,11
v100_usm_wg64.json,Clang-SYCL,for_each,double,512,,20900.215832466867,11985.854846279422,587962250.7329923,11
v100_usm_wg64.json,Clang-SYCL,for_each,double,1024,,20857.801614069012,11923.935708263054,1178634945.9569814,11
v100_usm_wg64.json,Clang-SYCL,for_each,double,2048,,20831.461642967275,11858.943755093862,2360385116.826407,11
v100_usm_wg64.json,Clang-SYCL,for_each,double,4096,,20839.376086438777,11905.210203595387,4700673559.013153,11
v100_usm_wg64.json,Clang-SYCL,for_each,double,8192,,20910.56564067562,11920.41453207166,9384315491.166693,11
v100_usm_wg64.json,Clang-SYCL,for_each,double,16384,,20874.666542840074,11916.951647692376,18815776570.125076,11
v100_usm_wg64.json,Clang-SYCL,for_each,double,32768,,20832.109800609265,11923.174595034765,37741186973.18521,11
v100_usm_wg64.json,Clang-SYCL,for_each,double,65536,,21174.666696972396,12260.435281994873,74199941861.98906,11
v100_usm_wg64.json,Clang-SYCL,for_each,double,131072,,23332.826947424623,14348.985460118452,134811178621.01036,11
v100_usm_wg64.json,Clang-SYCL,for_each,double,262144,,25617.837201689927,16694.07179233396,245490959741.48074,11
v100_usm_wg64.json,Clang-SYCL,for_each,double,524288,,31977.01686934266,23048.97567888806,393195496250.1201,11
v100_usm_wg64.json,Clang-SYCL,for_each,double,1048576,,45473.39682952198,36515.23070426253,553197899223.2885,11
v100_usm_wg64.json,Clang-SYCL,for_each,double,2097152,,71660.43573770493,62415.8675204921,701705401991.9606,11
v100_usm_wg64.json,Clang-SYCL,for_each,double,4194304,,122878.41564285716,113671.97410714472,819068471227.1061,11
v100_usm_wg64.json,Clang-SYCL,for_each,double,8388608,,225163.61485602142,215489.15641361597,894053988948.0975,11
v100_usm_wg64.json,Clang-SYCL,for_each,double,16777216,,432685.03034055687,418482.95616099937,930571398274.6694,11
v100_usm_wg64.json,Clang-SYCL,for_each,double,33554432,,844141.3995139729,826917.5346294037,953910700544.6312,11
v100_usm_wg64.json,Clang-SYCL,for_each,double,67108864,,1756534.6145728647,1624066.419597925,916886361209.5201,11
v100_usm_wg64.json,Clang-SYCL,for_each,double,134217728,,3392257.4097087383,3259302.6456311233,949568958040.489,11
v100_usm_wg64.json,Clang-SYCL,for_each,double,268435456,,6665837.646464648,6530866.575757835,966461355289.8672,11
v100_usm_wg64.json,Clang-SYCL,inclusive_scan,double,8,,213787.60995370368,119948.86149691841,1008556.7866404277,11
v100_usm_wg64.json,Clang-SYCL,inclusive_scan,double,16,,259578.74040219406,147249.19378425975,1568519.3835059125,11
v100_usm_wg64.json,Clang-SYCL,inclusive_scan,double,32,,298491.1486371391,168429.3852640482,2651388.6289079604,11
v100_usm_wg64.json,Clang-SYCL,inclusive_scan,double,64,,339631.5814021425,192062.16991237272,4592203.510045826,11
v100_usm_wg64.json,Clang-SYCL,inclusive_scan,double,128,,381006.29072956636,215286.6972024274,8122426.356897346,11
v100_usm_wg64.json,Clang-SYCL,inclusive_scan,double,256,,422584.42986698943,238799.13724304945,14586459.882471738,11
v100_usm_wg64.json,Clang-SYCL,inclusive_scan,double,512,,462623.5415834995,262412.38669328287,26602122.69285004,11
v100_usm_wg64.json,Clang-SYCL,inclusive_scan,double,1024,,504647.469358327,285163.36005768494,48703998.27092113,11
v100_usm_wg64.json,Clang-SYCL,inclusive_scan,double,2048,,549203.0142180098,310856.7827804348,89540659.33163153,11
v100_usm_wg64.json,Clang-SYCL,inclusive_scan,double,4096,,596872.9631849311,334236.4022260279,164548167.46330392,11
v100_usm_wg64.json,Clang-SYCL,inclusive_scan,double,8192,,644287.1496774199,356164.9240552788,305188817.2213956,11
v100_usm_wg64.json,Clang-SYCL,inclusive_scan,double,16384,,705476.0116817731,379524.822356506,557158979.4237374,11
v100_usm_wg64.json,Clang-SYCL,inclusive_scan,double,32768,,785193.9797068775,405038.5479143171,960912227.4784259,11
v100_usm_wg64.json,Clang-SYCL,inclusive_scan,double,65536,,906710.1835723601,431122.53037808824,1729930653.6480377,11
v100_usm_wg64.json,Clang-SYCL,inclusive_scan,double,131072,,1034883.1073964499,461628.1855029402,3033338620.101746,11
v100_usm_wg64.json,Clang-SYCL,inclusive_scan,double,262144,,1225435.4700704226,495656.7492957526,5121873958.2163725,11
v100_usm_wg64.json,Clang-SYCL,inclusive_scan,double,524288,,1589784.6490825687,554475.9633027059,7909964142.941197,11
v100_usm_wg64.json,Clang-SYCL,inclusive_scan,double,1048576,,2466022.612099644,753266.5124555199,10202836359.59242,11
v100_usm_wg64.json,Clang-SYCL,inclusive_scan,double,2097152,,5327126.833333333,1094488.058730179,9433003643.386623,11
v100_usm_wg64.json,Clang-SYCL,inclusive_scan,double,4194304,,10766731.950000001,1746738.5600000776,9348964394.051579,11
v100_usm_wg64.json,Clang-SYCL,inclusive_scan,double,8388608,,19316750.787878785,3105211.909090747,10220030048.588789,11
v100_usm_wg64.json,Clang-SYCL,inclusive_scan,double,16777216,,38133035.0,6542642.176470829,10479393991.825136,11
v100_usm_wg64.json,Clang-SYCL,inclusive_scan,double,33554432,,78403530.77777778,11841006.000003694,10172886106.359245,11
v100_usm_wg64.json,Clang-SYCL,inclusive_scan,double,67108864,,155033232.25,22139285.499989115,10375739923.915558,11
v100_usm_wg64.json,Clang-SYCL,inclusive_scan,double,134217728,,310357896.90000004,42975287.70000554,10368247134.619564,11
v100_usm_wg64.json,Clang-SYCL,inclusive_scan,double,268435456,,614976610.0,85229516.0000267,9474637049.021242,11
v100_usm_wg64.json,Clang-SYCL,reduce,double,8,,73534.79022313558,42246.502201993506,2751849.3472417444,11
v100_usm_wg64.json,Clang-SYCL,reduce,double,16,,71351.19148271559,39993.179571012624,5632767.780504812,11
v100_usm_wg64.json,Clang-SYCL,reduce,double,32,,68999.19714369567,38027.82187225012,11475153.345975399,11
v100_usm_wg64.json,Clang-SYCL,reduce,double,64,,68802.08694447184,37884.166366424426,22660572.14061178,11
v100_usm_wg64.json,Clang-SYCL,reduce,double,128,,78448.55168860915,39871.97492845094,38793167.83247063,11
v100_usm_wg64.json,Clang-SYCL,reduce,double,256,,78543.9070082381,39621.49700936914,78464506.71537024,11
v100_usm_wg64.json,Clang-SYCL,reduce,double,512,,78721.47403327332,39708.44739208302,156284970.08198437,11
v100_usm_wg64.json,Clang-SYCL,reduce,double,1024,,78045.57997302759,39577.9535850682,315027557.46342057,11
v100_usm_wg64.json,Clang-SYCL,reduce,double,2048,,78607.10249245547,39466.50922096041,623664304.7598399,11
v100_usm_wg64.json,Clang-SYCL,reduce,double,4096,,78658.19821951777,39507.396506645106,1249717143.671181,11
v100_usm_wg64.json,Clang-SYCL,reduce,double,8192,,86956.08652642141,40551.4494114658,2246283665.71797,11
v100_usm_wg64.json,Clang-SYCL,reduce,double,16384,,87183.01547116766,40918.29282700291,4457490387.83253,11
v100_usm_wg64.json,Clang-SYCL,reduce,double,32768,,89722.46226703344,41533.452337306735,8673308186.785828,11
v100_usm_wg64.json,Clang-SYCL,reduce,double,65536,,88365.88589080822,41342.48309166812,17776713451.190353,11
v100_usm_wg64.json,Clang-SYCL,reduce,double,131072,,89404.28827231863,41649.138471431244,35155059225.65267,11
v100_usm_wg64.json,Clang-SYCL,reduce,double,262144,,91747.90822079421,44786.36003671532,68521301608.384705,11
v100_usm_wg64.json,Clang-SYCL,reduce,double,524288,,105145.27258734804,51255.95998151451,119665183356.8988,11
v100_usm_wg64.json,Clang-SYCL,reduce,double,1048576,,120018.16479336009,65141.15856822181,209601300247.86392,11
v100_usm_wg64.json,Clang-SYCL,reduce,double,2097152,,148127.97705334466,93301.41443691512,339707979056.24884,11
v100_usm_wg64.json,Clang-SYCL,reduce,double,4194304,,200498.5651524209,143872.8302450868,501993597792.6138,11
v100_usm_wg64.json,Clang-SYCL,reduce,double,8388608,,304523.57175090257,247101.0582130245,660548093060.0946,11
v100_usm_wg64.json,Clang-SYCL,reduce,double,16777216,,526795.6785998407,446630.4081145738,764268937632.8291,11
v100_usm_wg64.json,Clang-SYCL,reduce,double,33554432,,951485.840559441,858686.3586013898,846362220661.3204,11
v100_usm_wg64.json,Clang-SYCL,reduce,double,67108864,,1791355.6377952762,1687075.4960630469,898616445770.3889,11
v100_usm_wg64.json,Clang-SYCL,reduce,double,134217728,,3468384.3279569903,3338104.201075308,920282313731.7251,11
v100_usm_wg64.json,Clang-SYCL,reduce,double,268435456,,6940051.514851485,6639288.643564124,928208551440.4834,11
v100_usm_wg64.json,Clang-SYCL,sort,double,8,,399666.5,172820.00000001796,534944.9133256178,16
v100_usm_wg64.json,Clang-SYCL,sort,double,16,,144777.8552301253,47089.71861924685,2814752.4791019084,16
v100_usm_wg64.json,Clang-SYCL,sort,double,32,,182135.9642623586,52083.45082396029,4344342.205377871,16
v100_usm_wg64.json,Clang-SYCL,sort,double,64,,222562.93512965913,60687.74574554278,7007282.221073461,16
v100_usm_wg64.json,Clang-SYCL,sort,double,128,,276377.3532414749,68436.36300555123,11191208.137167823,16
v100_usm_wg64.json,Clang-SYCL,sort,double,256,,339067.36263068346,79727.71492827625,18185555.086775996,16
v100_usm_wg64.json,Clang-SYCL,sort,double,512,,407914.56595806626,91767.97175305795,30163572.71585638,16
v100_usm_wg64.json,Clang-SYCL,sort,double,1024,,484953.2577854671,106501.37188581363,50710703.99534739,16
v100_usm_wg64.json,Clang-SYCL,sort,double,2048,,572912.939701065,125551.83947583952,85817322.76910406,16
v100_usm_wg64.json,Clang-SYCL,sort,double,4096,,668521.8524082022,155438.72124463593,147042870.8990438,16
v100_usm_wg64.json,Clang-SYCL,sort,double,8192,,780462.0993322202,205337.0175292173,251862374.60196584,16
v100_usm_wg64.json,Clang-SYCL,sort,double,16384,,915774.6512770134,296137.1167648983,429359245.0719411,16
v100_usm_wg64.json,Clang-SYCL,sort,double,32768,,1067935.4363981755,458756.82135258225,732535076.5052032,16
v100_usm_wg64.json,Clang-SYCL,sort,double,65536,,1300496.526462395,949397.8370937775,1209413709.1358974,16
v100_usm_wg64.json,Clang-SYCL,sort,double,131072,,1639939.287499999,1782736.3662383114,1917979001.8090434,16
v100_usm_wg64.json,Clang-SYCL,sort,double,262144,,3064173.5015495876,4602633.045454548,2046473709.8070245,16
v100_usm_wg64.json,Clang-SYCL,sort,double,524288,,4733823.020034842,9263978.475609735,2655399139.314413,16
v100_usm_wg64.json,Clang-SYCL,sort,double,1048576,,8956249.734076433,20840001.344904438,2804938999.933672,16
v100_usm_wg64.json,Clang-SYCL,sort,double,2097152,,18581056.042253524,42460743.94366187,2708692703.1662164,16
v100_usm_wg64.json,Clang-SYCL,sort,double,4194304,,35905424.76282051,105661513.24999997,2800374558.628215,16
v100_usm_wg64.json,Clang-SYCL,sort,double,8388608,,72332674.34210527,285665692.6052621,2783139912.8895745,16
v100_usm_wg64.json,Clang-SYCL,sort,double,16777216,,146574656.875,716300509.4549997,2746864805.8689423,16
v100_usm_wg64.json,Clang-SYCL,sort,double,33554432,,299795787.6,1594503534.8000004,2674235633.1615024,16
v100_usm_wg64.json,Clang-SYCL,sort,double,67108864,,612674617.65,3627469660.000031,2628707255.5343585,16
v100_usm_wg64.json,Clang-SYCL,sort,double,134217728,,1261417012.75,7451494066.999998,2552518151.0454135,16
v100_usm_wg64.json,Clang-SYCL,sort,double,268435456,,2623552513.75,15791676776.400026,2453093106.619364,16
v100_usm_wg64_fixed.json,Clang-SYCL,inclusive_scan,double,8,,378443.0,170933.25000006042,553500.98157419,16
v100_usm_wg64_fixed.json,Clang-SYCL,inclusive_scan,double,16,,156712.54327755328,66704.04371032893,2590426.637814677,16
v100_usm_wg64_fixed.json,Clang-SYCL,inclusive_scan,double,32,,194590.20533514128,69358.57448250375,4044675.079247594,16
v100_usm_wg64_fixed.json,Clang-SYCL,inclusive_scan,double,64,,197665.74438286386,72241.67040143798,7634817.92297508,16
v100_usm_wg64_fixed.json,Clang-SYCL,inclusive_scan,double,128,,225641.1547024246,73631.03960323273,13712701.587589718,16
v100_usm_wg64_fixed.json,Clang-SYCL,inclusive_scan,double,256,,213331.31854199644,58979.055291424695,28886824.401919074,16
v100_usm_wg64_fixed.json,Clang-SYCL,inclusive_scan,double,512,,229719.20011503636,61328.78993426477,53556709.889254525,16
v100_usm_wg64_fixed.json,Clang-SYCL,inclusive_scan,double,1024,,247909.5319992944,63383.5887253172,99210569.09647155,16
v100_usm_wg64_fixed.json,Clang-SYCL,inclusive_scan,double,2048,,265755.7284451624,65323.39460178641,185005253.97643238,16
v100_usm_wg64_fixed.json,Clang-SYCL,inclusive_scan,double,4096,,290481.97515527887,69818.80170807446,336883823.62737846,16
v100_usm_wg64_fixed.json,Clang-SYCL,inclusive_scan,double,8192,,323242.69305108185,75677.60746663639,607998758.4683342,16
v100_usm_wg64_fixed.json,Clang-SYCL,inclusive_scan,double,16384,,374752.06714739325,88013.20044985559,1049170790.9388994,16
v100_usm_wg64_fixed.json,Clang-SYCL,inclusive_scan,double,32768,,449840.85168810305,99693.85585208982,1748153372.3651695,16
v100_usm_wg64_fixed.json,Clang-SYCL,inclusive_scan,double,65536,,591079.4456475577,117905.1178343932,2654305666.337574,16
v100_usm_wg64_fixed.json,Clang-SYCL,inclusive_scan,double,131072,,865821.8930332919,163815.487330455,3632822852.7361717,16
v100_usm_wg64_fixed.json,Clang-SYCL,inclusive_scan,double,262144,,1192845.7772340423,174244.32685106184,5273288241.870659,16
v100_usm_wg64_fixed.json,Clang-SYCL,inclusive_scan,double,524288,,1891168.0711875833,211623.5408232127,6651992114.569595,16
v100_usm_wg64_fixed.json,Clang-SYCL,inclusive_scan,double,1048576,,3420770.2906403956,434340.1724137936,7347220819.342653,16
v100_usm_wg64_fixed.json,Clang-SYCL,inclusive_scan,double,2097152,,6508167.476958523,879905.7407834185,7712836289.09866,16
v100_usm_wg64_fixed.json,Clang-SYCL,inclusive_scan,double,4194304,,12926259.513157897,1645716.526315791,7785803366.675467,16
v100_usm_wg64_fixed.json,Clang-SYCL,inclusive_scan,double,8388608,,25680147.147959188,3092639.500000233,7834149259.402028,16
v100_usm_wg64_fixed.json,Clang-SYCL,inclusive_scan,double,16777216,,51249243.72916667,5852084.458333332,7853464002.338219,16
v100_usm_wg64_fixed.json,Clang-SYCL,inclusive_scan,double,33554432,,101999369.1875,11265877.470833216,7892563015.106009,16
v100_usm_wg64_fixed.json,Clang-SYCL,inclusive_scan,double,67108864,,213229039.08333337,22077547.00000149,7431111392.424881,16
v100_usm_wg64_fixed.json,Clang-SYCL,inclusive_scan,double,134217728,,463945834.4166667,43864821.58333157,6936182930.649426,16
v100_usm_wg64_fixed.json,Clang-SYCL,inclusive_scan,double,268435456,,893320490.125,87592936.25000453,7208877426.602123,16
